{"type":"FeatureCollection","features":[{"type":"Feature","geometry":{"type":"Polygon","coordinates":[[[-73.57876145937757,6.24077502269577],[-73.57869451670499,6.23981633414148],[-73.57814603525703,6.238755067079001],[-73.57318753193333,6.2319281725233],[-73.56911196737468,6.229078763556369],[-73.56788123991578,6.229145681818273],[-73.56685116504227,6.229043085670492],[-73.56390819427429,6.228285098338957],[-73.56294945078824,6.227803471866067],[-73.561683101052,6.226809093128183],[-73.55931977280447,6.224922871415931],[-73.55630983569316,6.2215607519953915],[-73.55589959876887,6.220735790893476],[-73.5554893610381,6.218849614885346],[-73.55535564043812,6.218167406486786],[-73.55468676655416,6.198730156910904],[-73.56023827395343,6.195582014595974],[-73.55863752180288,6.187421894431433],[-73.5579195921997,6.186632611492804],[-73.55726851984477,6.186084120566014],[-73.55624297566675,6.185638211460749],[-73.55336680599922,6.184675057153473],[-73.55120864173276,6.184055219328117],[-73.54994671415632,6.182133398017947],[-73.55080288818398,6.179841361630211],[-73.55574350183471,6.169906526308916],[-73.55845464724179,6.163119736796788],[-73.55931977280447,6.154723294543823],[-73.557170476889,6.14961314274179],[-73.55450388853036,6.142277929540068],[-73.55389297591633,6.1393616771138015],[-73.55362103924685,6.127598595397877],[-73.54823884903028,6.117908946147689],[-73.54692792456615,6.115648192856566],[-73.54562579916225,6.1136593888451145],[-73.54507291690553,6.112896936215665],[-73.5446492671911,6.112357326967914],[-73.54276754750452,6.1103863993636605],[-73.5418043930968,6.110876931170564],[-73.53690380346018,6.113735247484683],[-73.53442901963922,6.117766284410084],[-73.52707594604952,6.12691634977209],[-73.52642495747864,6.138135439075766],[-73.52676829285943,6.139062879184077],[-73.5270402644143,6.1398833725958895],[-73.52700467265122,6.14091347402718],[-73.52669692947835,6.141667025790227],[-73.52135044901527,6.146389200878435],[-73.52042296888168,6.147178484302341],[-73.51977195969143,6.147655581703655],[-73.51871072859741,6.148034599120405],[-73.51740860771444,6.147998956929924],[-73.51593713939508,6.14765112053015],[-73.5144656607831,6.147067007511719],[-73.50538686598533,6.148774838816734],[-73.49911298931103,6.155552641883897],[-73.4916751710556,6.1631866342752355],[-73.4839341399117,6.162870020622611],[-73.48174029285559,6.163623681584974],[-73.48327420822366,6.170205304683132],[-73.48112494362258,6.1798056932452265],[-73.48087080251935,6.186003860102322],[-73.48145046314002,6.18579875243202],[-73.48207030629517,6.18573184325387],[-73.48268565278192,6.185972654160201],[-73.48340356973965,6.186280311394794],[-73.48398322342872,6.186726278791383],[-73.48706449483959,6.190226646815648],[-73.48815689888225,6.191702618116512],[-73.49003865769377,6.194721387483455],[-73.49079223748811,6.196299959807578],[-73.49092608908768,6.197601968961062],[-73.4909929699089,6.199381197301294],[-73.49140315383761,6.200857130069013],[-73.49242874501694,6.202261772324904],[-73.49359258586442,6.203086684007761],[-73.49472073319023,6.2036039076303915],[-73.50403576363213,6.206595963857197],[-73.51078238004297,6.206707466984691],[-73.5186527548634,6.210997146635488],[-73.51981654080755,6.211719519152511],[-73.52015988698999,6.212027176695954],[-73.52546622191196,6.218283287384909],[-73.52800789069094,6.221400201382651],[-73.5281595144301,6.222425806158272],[-73.52825766085846,6.227772262889629],[-73.52819968975935,6.232913590177983],[-73.53227973749289,6.2396691818335785],[-73.54084123425623,6.244337846595102],[-73.54149226792646,6.244373484854347],[-73.54224584316196,6.244204059756358],[-73.54481426960024,6.243312202337566],[-73.54604944689838,6.242563132283411],[-73.54659792295337,6.2417381639054765],[-73.54683868398531,6.240984620574445],[-73.54694131514346,6.23992328601012],[-73.54687436224829,6.238995831879918],[-73.55458413920131,6.237189871391366],[-73.56355144048842,6.241582108974554],[-73.56656576609495,6.243610978478993],[-73.57032929848097,6.246455917786815],[-73.57402581861986,6.24927407324552],[-73.57712490702647,6.253465588302395],[-73.57769127259148,6.251606189067172],[-73.57869011376336,6.241497365535019],[-73.57876145937757,6.24077502269577]]]},"id":"00060000000000000618","properties":{"continent":"America","disp_en":"Aguada, Santander, Colombia","gaul0_code":185,"gaul0_name":"Colombia","gaul1_code":1940,"gaul1_name":"Santander","gaul2_code":114296,"gaul2_name":"Aguada","iso3_code":"COL","map_code":"COL"}},{"type":"Feature","geometry":{"type":"Polygon","coordinates":[[[-73.88022343455562,5.707555730318577],[-73.8784531280951,5.707537887704515],[-73.87434630723772,5.708006050955428],[-73.86502228805148,5.710204430645414],[-73.8620213807432,5.711033795875897],[-73.86114292205087,5.7115064458123515],[-73.86050081023131,5.71216199029935],[-73.85725459601136,5.716683520605006],[-73.8569067937816,5.7172988522258],[-73.85618884404555,5.719786992534194],[-73.85464597457023,5.726203629200887],[-73.8478637201178,5.7325534644239236],[-73.84239241238376,5.736508663692196],[-73.83902573731352,5.738586570784778],[-73.83708159002087,5.739745992075003],[-73.83680069935856,5.739799464214357],[-73.83639488792626,5.739861895946725],[-73.83556549363524,5.739924284621924],[-73.82653140366416,5.740561993859776],[-73.82583578002443,5.740593172400688],[-73.8244088060627,5.740557486037491],[-73.8234188929259,5.740410343105125],[-73.81921399550622,5.737476301008273],[-73.81881263548198,5.7363793405022925],[-73.81862981536248,5.734252377723553],[-73.81893747720451,5.7229529713280005],[-73.82008797389159,5.717512857581514],[-73.8204045186138,5.716696850171374],[-73.82039114602307,5.716567564794435],[-73.82016820954524,5.716054777785819],[-73.8187770048681,5.715033587028966],[-73.81452749217397,5.714980138291106],[-73.81150867451552,5.715693561213673],[-73.79690066458227,5.727813390004203],[-73.79116620328308,5.735081747584442],[-73.78027713044864,5.749680848207002],[-73.77472998912441,5.757239029342178],[-73.77117607161958,5.762273322782037],[-73.76889299932863,5.765617665379268],[-73.76687751464137,5.768623131195828],[-73.76270823106208,5.773184748508532],[-73.76162913358152,5.773452317311482],[-73.76111193679718,5.773759999220796],[-73.75990795209665,5.774754380811305],[-73.75920338741737,5.7753474046756015],[-73.75868618437379,5.775860180303317],[-73.75820902051454,5.77645324730576],[-73.75761595318313,5.77748780708427],[-73.75319249180237,5.787248721559451],[-73.75439202788537,5.7965103116400485],[-73.75490484285979,5.803497698005867],[-73.75114578532721,5.8256996217578],[-73.75072669138957,5.82707742086983],[-73.74930869654662,5.829583494798534],[-73.74852383021167,5.830729470842415],[-73.74426097026495,5.835572014824955],[-73.74249959622301,5.837293258901981],[-73.73817869667873,5.841003186866762],[-73.73878519944859,5.850496644584204],[-73.7373716097001,5.862607538283189],[-73.73694359819397,5.862928638917554],[-73.73658687635053,5.863352215388339],[-73.73633269032717,5.863704493378624],[-73.7361320169242,5.8641637719365365],[-73.73589120857669,5.865697758927794],[-73.7366314104989,5.871784432187513],[-73.7383927461255,5.874254773201432],[-73.7387227086481,5.874415300819536],[-73.73920880755308,5.874312726789498],[-73.73981072817557,5.874013914068586],[-73.74017193355587,5.873483337896598],[-73.74173705959313,5.870625005535912],[-73.7438730167914,5.870500209841029],[-73.74996418597308,5.867784592816572],[-73.760072960643,5.865015459029195],[-73.76339940700201,5.859437146973618],[-73.76990526753079,5.8533861225989545],[-73.78232829671074,5.849707363370136],[-73.79587946754337,5.84452590998987],[-73.79829184301073,5.842563941863696],[-73.79936652370709,5.8406509556139925],[-73.8010431145287,5.83663328273347],[-73.80217127564214,5.824357418635427],[-73.80883769837457,5.820125678684597],[-73.81075061961474,5.820174798793959],[-73.81364011623033,5.818886066963625],[-73.81430894693476,5.818573940798332],[-73.81930320645665,5.812643359307332],[-73.82004785605258,5.81092212347327],[-73.82124286157726,5.808072762536752],[-73.82193850135361,5.804509943995536],[-73.82126960664283,5.802333896961557],[-73.82100655350865,5.8013752201899065],[-73.82077024515817,5.798120016875582],[-73.82079250285,5.797571575642461],[-73.82210794594525,5.793932982828613],[-73.82237099761676,5.793290848297835],[-73.82280358268329,5.792546161603188],[-73.82318258745354,5.791926353456396],[-73.82370877733969,5.791493847791181],[-73.82481015474752,5.790824995295834],[-73.8254566905867,5.7905618522148075],[-73.82648231251342,5.79029880021985],[-73.82730725761947,5.789567489526079],[-73.8291220888475,5.788265439523227],[-73.82954128718583,5.788038051488328],[-73.82992476628347,5.787886380871398],[-73.84089412522889,5.783966852829985],[-73.84800640103369,5.785077154300597],[-73.8527062885399,5.788755936236504],[-73.85362040924022,5.789500638696175],[-73.85396373059396,5.789866274980713],[-73.85484222134737,5.791627608128705],[-73.85558682668092,5.793197180782028],[-73.86346163174434,5.793277462780202],[-73.85962683129962,5.774901504942619],[-73.86140601141935,5.775895867282974],[-73.86803669833478,5.780109721363449],[-73.8758892014373,5.782446273552162],[-73.87917548253392,5.7814920760004],[-73.87998262141933,5.781340424713334],[-73.88110629389392,5.781242337222784],[-73.88282749927414,5.781171020044255],[-73.89183047382534,5.781893368569703],[-73.89453262211302,5.782589008452936],[-73.89560731654062,5.78323553652267],[-73.89964281801869,5.790579690376113],[-73.90281763736506,5.7928092773889714],[-73.91038921451656,5.792786928763983],[-73.91480817178007,5.792260809418921],[-73.9155038389208,5.7916364918542325],[-73.91571787604752,5.791038999061223],[-73.91624399732184,5.788983326452701],[-73.91652943882278,5.7870927269640955],[-73.91648485543556,5.786254413228305],[-73.92112228029426,5.777046375347191],[-73.92972836294489,5.76848928726061],[-73.93560992039366,5.759878784961451],[-73.9415939983714,5.754171116392858],[-73.94858143734206,5.7491502160772185],[-73.95345522949178,5.747107936886622],[-73.96015722161037,5.7412932849845415],[-73.9619408645948,5.7395497756359015],[-73.95870799954466,5.739112796453369],[-73.94124616701494,5.738002410384983],[-73.93791967297533,5.739496244503206],[-73.93542702979528,5.74020080259558],[-73.93305481815803,5.740771549894625],[-73.92736056662183,5.742118187019763],[-73.92339641428804,5.741493916509814],[-73.91219511434726,5.737926645067341],[-73.90336613153677,5.7384751031750785],[-73.89981668128719,5.7374807020823],[-73.89825154744148,5.737757198222184],[-73.89443007770764,5.737904347351821],[-73.8940733698904,5.737882078891937],[-73.89354270300643,5.737824097670212],[-73.89254838279909,5.737690280605541],[-73.89117940113498,5.737489621551298],[-73.89017609719306,5.737320176553033],[-73.88916839194113,5.7369590259712275],[-73.8862298499977,5.735795190912146],[-73.88589537755216,5.735563296816384],[-73.88569027962706,5.735139672624209],[-73.88592211383626,5.734453039195408],[-73.88637250303955,5.733186593719268],[-73.88655534999391,5.732927998294456],[-73.88686299544071,5.732388435641831],[-73.88708146019886,5.731871211349283],[-73.88768795656479,5.730346153165118],[-73.88779499041759,5.730074145553319],[-73.88788417029717,5.729597044444769],[-73.887857344563,5.7291467083687575],[-73.88667126662034,5.726680812413017],[-73.88472705220055,5.723220533368971],[-73.88414297662911,5.722770175593082],[-73.87786903381192,5.722854845905665],[-73.87721800439955,5.722993113363031],[-73.87787343022701,5.71777148948456],[-73.87913537672448,5.716045818612299],[-73.88038843265504,5.7142175850286625],[-73.88244403353883,5.711109611376153],[-73.88305942659467,5.70939734859592],[-73.88314412261536,5.708313763599021],[-73.88305045455643,5.707573551372353],[-73.88022343455562,5.707555730318577]]]},"id":"00060000000000000619","properties":{"continent":"America","disp_en":"Albania, Santander, Colombia","gaul0_code":185,"gaul0_name":"Colombia","gaul1_code":1940,"gaul1_name":"Santander","gaul2_code":114297,"gaul2_name":"Albania","iso3_code":"COL","map_code":"COL"}},{"type":"Feature","geometry":{"type":"Polygon","coordinates":[[[-73.10353269866316,6.703067885875738],[-73.10351045582706,6.70277803021257],[-73.10348812293681,6.702577329071057],[-73.09475273447636,6.696428231943482],[-73.08492486809644,6.6914563235608915],[-73.083279479679,6.6902702556476985],[-73.0807199632369,6.686876830791691],[-73.08190164921855,6.685494538934511],[-73.08212905170203,6.685003999719738],[-73.0821959665287,6.684602752012832],[-73.0824233687218,6.6831534868392914],[-73.08249019340285,6.68250695372838],[-73.08244561359757,6.682016452302487],[-73.08195955807028,6.679581768568196],[-73.08089387076053,6.677419127903223],[-73.07794643122287,6.674975533105363],[-73.07689846766233,6.674123824153987],[-73.0696301384806,6.671479606008618],[-73.06175983531588,6.669165275743065],[-73.05964177982797,6.669093924679833],[-73.05415263310215,6.6689022130932445],[-73.05359527158667,6.6687907110867854],[-73.05299773676157,6.668367132470894],[-73.05257412921453,6.667988130645301],[-73.05232886342394,6.667470823268779],[-73.05135230128575,6.665129853044695],[-73.04939925475603,6.660171287617116],[-73.04935908215576,6.657785671968102],[-73.04731684572165,6.653768024225545],[-73.04219329604138,6.649897570289768],[-73.0409893387108,6.649246478183406],[-73.03849231891209,6.648417134286818],[-73.03766729933962,6.648194167791312],[-73.03601743158013,6.648145083913218],[-73.02365683379541,6.648319046975104],[-73.0065740321474,6.646142985927257],[-73.00483493561785,6.646027052094228],[-73.00401006746205,6.646000265772276],[-73.00296213116955,6.646000311705073],[-73.00184292787769,6.646040445225561],[-73.0005051562699,6.646218797468697],[-72.99798581135968,6.646923298958517],[-72.99526129555528,6.6476991621470445],[-72.9890987875762,6.6503211631422054],[-72.98788149296635,6.650856218312626],[-72.9873686614673,6.651177282030365],[-72.97453985258481,6.659163508402097],[-72.96564843066672,6.663190102322035],[-72.96272323474669,6.6651833547586365],[-72.96079242704862,6.667073975176286],[-72.95516057441769,6.674801574960389],[-72.94348221571573,6.685949344120598],[-72.93848797176044,6.6907116712408365],[-72.93671331874111,6.697016851985477],[-72.93582143638298,6.700423624863774],[-72.93536220172712,6.702630900278501],[-72.93544240564566,6.703460270549376],[-72.93570104056982,6.70397308264614],[-72.93970092457315,6.707576023958176],[-72.94849870249513,6.71345309496276],[-72.9542687612873,6.717033774358709],[-72.95569122731995,6.717038188552923],[-72.95770227299629,6.717167514042964],[-72.96068096450327,6.718429459976359],[-72.9672759967564,6.7225362695907185],[-72.97083429314262,6.72541244029439],[-72.97256895559497,6.72724063247833],[-72.97275618881298,6.727753468954455],[-72.97278294927521,6.728440128515578],[-72.97275177378692,6.7292784306629825],[-72.9726046362389,6.730277308060274],[-72.97113307551179,6.737576857928175],[-72.9697686389563,6.743217565415604],[-72.97400032184476,6.750401177208292],[-72.97795108553056,6.751208323784558],[-72.9802742276708,6.751680975073725],[-72.98113044357757,6.751970855279328],[-72.98196872666367,6.752287439176307],[-72.98268212989113,6.752844784922792],[-72.9830522553927,6.753357575758846],[-72.9832083061846,6.753968480435736],[-72.9832083061846,6.754583871151048],[-72.98151832106394,6.761000458199583],[-72.9809074475212,6.762721718417025],[-72.97920852599586,6.765927765511179],[-72.98516586989555,6.777378769856932],[-72.98704314082339,6.782310564540051],[-72.987114497726,6.783050734107061],[-72.98537543735759,6.789623443462534],[-72.98506333854138,6.790510855828678],[-72.98427407987467,6.79122428219263],[-72.98348031364,6.791558750342011],[-72.98238336214406,6.79191541869302],[-72.98224073554981,6.7931639971307405],[-72.98443904957028,6.806621552622688],[-72.98572330451725,6.8100104489334425],[-72.9860710810656,6.81063924688878],[-72.98670428533786,6.811160917834984],[-72.98800636708704,6.812146420677645],[-72.99027598322827,6.813684809693853],[-72.99314317689023,6.815223163220078],[-73.00007262440177,6.820641002926516],[-73.00417060887047,6.824243888193462],[-73.00464772791825,6.8245025323325486],[-73.00473691736067,6.824493633409752],[-73.00536565692202,6.824435668927482],[-73.00687727362173,6.823829262409208],[-73.0078136620796,6.822790277165187],[-73.00838888057311,6.8217869777202065],[-73.00846023099099,6.820814856528996],[-73.00832203458106,6.819989935849099],[-73.00817933363935,6.819057959299557],[-73.0083264489396,6.817983357955651],[-73.00861185055692,6.817158393733483],[-73.01045343937544,6.813970185303982],[-73.01531832809574,6.805725317371166],[-73.02190444174155,6.797846047013967],[-73.02408049397297,6.7912822225437965],[-73.02527994446355,6.7859046031703745],[-73.02532903937674,6.782105387428778],[-73.04014658288706,6.764902224774388],[-73.04924766170116,6.759555784117322],[-73.0574657900012,6.75252817373551],[-73.06523797616926,6.740800737033511],[-73.06763248323448,6.737157718933467],[-73.06654889665244,6.735976000445985],[-73.06204075812803,6.732096591853587],[-73.05896400878984,6.730393189965619],[-73.05125421249853,6.725626420681812],[-73.04434709043736,6.720926522065408],[-73.03810876939704,6.7164095211670585],[-73.03744435709285,6.715803020486038],[-73.03684236692122,6.715134176651243],[-73.03599959608188,6.713056259156806],[-73.03578115615646,6.710380789178222],[-73.03661942388455,6.70375899728009],[-73.04086007911775,6.7032997087493875],[-73.04589880807106,6.705292958322541],[-73.04980053001174,6.707040887850973],[-73.05387620429556,6.709484487140633],[-73.05793838657326,6.709600446019947],[-73.06612531388305,6.709105474453093],[-73.07594425469507,6.708391983977107],[-73.09047200094065,6.707571556767205],[-73.09105169765157,6.707705352750244],[-73.09408389199947,6.708137884690541],[-73.09473049078987,6.708204753312904],[-73.09522093205783,6.708182453397103],[-73.09848054779351,6.707901521094376],[-73.09926086390601,6.707790058707704],[-73.10001893419269,6.707589355034817],[-73.10055853318562,6.707281732661195],[-73.10201216621826,6.705408883537098],[-73.10245810606408,6.704739989404911],[-73.10353269866316,6.703067885875738]]]},"id":"0006000000000000061a","properties":{"continent":"America","disp_en":"Aratoca, Santander, Colombia","gaul0_code":185,"gaul0_name":"Colombia","gaul1_code":1940,"gaul1_name":"Santander","gaul2_code":114298,"gaul2_name":"Aratoca","iso3_code":"COL","map_code":"COL"}},{"type":"Feature","geometry":{"type":"Polygon","coordinates":[[[-73.63590031905186,5.911162699091246],[-73.6326362812839,5.91178695997672],[-73.62805234747069,5.915273990708031],[-73.61766703790279,5.924745179536078],[-73.61244992967283,5.927670318879984],[-73.60918138740637,5.92962337645008],[-73.6078748903799,5.930528625490219],[-73.60758954788585,5.930827323753098],[-73.60449936045828,5.935201712673122],[-73.60331322652704,5.937034386753152],[-73.60302338546326,5.937565074101351],[-73.60286283166747,5.93825172591544],[-73.59631685653575,5.952971248197022],[-73.59324015782757,5.9594280398594455],[-73.59247760244459,5.962527079010128],[-73.5908544561843,5.970335024091339],[-73.59114431429019,5.970883440363689],[-73.59131377237509,5.971431927688173],[-73.59173741698098,5.973153163494405],[-73.59179986293127,5.9735633929304495],[-73.59183104097424,5.974227782361672],[-73.59187120403709,5.975025999291366],[-73.59188459172296,5.975690407822238],[-73.59163040524395,5.978923195843319],[-73.59124243107735,5.981527360001452],[-73.59070737056136,5.984715626995382],[-73.58996268622062,5.988117885564417],[-73.58872300728332,5.990721981285654],[-73.58776437825473,5.994654909938099],[-73.58775099030272,5.995190023429534],[-73.58783122814987,5.995930221662741],[-73.58817014959835,5.997700495373171],[-73.58888806462265,5.998017127670339],[-73.5901678161148,5.99834263346091],[-73.59180875810829,5.998231166718559],[-73.60207802998156,5.997374960516346],[-73.60345590077618,5.997147550070412],[-73.60408463662787,5.996955823995838],[-73.60578799983955,5.996425160136279],[-73.60660854529014,5.996077365043626],[-73.60689838132537,5.995756301374081],[-73.6077767814812,5.994489926098239],[-73.60949799292318,5.993058599608162],[-73.61066630260927,5.992541292970894],[-73.61349783595041,5.99164502515563],[-73.61420236665388,5.991435440869334],[-73.61498712226184,5.991208073446599],[-73.6171275538302,5.990766631075683],[-73.61772058195686,5.990766598032407],[-73.61833148628713,5.991266022564119],[-73.61969155046806,5.992452122299641],[-73.61990105291804,5.992701833822799],[-73.62043621751457,5.992608218198791],[-73.62167579604305,5.992055296747909],[-73.62332124910186,5.99115456440793],[-73.63374660791855,5.983355530318813],[-73.64178192394147,5.975703724748769],[-73.64431022113395,5.972528846782512],[-73.64471147967465,5.971842137406462],[-73.64703026616439,5.9665983030058225],[-73.6476055123036,5.965086637120088],[-73.65663964695489,5.944289359877877],[-73.66212877399221,5.934604239440779],[-73.66323013854425,5.932294421134188],[-73.66331932887317,5.9317771414017315],[-73.66336396893254,5.931246550906472],[-73.66340851916316,5.9295253165218655],[-73.6631008888444,5.927349242754527],[-73.6601935124548,5.924861097205212],[-73.65642110996565,5.924192201047841],[-73.65431638830134,5.924187755661751],[-73.65350483590494,5.924428543318771],[-73.65202445185034,5.9238979072205495],[-73.65011146110359,5.922939174342188],[-73.64868009722828,5.922221311386435],[-73.64366364258993,5.918917134833436],[-73.63932042879946,5.91484593621786],[-73.63659596966006,5.912259671159569],[-73.63590031905186,5.911162699091246]]]},"id":"0006000000000000061b","properties":{"continent":"America","disp_en":"Barbosa, Santander, Colombia","gaul0_code":185,"gaul0_name":"Colombia","gaul1_code":1940,"gaul1_name":"Santander","gaul2_code":114299,"gaul2_name":"Barbosa","iso3_code":"COL","map_code":"COL"}},{"type":"Feature","geometry":{"type":"Polygon","coordinates":[[[-73.26657528054403,6.661196915757496],[-73.26655296380375,6.660006319193048],[-73.26653073704807,6.659332955051853],[-73.26635679236087,6.658267230035971],[-73.26620516431466,6.657433399520086],[-73.2659688583218,6.6568982890885104],[-73.26558092360347,6.656274042803859],[-73.26487191288389,6.655368872062347],[-73.26356537989108,6.654485925693252],[-73.26271814055698,6.65417382926332],[-73.26180853576453,6.653455926525493],[-73.2614160943175,6.652822697603477],[-73.26110842189709,6.65153845426433],[-73.26102374216508,6.644698227212677],[-73.26113514864957,6.6428699682197125],[-73.26120650996282,6.64203167167672],[-73.26371251034291,6.6328504051263515],[-73.26492986485422,6.629292004833301],[-73.26180403632515,6.6246545271508115],[-73.25910633600922,6.622331402616277],[-73.25884320543462,6.622157474715837],[-73.25792908523367,6.621644665043007],[-73.25732263936453,6.6214128290554655],[-73.25696150676659,6.621301314206074],[-73.25637287647086,6.6212032350374],[-73.25580206287725,6.621243385129757],[-73.25534283719144,6.621448467595555],[-73.24821270342873,6.623129521993274],[-73.23920085205783,6.6207840844591805],[-73.23760455287533,6.619843202982786],[-73.23471944957203,6.614327245134719],[-73.23540614660318,6.614099835905431],[-73.2357093546193,6.613872472415836],[-73.23623999015521,6.613457751801924],[-73.23650755742527,6.612940490141993],[-73.2366993452709,6.612307288433643],[-73.23692677250236,6.610461263703594],[-73.2382555116889,6.597891018428768],[-73.23867022357071,6.593021685465377],[-73.23827342135425,6.5881567945219475],[-73.2381842330065,6.587207031946902],[-73.23652987718303,6.583751231937547],[-73.236137481116,6.583403424889427],[-73.23520553768913,6.58276576353969],[-73.2260465451862,6.5681487985885125],[-73.22327298794112,6.561384415398404],[-73.21980824314404,6.559190499440925],[-73.212214418598,6.559413421934769],[-73.21121108814862,6.5600333081517945],[-73.20949883635446,6.561098975755583],[-73.20885220429872,6.561504785790727],[-73.20202086923635,6.568095339053817],[-73.18738609570116,6.578988908804331],[-73.18368503417291,6.588879230650433],[-73.18310089211614,6.590283825416545],[-73.18239188979989,6.591906907241617],[-73.1816517379751,6.592892401403494],[-73.18068851072795,6.593703916627506],[-73.17962283452044,6.5943861585051184],[-73.17810227023935,6.595068396389471],[-73.17705881747307,6.595447436465524],[-73.17601986104947,6.5956480944418105],[-73.17495416280417,6.595746244264041],[-73.16828780826373,6.596267943654061],[-73.16339617250351,6.596789622976649],[-73.15969066669453,6.5977215700094325],[-73.15443331618314,6.599509716341461],[-73.15773755202602,6.5998619931772105],[-73.1580273602302,6.599951156268704],[-73.1582147135195,6.600102747219787],[-73.15840197662368,6.600753772755167],[-73.15843762862022,6.601057006973383],[-73.15840197662368,6.601395901000819],[-73.15825036554548,6.601734788539],[-73.15515573081176,6.6062206535813],[-73.15384477704191,6.608476973392305],[-73.15267201574436,6.6118480087734355],[-73.15223499720263,6.616128759449604],[-73.15257388021594,6.617560165463531],[-73.15330071234779,6.618853233366677],[-73.15351030750602,6.61915199157606],[-73.15386260339905,6.619419605975816],[-73.15418806921846,6.6195310892273005],[-73.15456269195309,6.619620266948076],[-73.155030856962,6.6196202564410385],[-73.15563289773716,6.619584555807845],[-73.15771522444474,6.620191018911287],[-73.16035949701418,6.62161342669688],[-73.16295467320627,6.6231250538577795],[-73.1632267391474,6.623348009742993],[-73.16340508530674,6.623624531665543],[-73.16641939323546,6.628712342348703],[-73.1696121823377,6.637224747068974],[-73.17311695132243,6.63644888109886],[-73.17619378598273,6.63705978133964],[-73.18190145621811,6.6396995776885275],[-73.18448774317295,6.6411309510953025],[-73.191952250816,6.6459199864994565],[-73.19122095208245,6.655935193689005],[-73.19430663132441,6.6630786077976225],[-73.19479712791336,6.6635245587106775],[-73.19555514962602,6.664327191811254],[-73.1962686112624,6.66533492094247],[-73.19646484432087,6.665892305944932],[-73.19646484432087,6.666628060045908],[-73.19384286847142,6.672692435903113],[-73.18985196598943,6.6786007592934675],[-73.18712306074238,6.681182607872113],[-73.18607514874284,6.681896058546917],[-73.1844208583671,6.682605060286871],[-73.18211543590576,6.688268080613655],[-73.18121468537403,6.692548824063653],[-73.17929281415738,6.7050834002001265],[-73.1792705787255,6.705417775017282],[-73.17935528940771,6.707602790034367],[-73.17944450115449,6.708004112806685],[-73.18067068648406,6.709792153376321],[-73.18220464656117,6.711134365807708],[-73.18713197260945,6.714509943214447],[-73.19165348442448,6.7175064475274],[-73.19658078377218,6.720284420149501],[-73.2059671801034,6.7249843185991915],[-73.21918846264018,6.731632867348703],[-73.22382588405982,6.733759820543694],[-73.22548024404361,6.730054365588713],[-73.22594844162631,6.729216002187146],[-73.22636758653466,6.7285248486229685],[-73.22683578225796,6.727793589623875],[-73.23404166042894,6.719936596759755],[-73.23523676753193,6.718647944769648],[-73.23615980091083,6.717774006863034],[-73.23881737050473,6.716355948025061],[-73.24136799191645,6.715450803919996],[-73.24321409405061,6.7150494715883955],[-73.25546324566419,6.708240428712642],[-73.25792467570597,6.696798350458431],[-73.25871838928342,6.694586644436899],[-73.2606223903919,6.692459630825761],[-73.26091665510381,6.688642629153503],[-73.25924896992832,6.683554816596073],[-73.25595819759423,6.6777000641076],[-73.25555242708434,6.676420295267724],[-73.2554409278057,6.675394665341927],[-73.2563104227139,6.673909779342405],[-73.25779976904771,6.672536396235597],[-73.2584329406911,6.672237658481433],[-73.25878075237279,6.672166291966746],[-73.25991786329203,6.672242061757393],[-73.26059566357763,6.672505147442533],[-73.26146963773401,6.672732615852333],[-73.26241496937031,6.67280840532184],[-73.26358769693225,6.672799449652582],[-73.26398454394257,6.672737086356389],[-73.26452861014019,6.672371438668256],[-73.26507258501465,6.671925488025706],[-73.2654471125143,6.6716088786548156],[-73.26575036954056,6.6709979876452],[-73.26596435896685,6.670396025388805],[-73.2660313093589,6.669847579866908],[-73.26657528054403,6.661196915757496]]]},"id":"0006000000000000061c","properties":{"continent":"America","disp_en":"Barichara, Santander, Colombia","gaul0_code":185,"gaul0_name":"Colombia","gaul1_code":1940,"gaul1_name":"Santander","gaul2_code":114300,"gaul2_name":"Barichara","iso3_code":"COL","map_code":"COL"}},{"type":"Feature","geometry":{"type":"Polygon","coordinates":[[[-74.09403731006543,6.804057551949413],[-74.09322130171621,6.80331287412573],[-74.09077773661635,6.80232296538751],[-74.08643005717805,6.801743291339752],[-74.08199775870736,6.80281797617058],[-74.07988415030624,6.803727566335898],[-74.07926427830314,6.804351902341141],[-74.07864449389334,6.805051947303267],[-74.07229470111606,6.808231314957475],[-74.06534745501384,6.810113036152741],[-74.06440654950931,6.808900157147377],[-74.06770628642703,6.805564746326767],[-74.07072066450867,6.8023542216812825],[-74.07125129046595,6.799580656205756],[-74.0650665373508,6.797199460053743],[-74.06371097379403,6.797030008860568],[-74.0590958179757,6.797083533974796],[-74.06020168362892,6.799527167507857],[-74.06046916284964,6.799264039049011],[-74.06119155206092,6.798907308530571],[-74.06149031329055,6.79882703062856],[-74.06273438476153,6.79869773739853],[-74.06380455397465,6.7992729838038475],[-74.0649595124518,6.8000131377898265],[-74.06528497910506,6.8004100388238085],[-74.06540544913166,6.800945129581483],[-74.0655525407789,6.8015828104627],[-74.06560157130257,6.801988536794417],[-74.06542767871152,6.804173497399559],[-74.06520027357169,6.8048601886634055],[-74.06515124294404,6.804918200417746],[-74.06164637169923,6.808012810028028],[-74.05259889500903,6.812097304095826],[-74.04182126428255,6.816114954028409],[-74.037264026961,6.817287692805781],[-74.03456181649516,6.818861784727441],[-74.03433885686782,6.8190535670186785],[-74.03362981303566,6.819775891731247],[-74.03311261907378,6.82034663816057],[-74.03414709524235,6.822143712023313],[-74.03496308937623,6.821448049668886],[-74.03496308937623,6.8214168332856255],[-74.03496308937623,6.821376686668714],[-74.03496308937623,6.821162677183657],[-74.0349943771502,6.82099326854762],[-74.0357613294279,6.820324406398785],[-74.03759402355881,6.818910859893111],[-74.03809345497358,6.818594209165917],[-74.03879351737142,6.818393615775877],[-74.03952477457301,6.818228606839803],[-74.04043442699475,6.818166180307573],[-74.04079113291083,6.818175123157409],[-74.04288697955712,6.818585352894807],[-74.04422019098966,6.818977700797597],[-74.04541973262839,6.820275343406957],[-74.04718994139715,6.82232648463874],[-74.04993231153132,6.8304064254103825],[-74.05018653813639,6.833871119788808],[-74.04969601315433,6.834664818985955],[-74.04742633253794,6.834705000488832],[-74.04352014857923,6.8337863661975415],[-74.04127271621208,6.83503045244385],[-74.03664419480288,6.837398263487674],[-74.0266647447068,6.84102348791557],[-74.02630801231557,6.842459317158568],[-74.0256347106072,6.845108060725156],[-74.02518428747089,6.846664282485012],[-74.02477851125808,6.8479797338716235],[-74.02359686018653,6.849964005475043],[-74.0201187470077,6.850178045611132],[-74.01990473616844,6.850044292410717],[-74.01939638101328,6.849861423486336],[-74.01909316041527,6.849781173233048],[-74.0179427647,6.84970096969689],[-74.01673435309924,6.849674215922586],[-74.01489267177037,6.8497633802251485],[-74.01094197634262,6.850008583153975],[-73.95164038611902,6.8872109150107645],[-73.9494019212868,6.888914257585109],[-73.87959466401531,6.883554407472163],[-73.87953670361563,6.883563323613393],[-73.8794965978801,6.883706059326952],[-73.87891690309921,6.884557694679518],[-73.87722240082923,6.885984612508469],[-73.87698167372778,6.88617191405595],[-73.87678993523232,6.886220971972836],[-73.87443997945782,6.885998043730171],[-73.87373537304941,6.885574412161248],[-73.87313789569691,6.885128462845843],[-73.87295063969316,6.884932291156161],[-73.87281685965955,6.884767289084562],[-73.8725805236831,6.8844551992669905],[-73.8723976636851,6.884205426324131],[-73.87068094274352,6.879086399531193],[-73.87063634889324,6.878890178546684],[-73.86998080915217,6.874814602420058],[-73.87019938246,6.8730265211817265],[-73.87026174220557,6.872799061038045],[-73.8704579733908,6.872384379091638],[-73.87063186258983,6.87208558886598],[-73.87089054267669,6.871702140542356],[-73.87110902524542,6.8713275873831545],[-73.8713141384335,6.870966407555896],[-73.87139883952999,6.870810298439226],[-73.87140772237592,6.870533824056265],[-73.87138547039748,6.870261813985292],[-73.8710778006468,6.869405667917265],[-73.8708593180433,6.8688260486607655],[-73.87036429926926,6.867822739223481],[-73.87021714826004,6.867675589941607],[-73.87004325869353,6.867675546995783],[-73.86421966379244,6.86954392639341],[-73.85850761215588,6.8811688268959745],[-73.85506511868407,6.891331118176357],[-73.85521228103856,6.893003248221237],[-73.85527024861871,6.893837092307423],[-73.85523013792653,6.895063335845288],[-73.85511868938316,6.895678689025455],[-73.85321911912065,6.902514561040911],[-73.8529604157768,6.903406376634306],[-73.85260372226348,6.904409627128257],[-73.85239858955035,6.904984895512053],[-73.85191707421451,6.905965902172966],[-73.8513774992573,6.906786370686448],[-73.8509672310629,6.907361600721811],[-73.85052133712404,6.907901125425394],[-73.84631638830655,6.912895328435363],[-73.84605776563609,6.913194074317437],[-73.84546029392261,6.913599869427719],[-73.84483150189584,6.913858440550619],[-73.8429452932642,6.914424748396032],[-73.8410412981653,6.9113791948553205],[-73.84079155280648,6.910612224088887],[-73.83814735555825,6.898594982456337],[-73.83826769803832,6.897975137168917],[-73.83918628296387,6.895353197531283],[-73.83940928774506,6.894831473237809],[-73.84132218279416,6.892972026910947],[-73.8419420120925,6.892552866307049],[-73.84263318183281,6.8923790149132165],[-73.84340457537539,6.8924548106833505],[-73.84352051746654,6.889551885383035],[-73.84007812109706,6.884869865474599],[-73.83385769503039,6.8851418788933145],[-73.82408778037738,6.887331307651448],[-73.80692466895088,6.89177255921829],[-73.80156936312598,6.8902163097409055],[-73.80410652063901,6.88285877147885],[-73.7976720566742,6.876036378913436],[-73.7930257070246,6.872486978369939],[-73.7815568452292,6.869383438347876],[-73.77687923965087,6.863069294754738],[-73.77470772627977,6.860237817581751],[-73.77423499932397,6.859796312031138],[-73.77357949951909,6.859328124992118],[-73.76904013582829,6.856126502454197],[-73.76623985562335,6.855301525660239],[-73.7586816955375,6.857544495529878],[-73.74877800082815,6.8604161299727675],[-73.74535344897035,6.863787236814543],[-73.74373475038753,6.867292074786957],[-73.73743850044485,6.878323891755681],[-73.7382455871553,6.879697318443015],[-73.74240595152945,6.885164182833115],[-73.74271364107318,6.8894984283330745],[-73.7413358131482,6.894327623811242],[-73.73930685321874,6.901948215871838],[-73.73792011315088,6.902840001069344],[-73.7318512958565,6.902697336083498],[-73.7241057933937,6.898871477251219],[-73.71812617567001,6.89763628116789],[-73.71023799612733,6.897252802270094],[-73.7026486387691,6.892379022319215],[-73.6980735505663,6.88840144457921],[-73.68768829412592,6.885240005928483],[-73.68609194528453,6.888512916163818],[-73.68530270219543,6.8898997091732515],[-73.68291708228323,6.893203950713391],[-73.68084361880389,6.8939039789511725],[-73.6741727734494,6.893694417570321],[-73.66335947798134,6.893462537794509],[-73.66234281390635,6.897591717901582],[-73.65691162772346,6.896454584316544],[-73.65245695397203,6.894274104920324],[-73.65213143221098,6.8939128881278995],[-73.65033000483011,6.891549617793573],[-73.65017838060074,6.891290938334362],[-73.65011146110359,6.89089857884069],[-73.65016050546203,6.890296625659935],[-73.65036566525164,6.8897837741145675],[-73.65067780595588,6.889253180048959],[-73.65105237417292,6.889012339676455],[-73.65080266210435,6.8827785463189715],[-73.64048874887462,6.8768434742548274],[-73.63654243051825,6.879380683163948],[-73.62980923323504,6.882194390960839],[-73.62955500362168,6.88205616164567],[-73.62909577251283,6.882024951915277],[-73.62843576074877,6.882114173953434],[-73.62797203541423,6.882221151980005],[-73.6277401723549,6.882359369888794],[-73.62756625243023,6.882631405577999],[-73.62752618614574,6.88646174476706],[-73.63426385997694,6.892053476053642],[-73.64546063723908,6.900730917009156],[-73.67029338897709,6.919962962310152],[-73.68277886401656,6.929594664124854],[-73.69888070470519,6.941950835568825],[-73.7030811232172,6.945518123443226],[-73.66239293316562,6.997637151174859],[-73.62170481348267,7.04975630421913],[-73.58101665106106,7.101875399996838],[-73.54032842248786,7.153994417928563],[-73.55141821335668,7.163701925351414],[-73.55323308403953,7.165788755412498],[-73.55437457075492,7.166573581711602],[-73.55566774490401,7.167171122899368],[-73.5575762180612,7.167563498299697],[-73.55948476362302,7.1674653550359055],[-73.56150912563612,7.167014998265624],[-73.56260159178832,7.1667340676178855],[-73.56320807562547,7.166734091950051],[-73.5643407012564,7.1671398963891475],[-73.56538858116457,7.167906822858525],[-73.56834051705499,7.1710103553938165],[-73.56881318235423,7.171915578821887],[-73.5687329371614,7.177962144363297],[-73.56824238944768,7.182398946200625],[-73.56804622395482,7.183125768012903],[-73.56790352534917,7.183634128293],[-73.5719166616655,7.1837366151349284],[-73.57819509672993,7.186117812678245],[-73.58207451064683,7.184989623742299],[-73.58971739265093,7.181324257063741],[-73.59783744383192,7.186782182386179],[-73.60591737544728,7.1889314952584105],[-73.60757616121631,7.188690678132183],[-73.60906989255571,7.188931517934989],[-73.61072874284392,7.189417516276341],[-73.61185688639051,7.19010867349003],[-73.61306974387976,7.191036202958956],[-73.61432275293988,7.192489845586055],[-73.61722565828282,7.199557519143964],[-73.61794796435369,7.201697894051591],[-73.61794796435369,7.20319173863807],[-73.61758231968143,7.204966435467328],[-73.61770270399404,7.206660864802345],[-73.61895128281517,7.210014129091415],[-73.62003931363776,7.211467838880358],[-73.62169807568745,7.212194641782312],[-73.62335242238679,7.212239244171779],[-73.62642921136606,7.210830118620241],[-73.64620530073789,7.221184147781017],[-73.64879157060714,7.223953246077783],[-73.64986174788771,7.2250457700266795],[-73.6520868795235,7.226615390110513],[-73.65367873384486,7.227297592141687],[-73.6548827215202,7.227591938457512],[-73.65726831001278,7.227957563256986],[-73.6590876404917,7.227939740983283],[-73.66029608734505,7.2278461173211275],[-73.66172745977632,7.2276677421555995],[-73.66365821584039,7.22732880901476],[-73.66457239049497,7.227199549160245],[-73.66554000281361,7.227364532570642],[-73.66622666077421,7.227765795478326],[-73.66683310941602,7.228613018024432],[-73.66707390998394,7.229625230635858],[-73.66727007107214,7.234748775074873],[-73.66624893557848,7.238998268916249],[-73.6704717634237,7.243136311814277],[-73.68238648169404,7.2493522866524955],[-73.69390428070187,7.25444461215908],[-73.69887621453752,7.254935127947708],[-73.71368487524799,7.254386631316935],[-73.71831788751265,7.253958567996795],[-73.72219734184326,7.251167190097445],[-73.72280380290162,7.24971350755883],[-73.72503334425622,7.246324627292517],[-73.72648697758854,7.2444294800240385],[-73.72920700100153,7.241927937276644],[-73.7323953249165,7.239145424105741],[-73.74242381854529,7.233179174847483],[-73.74488972085648,7.231850355097601],[-73.74650832035712,7.231364337207088],[-73.74804224289856,7.231368781440307],[-73.74941571537461,7.231689826227326],[-73.75087384122438,7.232461286936999],[-73.75692035820168,7.237491140494508],[-73.75826252756262,7.239038459900418],[-73.76068828511262,7.242436256060075],[-73.76258784285415,7.2433280803863385],[-73.76480850437534,7.2441752815898095],[-73.76606147591745,7.244581119091878],[-73.77940315666197,7.243903269504331],[-73.78796902985873,7.243301333481356],[-73.78999345751856,7.2427795755658595],[-73.79245940218654,7.241731723774715],[-73.7931059536094,7.240924634633238],[-73.79371237977531,7.239430862114951],[-73.79363662148607,7.235796664803643],[-73.79376138926936,7.231533750486448],[-73.79382835093952,7.229585105512433],[-73.79460864123493,7.228291965349018],[-73.79626740993794,7.225910854243292],[-73.80144002260545,7.219347052767968],[-73.80255031982423,7.218000354338153],[-73.80375871467363,7.216961397234942],[-73.80520791713965,7.2162211940086145],[-73.80984985348007,7.214040665673236],[-73.81284634803995,7.212698474033342],[-73.81516957400122,7.212029624686714],[-73.81678374453125,7.212297216056201],[-73.81796099923221,7.2132425320274445],[-73.81893307947443,7.215088567040331],[-73.81933434950534,7.2171398125406],[-73.81920062283514,7.219489732256672],[-73.81813933247095,7.2213223867428455],[-73.81627988420404,7.224064762518449],[-73.8143356929359,7.225152805888231],[-73.81280183086966,7.225678939420121],[-73.80790568896886,7.228862746505819],[-73.80681768093037,7.230115758454921],[-73.80624692758899,7.231404463105894],[-73.80641189782217,7.232737750948618],[-73.80717885502354,7.233504643732933],[-73.80976512596496,7.234637281145119],[-73.8123514529681,7.235123330020582],[-73.81489753762955,7.2350831948902075],[-73.81788964794177,7.234882556613018],[-73.82714670231952,7.231457916537742],[-73.83297031597144,7.227868372686245],[-73.83473169848317,7.226771448250989],[-73.83608725322871,7.224773757968809],[-73.83739819729166,7.223025819732492],[-73.83877607914512,7.22161675063485],[-73.84076481038139,7.220105091153047],[-73.84308358054619,7.218459706859733],[-73.84527301156342,7.217251260995867],[-73.84735984926448,7.216212311515035],[-73.84937981173668,7.215543419340559],[-73.85069075719797,7.215877876023864],[-73.85119461953343,7.216381693765006],[-73.85205526546751,7.216332657108153],[-73.85365163661235,7.215579080547572],[-73.85903379759276,7.211815585252305],[-73.86240039991046,7.209233759713584],[-73.86515607339727,7.206411213483712],[-73.86563764605066,7.205523788947771],[-73.88532906989771,7.190233534681868],[-73.90159145934025,7.190518945013691],[-73.90310300883009,7.190768625880029],[-73.9050650721269,7.1915757831744695],[-73.90717863474843,7.193136455315103],[-73.90844954228965,7.1947639867553015],[-73.91067017921851,7.197631243769866],[-73.9129308897055,7.201100417975784],[-73.91381826589438,7.202759194756885],[-73.91446486742744,7.2044135184697815],[-73.91563758972624,7.207035445102467],[-73.91826396685725,7.209942771935296],[-73.91987818713297,7.211356287057107],[-73.9227498424522,7.213117637236498],[-73.92349454806062,7.213456560305201],[-73.92461375395128,7.208872620017303],[-73.92496601049423,7.207418922481455],[-73.92639297036625,7.204944150085609],[-73.9284887201791,7.202563015871273],[-73.93086986779666,7.199040315904633],[-73.93648391800626,7.187905874102064],[-73.93876693114619,7.182291905194869],[-73.93876693114619,7.176771519675268],[-73.93791079315909,7.171630225550945],[-73.93572141271399,7.168299221901509],[-73.93277388581498,7.163728665282499],[-73.93134257764613,7.15934984084465],[-73.93053098704777,7.15115842858591],[-73.93058444736405,7.145736171994674],[-73.93064248228802,7.143965958116509],[-73.93086986779667,7.141450996718775],[-73.93138715762373,7.138137854081361],[-73.93235472897959,7.135400035190383],[-73.93326883594702,7.132599683221187],[-73.93326883594702,7.129687866184587],[-73.93326883594702,7.126887543519914],[-73.93315743191364,7.124831948877825],[-73.93264014680754,7.122892204671698],[-73.93110173795215,7.119066337865674],[-73.92927349928674,7.115298333251672],[-73.92550556186713,7.111013201603744],[-73.91368451383853,7.097136484774364],[-73.89747570434511,7.083192849765638],[-73.89504543304747,7.0816232441204425],[-73.89285601881657,7.079719218180866],[-73.8919998582348,7.078577645708027],[-73.89105011939051,7.077244381239895],[-73.89023854029632,7.075768459768487],[-73.88943144370614,7.074056124318262],[-73.88871800917535,7.0724865462484665],[-73.88838354098411,7.071104192172972],[-73.88804916193897,7.069677314650106],[-73.88761663053648,7.067247134876666],[-73.88773254653405,7.064451241054512],[-73.88815170969188,7.059394623315367],[-73.88779499041759,7.055706940483413],[-73.8866623844664,7.0479748527995945],[-73.8858908915981,7.042918253926474],[-73.88264025252903,7.023735204634218],[-73.8815655765634,7.021304994550791],[-73.88128017364816,7.019806741697212],[-73.88128017364816,7.017737673256284],[-73.88128017364816,7.015740048499027],[-73.88142292001834,7.012881730680935],[-73.88221219521012,7.010241982302933],[-73.88420981793107,7.005243309800119],[-73.88570813374194,7.002032749710907],[-73.88870464122482,6.997533550200956],[-73.89120613669672,6.994180235225627],[-73.8979840218747,6.985899699318576],[-73.90505170529546,6.978546636943392],[-73.91561973834975,6.969124545432872],[-73.94024733683081,6.954418435336883],[-73.9508466390346,6.950583620094068],[-73.96300218174197,6.944100082721063],[-73.97789112578499,6.934316844738297],[-73.99391708992218,6.923672972965853],[-74.00629559293935,6.916578505859501],[-74.0082619878081,6.915383464886429],[-74.01064761878288,6.913278776699852],[-74.0133854941959,6.909769512934472],[-74.014999724859,6.907245614236747],[-74.01668082704863,6.904507727539923],[-74.01773314465757,6.90240302400944],[-74.01850455962375,6.900155690098216],[-74.01892819099342,6.898331860805161],[-74.01941870563317,6.89636541668423],[-74.02005186304267,6.895241730618308],[-74.02094367720083,6.893868335309123],[-74.02295923177137,6.891313284814021],[-74.02720876255916,6.887010239845995],[-74.03099003818618,6.883594566837707],[-74.03903431170473,6.876410955098109],[-74.04457697944444,6.872023187748343],[-74.046574623828,6.870667626008101],[-74.04871495938654,6.870096851604022],[-74.0510025530374,6.8691693590653875],[-74.05471244975355,6.865882984313503],[-74.05842693509014,6.862529731592059],[-74.06200760922242,6.858686007658297],[-74.06373320357294,6.856661590632698],[-74.06491935569014,6.854699613170522],[-74.0772354290968,6.841888582413144],[-74.07885404668072,6.8394138137196965],[-74.07904137125952,6.837318026833775],[-74.07913942529505,6.8324620187873855],[-74.07918845229372,6.829973874784398],[-74.07921525132417,6.828426590399777],[-74.07936681366223,6.826522520206381],[-74.0798707060247,6.82467644803112],[-74.08076259758568,6.8225940853786184],[-74.08123968748187,6.821497098195354],[-74.08442351237987,6.816288887128224],[-74.08552044649771,6.814741576986979],[-74.08968522467005,6.80900273370358],[-74.09120129614695,6.807250272229867],[-74.09403731006543,6.804057551949413]]]},"id":"0006000000000000061d","properties":{"continent":"America","disp_en":"Barrancabermeja, Santander, Colombia","gaul0_code":185,"gaul0_name":"Colombia","gaul1_code":1940,"gaul1_name":"Santander","gaul2_code":114301,"gaul2_name":"Barrancabermeja","iso3_code":"COL","map_code":"COL"}},{"type":"Feature","geometry":{"type":"Polygon","coordinates":[[[-73.54032842248786,7.153994417928563],[-73.5360030847541,7.1501506960820995],[-73.53393857110424,7.147858740403556],[-73.53345252531803,7.147167598817026],[-73.52442281568158,7.133812517709167],[-73.52235378394748,7.11280129791015],[-73.52664345186578,7.093328387196759],[-73.52767794914672,7.087277364694579],[-73.52774931219425,7.086416758067567],[-73.52771363067353,7.085235082156521],[-73.52657658236132,7.072218969267778],[-73.52538596007831,7.059559637316145],[-73.52496236044131,7.052420568353766],[-73.52557326760201,7.048438641594743],[-73.5258095588607,7.047502192296941],[-73.52602364983616,7.046222464323285],[-73.52576497901636,7.043270483086844],[-73.52537256812323,7.0424500347402015],[-73.5199012988309,7.04290488991188],[-73.51854130143836,7.043136750258542],[-73.51553140745253,7.043761004168573],[-73.50841910688078,7.04842073576819],[-73.50482057438906,7.050855435604184],[-73.50270254045009,7.052656910409675],[-73.49442642665186,7.0595729431050644],[-73.49185801389307,7.057753657635327],[-73.49375313373191,7.041509186754013],[-73.49338745117761,7.029665822507014],[-73.49984424406972,7.018058746806233],[-73.50006276605112,7.016984107761017],[-73.50055769817607,7.0144246046624295],[-73.50071374627701,7.012752436707022],[-73.50088318777664,7.009555255929418],[-73.50125775638082,6.997809971651658],[-73.500999145011,6.99447454795989],[-73.5001876228118,6.991112406148019],[-73.50007166513153,6.990728947227078],[-73.49826568345627,6.986287682127375],[-73.49402514792556,6.981569897204969],[-73.49098398055244,6.98169923232109],[-73.47752199080558,6.974743062835056],[-73.4619507740131,6.963309928066145],[-73.45632789640695,6.961940963168891],[-73.45242620224464,6.959961164609312],[-73.45061576886953,6.9631270734354],[-73.44431509634371,6.965477062915519],[-73.4413096326782,6.967804665880869],[-73.4384290197964,6.972263754316351],[-73.43775572926884,6.973423137320189],[-73.43642244951437,6.976388444294694],[-73.43617275086413,6.977021649398592],[-73.43617275086413,6.977427397179543],[-73.436386752606,6.9780740022207635],[-73.43266345141659,6.984575354321743],[-73.4119865687279,6.987656617116903],[-73.39772189249024,6.986510629919877],[-73.39217035607136,6.993043163603736],[-73.38643142689781,6.9975201648509975],[-73.37907395983586,6.999807637951606],[-73.37196610594201,6.999571327521579],[-73.37160498220588,6.9995579666756935],[-73.3659329670535,6.998376298053293],[-73.36549151127646,6.998242533133513],[-73.3505357222547,6.9920131420028415],[-73.3413633479186,6.98625641614347],[-73.33877259297375,6.981614499641892],[-73.33849615400615,6.980655812688526],[-73.33854518079296,6.9798442711465745],[-73.34227748125862,6.9673721374112985],[-73.34699966283881,6.956853116952748],[-73.35078983776955,6.95143974625692],[-73.35439725659174,6.939208458669636],[-73.35272515380387,6.936519646911736],[-73.35072741083516,6.936403667820331],[-73.34509560014418,6.935534197728207],[-73.34331637898114,6.935021354817929],[-73.33920069935928,6.933786192604815],[-73.33871016259646,6.933509718520186],[-73.33814388047642,6.933103931849843],[-73.33628885769956,6.93099926047204],[-73.33553527549402,6.9299870543712325],[-73.33490205572657,6.929086279474216],[-73.33458108214126,6.9283282725297735],[-73.33426892408194,6.927552362555199],[-73.33349752292942,6.925024097036331],[-73.32871288580019,6.913956600806357],[-73.32415566131796,6.905537833483621],[-73.318572826293,6.892200616583736],[-73.3185193867114,6.888976713154234],[-73.31842123417994,6.886715925777941],[-73.31801998689374,6.882029426302065],[-73.31759183903527,6.880593605746699],[-73.31275818153033,6.881119762897778],[-73.30604277724754,6.882867698449057],[-73.30214107093362,6.882675951737237],[-73.30254243722206,6.877690721752279],[-73.29796739394324,6.869985379337923],[-73.29651817702626,6.867898554398268],[-73.2946096264768,6.866266528644407],[-73.29439566480029,6.8661416123433705],[-73.29404332039218,6.86609705730606],[-73.29351714209587,6.866097073791233],[-73.29295533200755,6.866137204019101],[-73.29003909714248,6.867037937598346],[-73.2871540462269,6.867269808471729],[-73.27939524597912,6.8628329936776185],[-73.27893148013665,6.86256543310477],[-73.2784944379774,6.86224436460399],[-73.27802176200692,6.86181633689136],[-73.27453033524203,6.858106352030014],[-73.2739640676137,6.857116435266614],[-73.27380794558292,6.856799818824046],[-73.27300087841121,6.854922510858671],[-73.27268872286419,6.852581489015907],[-73.27296965387792,6.851961706914799],[-73.27299196997133,6.851596075962315],[-73.27280462269783,6.851310689053009],[-73.27221162523878,6.850583849561775],[-73.26997756727788,6.849259481582315],[-73.26846148690663,6.849794603855602],[-73.26579491319343,6.852403142573067],[-73.26095679026058,6.858498739495469],[-73.26011853990681,6.863341311755505],[-73.2598643195009,6.865481688598369],[-73.2591910164732,6.86834000496557],[-73.25827248818432,6.8717913093678735],[-73.25788894952919,6.873137988803521],[-73.25428597556787,6.879416349869051],[-73.24225977104425,6.89729291581847],[-73.23382323026627,6.905207785191141],[-73.224762285176,6.9155841518307675],[-73.22431190589005,6.917800359987438],[-73.22134661626015,6.921532594202848],[-73.21813160961375,6.925224758515878],[-73.21711939499338,6.926223597580298],[-73.21885400006927,6.927619226005156],[-73.22040579056943,6.929398436119542],[-73.22487820999322,6.9356724328438055],[-73.22717023288895,6.9420979326357735],[-73.2274957727558,6.943462427265709],[-73.22765624744508,6.944082233048535],[-73.22800410721416,6.94475561279109],[-73.2284499789435,6.945611735306938],[-73.22951128328134,6.947448912058638],[-73.2298323196496,6.948006242020994],[-73.23408630043585,6.952839971775736],[-73.23762237259442,6.956590047175476],[-73.238696953021,6.957664716596963],[-73.23913398357824,6.95807049691965],[-73.23943718652339,6.958297883070892],[-73.2399499936524,6.958436102055075],[-73.24454288572672,6.96001905417507],[-73.24926509424381,6.962016786589377],[-73.2621830687794,6.968009774192391],[-73.27391493642742,6.981623418445656],[-73.28126361678237,6.995919354958385],[-73.28215541543936,6.9992190267401195],[-73.28316760390037,7.002665931932756],[-73.2836803998924,7.003687084767324],[-73.28653427362751,7.008783790148658],[-73.29572441923258,7.0188480022191815],[-73.30661804948895,7.024212297947388],[-73.3186664804778,7.0288007040724185],[-73.3263495858263,7.031025816358403],[-73.3338988317874,7.034494981510938],[-73.3414882071365,7.039217155412954],[-73.34262084249623,7.040100053947284],[-73.34349925829112,7.040853700782642],[-73.34422159858104,7.0417677924352855],[-73.3446585998008,7.0424901395748325],[-73.34501536054205,7.043310622359189],[-73.34690602080035,7.048755187863307],[-73.3466205967402,7.0511541993339275],[-73.34611676344136,7.0515466400938465],[-73.34569757612718,7.052103957683473],[-73.34525167148298,7.052969023698488],[-73.3447745516035,7.054195300230827],[-73.34435095391196,7.055617769107908],[-73.34401650095879,7.0569331954119106],[-73.34387383206035,7.0582441745294675],[-73.34403880983233,7.059332153372678],[-73.34445350258983,7.060924114868209],[-73.34526507472242,7.0623509959184645],[-73.34598740915877,7.063577247205053],[-73.34710221026991,7.0648659465988315],[-73.34819469722925,7.06508885573133],[-73.34930948704103,7.065120141720878],[-73.35040196292469,7.064451256353299],[-73.35563245816269,7.062533788348216],[-73.37324141207333,7.065762212580523],[-73.37791462216788,7.066689671857734],[-73.37887770931906,7.067006315913584],[-73.38017536983632,7.067907032062621],[-73.38852282471797,7.077088307975214],[-73.39329400311017,7.083861697965498],[-73.39466739150568,7.090122316535321],[-73.40416980152558,7.1000839079570195],[-73.41717699616434,7.106340071212788],[-73.43352846293018,7.1170106401227775],[-73.43423305808145,7.117831152282485],[-73.43527645888884,7.11950778006715],[-73.43635114560834,7.122111877228078],[-73.43668554543602,7.123231124266703],[-73.43709574424142,7.124684774765314],[-73.43720283459348,7.12658435858304],[-73.43716264199912,7.127623288459817],[-73.43729643745174,7.129554116509446],[-73.43750603217589,7.130120431655818],[-73.43771113088977,7.130321049191123],[-73.4385628144563,7.131096951657642],[-73.43892850144954,7.131382347461774],[-73.44137203338893,7.1330143899935],[-73.44218360062627,7.1335003797597185],[-73.45618961747324,7.140519029256523],[-73.46302991148922,7.142806580184694],[-73.47996561901418,7.1483625675582205],[-73.4836711024087,7.149423840328993],[-73.4912871913349,7.150899810890907],[-73.49328488375956,7.150859686114012],[-73.50114629375074,7.148590031625298],[-73.50530668637874,7.147051645319689],[-73.50901217480423,7.1451832985950166],[-73.51341330143386,7.143034016313544],[-73.51394388607166,7.142913595657102],[-73.51455482525552,7.142833354874729],[-73.51512558484426,7.142793172374367],[-73.51581678611582,7.14283330698164],[-73.516387542281,7.142913581779511],[-73.51679776670048,7.143038398631363],[-73.51769398383085,7.143404048513338],[-73.51850561835349,7.143769704275261],[-73.51899610294662,7.144014984011417],[-73.51944200520931,7.144300324341445],[-73.52009301542147,7.1451564881062835],[-73.52037838789417,7.145687131873938],[-73.5207842003652,7.146338208906336],[-73.52114983538233,7.1469089672005985],[-73.52135494304606,7.147154147463137],[-73.52399921410174,7.149678017013763],[-73.52456994804822,7.15004364839402],[-73.52904687511221,7.152371303860557],[-73.53186055570251,7.15287967789953],[-73.54032842248786,7.153994417928563]]]},"id":"0006000000000000061e","properties":{"continent":"America","disp_en":"Betulia, Santander, Colombia","gaul0_code":185,"gaul0_name":"Colombia","gaul1_code":1940,"gaul1_name":"Santander","gaul2_code":114302,"gaul2_name":"Betulia","iso3_code":"COL","map_code":"COL"}},{"type":"Feature","geometry":{"type":"Polygon","coordinates":[[[-74.52657006417748,6.273643066232606],[-74.52636049182932,6.270401292465181],[-74.52524574867282,6.26056892836843],[-74.52073761821009,6.246839420914523],[-74.51258636957807,6.2258504117604545],[-74.512938664744,6.224691016062501],[-74.51290298818465,6.223883928834575],[-74.5086356078551,6.217324585256105],[-74.50779732027719,6.216254436449174],[-74.50616973435312,6.214189848427187],[-74.50586651633736,6.2139535033791855],[-74.5054652054573,6.213654723720949],[-74.5028298362802,6.213351555767423],[-74.49059852883985,6.205757706684203],[-74.47801498770303,6.2024133524597085],[-74.4700956295093,6.1966789466736785],[-74.4735246018038,6.184621541351324],[-74.47310103701172,6.182173502383486],[-74.47308314996259,6.178918330953954],[-74.47331505541354,6.1757925086684],[-74.47527260070007,6.1683057294026495],[-74.47827353757177,6.1639045804520585],[-74.4749961595647,6.1553475752410165],[-74.46741116444949,6.150099208378943],[-74.45519331337117,6.139129789833588],[-74.45262481133521,6.135673974441149],[-74.4526070116539,6.134599380357135],[-74.45286112653218,6.133845739696715],[-74.45307516950919,6.133426597980986],[-74.45374851321249,6.132655218909735],[-74.4549881279612,6.130755642449098],[-74.45614303070136,6.128673172395949],[-74.45637495844608,6.127295384553814],[-74.4542435014863,6.120432794051258],[-74.45145208578349,6.112495613126052],[-74.45216550742664,6.100995586050239],[-74.4522324129194,6.100710179742822],[-74.45169287485483,6.099287751420112],[-74.45105521244095,6.098699131440261],[-74.44906197705834,6.097356943531047],[-74.44396080571747,6.093968043067581],[-74.42822459628145,6.086864667163588],[-74.42436748477435,6.0863296051704445],[-74.41767888868372,6.086936049456484],[-74.41452626423454,6.087930368136122],[-74.4115921502814,6.088117705700676],[-74.40843959684537,6.0866416954304885],[-74.40337402964268,6.081794707097268],[-74.4016439306981,6.079681094060997],[-74.40092153761603,6.078521668440559],[-74.40004757585807,6.075703552781552],[-74.40009660658615,6.072965633475499],[-74.40116677939078,6.07041504321853],[-74.40170190811845,6.067440822290081],[-74.40049350446505,6.065411936428452],[-74.39802755181958,6.061452261376209],[-74.39708673908274,6.060025389266349],[-74.39499098593323,6.05915578889755],[-74.38745956411903,6.0535195504081285],[-74.38222455029887,6.048971250983722],[-74.38265710130877,6.045212248406974],[-74.37604872807111,6.041841111478843],[-74.36895875705196,6.0466659195180705],[-74.36853959612311,6.046848671598589],[-74.36696549669065,6.0468665282999465],[-74.36614506235328,6.046697060955699],[-74.3656411484333,6.04648303508672],[-74.36523978817102,6.0460772966183125],[-74.36500353555643,6.04540839121421],[-74.36488308239902,6.044735074833091],[-74.36495002071642,6.043861137971589],[-74.36481623354645,6.042233519817014],[-74.36399569988396,6.04057474006922],[-74.36358995090967,6.040222444136207],[-74.36275160296657,6.0398524029020395],[-74.35824353630339,6.038795566983061],[-74.34876794042704,6.038599406542923],[-74.3472607020416,6.039526838110756],[-74.3461236196562,6.041270352594385],[-74.3449375737638,6.043219030827667],[-74.34440245436242,6.045591256917103],[-74.34132121323366,6.054884007955577],[-74.33779401481549,6.0625358309634345],[-74.33616200545438,6.065046301006423],[-74.32704319231297,6.066437501358168],[-74.31765233558012,6.068881094793496],[-74.30638862566829,6.075061417380117],[-74.30334746768787,6.0781515634511845],[-74.3028792759351,6.079854977620772],[-74.30236650162998,6.080884986365477],[-74.2982953193993,6.083796799203725],[-74.29480828370434,6.082677590111691],[-74.28749541640211,6.080193888839851],[-74.27656164592545,6.080381166200299],[-74.27747578060486,6.074874134919248],[-74.26953859284295,6.070174293054197],[-74.26629678942692,6.069014917983127],[-74.26144534801395,6.0675166220201575],[-74.26036619771456,6.056145950532849],[-74.26179760163498,6.0478653766194],[-74.26402715251267,6.03338223736598],[-74.26418322005439,6.0322852680020835],[-74.26416092469945,6.031259667160713],[-74.26386660785117,6.030363424996708],[-74.262145377548,6.026403764699833],[-74.25856479405496,6.009976408056698],[-74.25507323673318,6.004001201915823],[-74.24905792752642,5.99746858650793],[-74.23848095936935,5.98686039880211],[-74.23327271133999,5.981986626539771],[-74.23043228310608,5.9789187751942015],[-74.22837660132987,5.976635677083394],[-74.2248182848603,5.971913492054812],[-74.22249511446908,5.9688055532373925],[-74.22265112783342,5.967329541901266],[-74.22577700949603,5.9616219087759825],[-74.22781033102237,5.958241896631776],[-74.22827853629798,5.9575908933507264],[-74.22950922626464,5.9564270681611475],[-74.23022272175815,5.956181820540852],[-74.23114129722659,5.9554415736218],[-74.2317209905822,5.954928800756476],[-74.2338167553054,5.951816382832197],[-74.23847648176167,5.944735260918517],[-74.23879752595543,5.944213607553505],[-74.23889567491894,5.943696314245519],[-74.23889567491894,5.942719804431264],[-74.23877970510696,5.941712032436365],[-74.23763818212493,5.935754646979635],[-74.23726806100395,5.935166074567849],[-74.23519015689644,5.932383604801388],[-74.23468623720136,5.932165082163149],[-74.23409768733562,5.932298897596549],[-74.23143109935538,5.9318618772240495],[-74.22888501618556,5.931259926650378],[-74.22710578192918,5.930368103073908],[-74.22599992009366,5.928339209492046],[-74.22490748542039,5.9225468306284945],[-74.22554514278197,5.91964392540171],[-74.23122601693207,5.906431619713903],[-74.23284911714417,5.904554326244609],[-74.23900268946798,5.898962635375039],[-74.24114753442478,5.897718532627457],[-74.25431972210183,5.889437947018381],[-74.26552989025791,5.8783392635766205],[-74.26862898475692,5.876007141244722],[-74.27297212325388,5.872074207509479],[-74.2736766748372,5.8712537419322945],[-74.2738906631509,5.870883664625122],[-74.27497868687347,5.8684846724383375],[-74.27509911042957,5.867980794891902],[-74.27306577710971,5.863445874506096],[-74.2693334635881,5.851540041969159],[-74.2687359819077,5.847749827973286],[-74.26608279220133,5.8345910652855295],[-74.26340735800915,5.833890943434296],[-74.2524111626541,5.833449516815089],[-74.24469246008468,5.8335387000288526],[-74.23590363030887,5.835424859962406],[-74.23113681943978,5.836709122260427],[-74.22781928675803,5.838795996253856],[-74.22641018593886,5.842688749844282],[-74.2245150384558,5.844994134424816],[-74.21510635989976,5.853073999948052],[-74.21367494976529,5.853814205404334],[-74.20799407108618,5.854594591915697],[-74.20550140457739,5.854260146298321],[-74.2051492220297,5.853493164365859],[-74.20487272422267,5.852900128705117],[-74.20429303586513,5.852186643677742],[-74.20396754256184,5.851856666022698],[-74.20358848634571,5.851553482059661],[-74.2032496459735,5.851330522927007],[-74.20286163133349,5.851214561927171],[-74.20230871801888,5.851152159336353],[-74.20139017782071,5.85124129216827],[-74.20013269738716,5.851482100117513],[-74.19953069093705,5.8516426478265],[-74.19897776764617,5.851883437710532],[-74.19780500586585,5.852601311250558],[-74.19730564158573,5.852940215931926],[-74.19594557245789,5.854679297481549],[-74.19497800401378,5.856427271802568],[-74.19436263429714,5.858531982210403],[-74.19427341895421,5.858995700451703],[-74.19423776863444,5.859401498742174],[-74.1942021183078,5.864386720011636],[-74.1942021183078,5.86485943235397],[-74.1942689402712,5.865327610800476],[-74.19514299799121,5.866923977243258],[-74.19536146698874,5.867258447466148],[-74.19658324046699,5.8682795780859225],[-74.19697117872829,5.868600566119968],[-74.19728781671921,5.8688012574167],[-74.19650298345418,5.87758123231303],[-74.18921234837177,5.887368969715553],[-74.18691587136999,5.897375181116833],[-74.1846908493694,5.906355792350071],[-74.18269763190837,5.910516145697092],[-74.18041451115565,5.911086920164078],[-74.18194400003327,5.912495996369784],[-74.18308550971223,5.913650884952204],[-74.18499846099303,5.9161613646646005],[-74.18535972932065,5.917597212827755],[-74.18506089695323,5.9186138655137635],[-74.18416466569275,5.91951017868278],[-74.18272880548938,5.919929280649894],[-74.18123497592286,5.920348483012072],[-74.17431004609286,5.922502214958132],[-74.17359212400235,5.92316217862845],[-74.17412720645304,5.924655952494546],[-74.17496552606417,5.926568895749289],[-74.17604016062232,5.927465198734929],[-74.17753394247958,5.928125166468439],[-74.17956734768593,5.9283034983116725],[-74.18094070548578,5.928303502062343],[-74.17759638095544,5.936138106581287],[-74.17497000521412,5.9382918655919585],[-74.17407372515245,5.939727710944351],[-74.17108609367557,5.947504379348013],[-74.17055100245572,5.949181029519183],[-74.17025223580139,5.955700188747591],[-74.17055100245572,5.964074427911059],[-74.16959673918115,5.970294836089042],[-74.16316671159007,5.978374757111773],[-74.15512254804202,5.9912660441310255],[-74.15174254816192,5.997102964414487],[-74.14837144652657,6.0014149578454274],[-74.14365371920236,6.005325591177755],[-74.1353999405824,6.009312029713322],[-74.13442336535735,6.009356620330045],[-74.13324616384776,6.009882764881343],[-74.13210909734964,6.010533821125814],[-74.12987060627607,6.012366461224074],[-74.12856855593043,6.0134678437141265],[-74.12775699880353,6.014239323654885],[-74.12743155059303,6.015340711383704],[-74.12763665830047,6.016602644124199],[-74.12857303619629,6.019777538532165],[-74.12917948399175,6.021770720039893],[-74.12991522940851,6.023518668829864],[-74.1308873479782,6.025516372166349],[-74.13166322919737,6.02677832386183],[-74.13222952457814,6.027835098074523],[-74.13239448466624,6.028932031144874],[-74.13239448466624,6.030193977221654],[-74.13178356710932,6.031580774008856],[-74.13072677717017,6.032597386755788],[-74.12930430375057,6.033533836880779],[-74.12849274981593,6.033819232105822],[-74.12727097681802,6.03369434160884],[-74.12422990572617,6.035112324737475],[-74.11855785088454,6.038617171713785],[-74.10515385013497,6.045979160432457],[-74.10594758190366,6.051365767747174],[-74.10750824037838,6.052614303670602],[-74.10849373821851,6.053706833672201],[-74.10967091609078,6.056631982350322],[-74.10989835718861,6.057653094478361],[-74.1100008758597,6.058879327704592],[-74.10887720006114,6.066771951795235],[-74.11293939203412,6.076813892003164],[-74.11403633905053,6.0776565967323295],[-74.11474983059448,6.078396846609993],[-74.11549002367526,6.079293089544244],[-74.11748324336939,6.083966278625845],[-74.11762151251031,6.087453294202519],[-74.11750555641329,6.0884298602686],[-74.11549898483266,6.092277997180385],[-74.1125024395366,6.095930007032652],[-74.11098187992661,6.097397084305325],[-74.10753942653095,6.101107075755826],[-74.10618838029916,6.102761412459345],[-74.1051895175033,6.105334303392363],[-74.10514936930932,6.106872640615124],[-74.10556411407832,6.107867012513458],[-74.1062685866184,6.108656282005325],[-74.10743242574446,6.109530275079053],[-74.10863640511381,6.110029738847518],[-74.11257825212247,6.1114387933292],[-74.11328278795037,6.111898071984582],[-74.11477653494771,6.114265854730212],[-74.11477653494771,6.114720653263011],[-74.11249347823602,6.121222037696949],[-74.11180677249847,6.122376965718374],[-74.11103537931584,6.123460497295315],[-74.10677697738491,6.127478158045581],[-74.10551500433066,6.128423491952752],[-74.1044314500437,6.128668751464163],[-74.10356189567291,6.128588457069573],[-74.0994996801025,6.127576293373245],[-74.09852318667704,6.127005543120527],[-74.09718094804036,6.126193971949606],[-74.09567827825387,6.125297696363047],[-74.09429595843154,6.124606472692746],[-74.09286899652403,6.124686811178266],[-74.09201731325108,6.125377933749502],[-74.09144659457621,6.12623409242199],[-74.09104078099894,6.128472546741455],[-74.09104078099894,6.129854880854842],[-74.09124592847537,6.131036572315747],[-74.09157143943413,6.132218181380136],[-74.0922313323082,6.133413223964826],[-74.09847407508964,6.14126571068794],[-74.10426646533847,6.166522097140671],[-74.10392314254605,6.167253315646361],[-74.10341922492292,6.167712644306805],[-74.10067243340082,6.169545315266386],[-74.10007933624625,6.169866390449275],[-74.0975599519616,6.170985637664482],[-74.09717207562917,6.170985637364538],[-74.0944029666953,6.16968357222179],[-74.0930295101136,6.1675075333463525],[-74.09120129614695,6.163498780816602],[-74.08460186879886,6.154861517753092],[-74.07715960227245,6.155200367481294],[-74.07696340246383,6.1560877477813225],[-74.07668689393607,6.157193653841555],[-74.07636144691352,6.157929351370807],[-74.07576388133877,6.158344097356099],[-74.07189789920503,6.160462163693339],[-74.07134495654867,6.16069404940921],[-74.07056013193655,6.160693997839847],[-74.06945423718011,6.160279302635484],[-74.06858030864007,6.159632733121225],[-74.06770628642703,6.158896960075795],[-74.05665665190422,6.165023765206552],[-74.04671285530871,6.170878626982791],[-74.03713475348407,6.1765461426804045],[-74.02704819317991,6.182213664585222],[-74.0193116550224,6.185205659983543],[-74.01235996109835,6.187279194853878],[-74.007017918806,6.18727915947839],[-73.99928585981519,6.188291377805995],[-73.99062629698801,6.191100662123028],[-73.98606909357625,6.192482964181119],[-73.97727576438145,6.192478514895796],[-73.96728290578226,6.190864269086636],[-73.96405891921636,6.181616101114801],[-73.957669080266,6.172934228849182],[-73.95295136215894,6.160083146248367],[-73.95295136215894,6.159374104874609],[-73.9524474935121,6.155869289289186],[-73.95189007944305,6.1547010026244715],[-73.95102503061247,6.154192660658854],[-73.94590147646082,6.153175942082619],[-73.93938232563764,6.152208385562449],[-73.93218977486424,6.151178268166866],[-73.92742748280645,6.144752730827191],[-73.92678980471561,6.1392502039843695],[-73.92557247869102,6.134215897502552],[-73.92381559046757,6.1324367191766616],[-73.92343211561139,6.132307358879468],[-73.92298172230505,6.132178059358245],[-73.92249123105591,6.132071041358509],[-73.92201858935942,6.132071022061552],[-73.9207120686118,6.1323296845770106],[-73.91861623490905,6.132994041799589],[-73.91275255279768,6.135366316188083],[-73.90812847452626,6.137939197708619],[-73.90566702714301,6.140026115468501],[-73.89101441213442,6.145265526244543],[-73.87796261462603,6.148346736684097],[-73.8772759654851,6.148917502420282],[-73.875906966722,6.149296515159178],[-73.87514449361045,6.149144941796808],[-73.87480560575084,6.148609860326259],[-73.87438641402707,6.147927582283522],[-73.87180018225807,6.142781817943142],[-73.87077452698793,6.140614714108952],[-73.8704713425865,6.1398878569622966],[-73.86963302944628,6.136766444056005],[-73.8694813915591,6.136155576620499],[-73.8695974080123,6.135700763174768],[-73.870319705347,6.1334533644447555],[-73.870698798226,6.132958393530536],[-73.86992733223026,6.130956296409274],[-73.86663210285404,6.126394578883305],[-73.86624860544659,6.126434727102739],[-73.86549946434059,6.126648765862871],[-73.85894900143315,6.129431246584271],[-73.85721448572366,6.130287381822888],[-73.85667932217649,6.130568328849391],[-73.85605953923404,6.130974096243463],[-73.85271965894297,6.133627257304907],[-73.84954923279228,6.1369046882242415],[-73.83726439309034,6.1362135502323],[-73.82697277474307,6.1343897986681055],[-73.81051429904247,6.130889366742289],[-73.80026724760613,6.124521790235191],[-73.79981693104557,6.123233145931107],[-73.7973554757108,6.12267574869459],[-73.79669107591879,6.12259096480431],[-73.79542914105298,6.122613262578203],[-73.79468000088731,6.122827353590366],[-73.79371686782471,6.123255402912378],[-73.79266899530447,6.123745927389861],[-73.7927759909353,6.1209589952875945],[-73.79220968538726,6.104509356469433],[-73.794372301474,6.0958140756970405],[-73.79664646536963,6.086004044514998],[-73.7959865512091,6.0797925089529565],[-73.79419394689977,6.075890843184185],[-73.7869657398405,6.066566887719396],[-73.77996940880806,6.061960633032389],[-73.7726119556168,6.055851616126489],[-73.76500026150838,6.043401817497947],[-73.76461225835523,6.041537938037488],[-73.77080594492683,6.035558236021443],[-73.78249777506353,6.025110585846841],[-73.79394872031948,6.019469798584183],[-73.79442579883906,6.020330428012776],[-73.79518831424988,6.021672648083472],[-73.79595531473922,6.02296572345307],[-73.79705226840727,6.024758310080726],[-73.79748481888713,6.0252354238633306],[-73.80090048951976,6.0269611455581575],[-73.80164063052466,6.027322319340521],[-73.80257257955955,6.027371315663517],[-73.80364723712317,6.0272286652411164],[-73.80960015851716,6.025146231540977],[-73.81100919869561,6.024548733231928],[-73.81356876338518,6.023046053299165],[-73.81457209870862,6.02225672876369],[-73.81531227851414,6.021512110652747],[-73.81856295180097,6.01981762439848],[-73.82561724725775,6.0170217999012925],[-73.83099496788223,6.0149884520624335],[-73.8368720438298,6.013771060090957],[-73.84279821148672,6.013271713752202],[-73.84616921930598,6.013347505191873],[-73.85061493096468,6.0144979633286555],[-73.85140424024293,6.01479224555845],[-73.85078444069323,6.013334115113574],[-73.85073535557244,6.012567156367368],[-73.85075769962346,6.010752275506986],[-73.852822225159,5.997450784199974],[-73.85312992348656,5.996442995655513],[-73.85337067981874,5.995725088254717],[-73.85494918338584,5.991203566983562],[-73.85765139130278,5.988982921849484],[-73.85777181160606,5.988791191459891],[-73.85796356867306,5.988407737743207],[-73.85812858548468,5.988046537862762],[-73.85839167888606,5.987475805868903],[-73.8585610921861,5.985058937747689],[-73.8583693357016,5.984506045145698],[-73.85683985344703,5.982878430316934],[-73.85638948618029,5.9825707604651726],[-73.85593472097659,5.98230322512153],[-73.85163162820893,5.980341175869645],[-73.84066672487843,5.971342785322813],[-73.83882956453056,5.969808779312937],[-73.83770582994727,5.968827811961976],[-73.83469598099303,5.9658848248605345],[-73.82654917340129,5.96229079482697],[-73.82067214973658,5.960493729708099],[-73.81584737464755,5.9537203572947215],[-73.80949317193802,5.949078446124489],[-73.80481110634206,5.9467998877573],[-73.79092994919975,5.94081125187669],[-73.78744292484305,5.939781218852444],[-73.7852445071733,5.93973214772612],[-73.78187345128873,5.939923911548507],[-73.77943879432853,5.939995250457883],[-73.7759963638698,5.939968476377444],[-73.77511348418797,5.93979904422001],[-73.77329860884628,5.939415611195351],[-73.76772918979263,5.937569482882743],[-73.76667687176516,5.939772275499323],[-73.76326115404987,5.943022958163278],[-73.76075067930337,5.945747484431802],[-73.75401298208119,5.9560792222089525],[-73.75538192480164,5.962509292677144],[-73.75592149108046,5.963677582295376],[-73.75824466195587,5.969541244559559],[-73.7608086744618,5.9804259356074425],[-73.76089782178563,5.984314301427407],[-73.75670632849125,6.000968997941957],[-73.75124840395368,6.001401517574217],[-73.74801997708883,6.002404814627785],[-73.74364559544165,6.005200711774614],[-73.74095674271273,6.007965373995501],[-73.73231056458518,6.013664091626753],[-73.72524731787232,6.017677283340293],[-73.72007920349388,6.027259890905337],[-73.71871477983603,6.030952015824676],[-73.72097103502354,6.035620700633951],[-73.72218836254237,6.036088919349792],[-73.72491293348958,6.035121236816724],[-73.72799860507105,6.034367647985884],[-73.72957711457939,6.034010939127692],[-73.7300408779653,6.034224993877555],[-73.73437515090242,6.037457853364363],[-73.7350930013687,6.038247117477014],[-73.73562813275977,6.0397943807772565],[-73.73896800288578,6.0542597637266375],[-73.74072042937499,6.061862502691371],[-73.74087647521957,6.06430610870003],[-73.74120203422719,6.069585699797191],[-73.74307035205598,6.077331152426991],[-73.74663320731854,6.088492288312437],[-73.74928194183072,6.093785178747702],[-73.7480645984873,6.102609774972927],[-73.74710142050523,6.108633991258745],[-73.74111727760301,6.11454232357757],[-73.73514211499689,6.120151843085707],[-73.7344019076011,6.120900971081666],[-73.73269854034373,6.1239109244538845],[-73.73125375110527,6.129805820930947],[-73.73098617977845,6.131018672716551],[-73.73053579717259,6.133163561513565],[-73.73034858640342,6.134113324058645],[-73.72923824788006,6.141283518851337],[-73.72885475496403,6.145965613426385],[-73.7295459575431,6.147165079729553],[-73.73458920439231,6.152953051965808],[-73.73483441387826,6.153117975779665],[-73.73664038915666,6.1541747733087275],[-73.73919982900988,6.154540468764414],[-73.74022544540892,6.154589529960952],[-73.74144283622095,6.1543754484357285],[-73.74604908402648,6.154370984901481],[-73.75037888226046,6.155209341350132],[-73.751243914951,6.157104456786808],[-73.75345563441604,6.1624152321656975],[-73.7538390804388,6.16376630252844],[-73.75430287766945,6.165188780746651],[-73.7544187819203,6.1654875572720576],[-73.7545614401201,6.165813093282428],[-73.75463730299815,6.165982484501221],[-73.75476658404965,6.1662545071627815],[-73.75487359996816,6.166472972174521],[-73.75762932998606,6.169647888401943],[-73.7590741092257,6.170896468824972],[-73.76310961434078,6.173210742133658],[-73.76775145341405,6.175199433097581],[-73.76899112026446,6.176929584016883],[-73.76986953839267,6.181402077867553],[-73.76959313110113,6.187756329083714],[-73.76838910761658,6.194917649269723],[-73.76767568527298,6.197285360060265],[-73.7707301779424,6.2057175392148585],[-73.77255396387771,6.207135528813777],[-73.78220792031448,6.210792009630261],[-73.79142929593147,6.213342638381641],[-73.79908557959371,6.211697174895905],[-73.80720560198543,6.208745269414935],[-73.81997650551348,6.203175887632748],[-73.82693714559733,6.199398978269364],[-73.82745444067545,6.198293144048432],[-73.83172180422282,6.192175243782455],[-73.83976151812368,6.184264851625737],[-73.84348928848895,6.180795657811018],[-73.8458036294962,6.178994134696704],[-73.84688271872236,6.178918345498893],[-73.84926835988233,6.1788157664753305],[-73.85410201014413,6.177406741455654],[-73.856309265244,6.176479231139495],[-73.85926566330703,6.174838300661102],[-73.86034476848721,6.1737814666179895],[-73.86121874422763,6.171007885307252],[-73.86101362049621,6.167868698282373],[-73.86114292205087,6.167766129045923],[-73.86170920981485,6.167663628602771],[-73.86276156214426,6.1677928765228],[-73.86371134835402,6.168100602962775],[-73.86491972819753,6.168666886058593],[-73.86977129797384,6.171293329897634],[-73.87085034544658,6.1745306384175205],[-73.87169762594488,6.178004245022335],[-73.87174661610642,6.179725436551301],[-73.87174661610642,6.1805236343556835],[-73.87161732153272,6.181397630633304],[-73.87143894692204,6.181910395172787],[-73.87865383720337,6.1863338504692855],[-73.8889008539372,6.190168686668733],[-73.89814900498888,6.1958050135529055],[-73.90028040562504,6.19726753454104],[-73.9004855779491,6.197552914489547],[-73.90115438260598,6.19850273572697],[-73.90289792897005,6.201641904810473],[-73.90630917025118,6.212696077383143],[-73.90723219119455,6.217708073892268],[-73.90743726649532,6.221721307582043],[-73.90741053315689,6.223339926065685],[-73.90741053315689,6.223955257970757],[-73.9076156979791,6.225498158012137],[-73.90790106242073,6.225988631864174],[-73.9092878684482,6.2275805505174775],[-73.91413932427704,6.230336218302478],[-73.91642681628235,6.231054177594942],[-73.91997183751177,6.231183459173442],[-73.92053813429135,6.231161174332014],[-73.9210241453237,6.2309025587697535],[-73.92151464027562,6.230438804720272],[-73.9220542012335,6.229823481093802],[-73.92251796232267,6.228998496472045],[-73.92619231037409,6.2272772927107685],[-73.92857788143534,6.226737784246008],[-73.93130239286882,6.227384332843659],[-73.93736230675074,6.230189139236582],[-73.94142456744575,6.226818047462902],[-73.94386367680724,6.224508215882404],[-73.94611996462162,6.222381195058139],[-73.9495089211773,6.220124944025761],[-73.95096700179651,6.219558626256462],[-73.95272839730569,6.219759246053897],[-73.95733912536456,6.220356813472777],[-73.96195422750543,6.221819361724982],[-73.96225305423177,6.222385718489409],[-73.9626499047358,6.222653210555092],[-73.9638761452121,6.223446945222295],[-73.96440679919031,6.2237457371197875],[-73.96676562229902,6.224677694866082],[-73.96759499708732,6.2247445381556785],[-73.96830401643211,6.224673159620304],[-73.97509525997057,6.222943094377668],[-73.97862234690382,6.22156968534465],[-73.98606909357625,6.2176278514361405],[-73.98938220312097,6.215407169868584],[-73.99207545799877,6.2128610717308765],[-73.99627599927602,6.208401953321448],[-74.00059238657761,6.204901566769287],[-74.00370036191266,6.20297522227511],[-74.01104894198384,6.200455812101013],[-74.01695724366114,6.201356522956998],[-74.01898619927921,6.2021547260579215],[-74.01990921901212,6.20259169883218],[-74.02050229830084,6.202975188921359],[-74.02160363671835,6.20462060208724],[-74.02807830929274,6.207296059573013],[-74.047756311488,6.20094630321925],[-74.0490672572387,6.200357686547429],[-74.04994127580386,6.199586281441144],[-74.05566675977886,6.192799546367316],[-74.05751727926071,6.189455228349895],[-74.05805681648822,6.187992637616396],[-74.0587257006805,6.186784181491826],[-74.05923843260874,6.186012823929098],[-74.05988060049978,6.18539741128513],[-74.06075456921548,6.18490696661358],[-74.061704366951,6.184599289476934],[-74.06270767303111,6.184728532495883],[-74.06386254856528,6.185085336279744],[-74.06833058841994,6.1869402887196205],[-74.07009637040692,6.188162115821471],[-74.07145636982874,6.190199850671683],[-74.08308126288236,6.191858689412382],[-74.08924821811736,6.195127213133918],[-74.0918701526025,6.19791855964633],[-74.09770271677814,6.2066539457018255],[-74.09810842637154,6.207688450123042],[-74.0986525078212,6.209378519355184],[-74.09909836486094,6.210925773298999],[-74.10091323855643,6.217743739615182],[-74.10110493250335,6.220035692927465],[-74.10106926435971,6.221444798848448],[-74.10132790305684,6.222844965889627],[-74.10415050098852,6.227651860243356],[-74.10619277148399,6.228650697184501],[-74.10810579483751,6.22911891344654],[-74.10920268049641,6.229248271112395],[-74.11125833808015,6.228423310426691],[-74.11360386973236,6.226916150066986],[-74.12096583827515,6.2308980750220915],[-74.12089441992217,6.2334576551131695],[-74.12113528873775,6.235696093400993],[-74.1215633498528,6.236975850760518],[-74.12250862934746,6.238438409082569],[-74.12926864097084,6.243949923624708],[-74.13293407607215,6.242866322783527],[-74.13642552275755,6.237180981191435],[-74.14082660950481,6.232115400010747],[-74.1430606685557,6.230536924388589],[-74.14553096876651,6.229975046993882],[-74.15830189232653,6.2184215210234255],[-74.16354128153822,6.2132623650724526],[-74.16745643746488,6.207915894491556],[-74.17130459105307,6.2004825621756225],[-74.17555408544224,6.197249727160551],[-74.19016212143556,6.196843927641725],[-74.1903449452485,6.196910853097603],[-74.19401034093016,6.198453657239439],[-74.19585196880736,6.201735553694367],[-74.19812164242751,6.200495986949639],[-74.20217499031529,6.192246618004804],[-74.19991862300769,6.187881156380877],[-74.19867904685776,6.187230096295372],[-74.19611952284806,6.185285987372399],[-74.1961016978671,6.183948228263653],[-74.19715399580708,6.182405405528322],[-74.19967337766042,6.180652936416865],[-74.20802971874946,6.177094607360855],[-74.20901969997166,6.175957500894442],[-74.20980448000553,6.174436929234398],[-74.21015226493013,6.166825313025176],[-74.20958602810389,6.164181032777344],[-74.19775153140569,6.148132716110766],[-74.18868169873087,6.144877586501501],[-74.18839630820347,6.144944456926262],[-74.1870898302542,6.144877549100409],[-74.18641647768125,6.144057107773306],[-74.18401748807057,6.140369424912247],[-74.18372322205406,6.135986125522745],[-74.18430736427376,6.132057680543439],[-74.18674648076487,6.119433923404039],[-74.19241395001241,6.100317748601976],[-74.1943046801586,6.090556842443008],[-74.19694000754737,6.083935070591869],[-74.20801637326828,6.072702549137406],[-74.20895279378135,6.071904365544779],[-74.21003188824965,6.071168626248933],[-74.21565932439451,6.068270252014073],[-74.21588224725288,6.068154310438507],[-74.21636382777362,6.067931300434552],[-74.21664030834027,6.067828745418446],[-74.21699255848985,6.067730706680418],[-74.21746079130901,6.067650408629322],[-74.21814298684036,6.067579043986672],[-74.2191552145418,6.06751662233635],[-74.22214278529366,6.067739566514337],[-74.22245499160772,6.0677886794496905],[-74.22263778341191,6.0678287930020005],[-74.22299450006457,6.067917974881743],[-74.22315060256487,6.067962529855147],[-74.22336903837117,6.068024950562241],[-74.22344937324577,6.068047256855485],[-74.22362768609166,6.068123094440268],[-74.22373470953994,6.068181034779118],[-74.22431442626532,6.068479796241095],[-74.22453286068892,6.068595730254579],[-74.2249520856842,6.0688543395312795],[-74.22513039707258,6.068992597505302],[-74.22547376467321,6.0693180941320986],[-74.2256342534309,6.069496447784242],[-74.225879553778,6.069813098135069],[-74.2259597979972,6.069937899850396],[-74.22604452009239,6.070107365023955],[-74.22616936420798,6.070419504055671],[-74.22624074204658,6.070638026855399],[-74.22626751992367,6.070749523859264],[-74.22646812998244,6.071627900748342],[-74.22646812998244,6.0717126666427115],[-74.22643248588977,6.071908874330444],[-74.22785940844848,6.080278612549226],[-74.22809575010342,6.081473653368104],[-74.22866201953113,6.083506991091768],[-74.22871109672971,6.083614021263748],[-74.2287600843583,6.0837076085865185],[-74.22882250550411,6.083828007962579],[-74.22890722627928,6.08392609754105],[-74.22909010122314,6.084104469975429],[-74.23602846772125,6.0900930356731715],[-74.24200363855144,6.090048514252803],[-74.25255389787255,6.096705942408076],[-74.25509114553988,6.103621989343976],[-74.25857813586124,6.109427745496674],[-74.26179312459782,6.113681696454772],[-74.26746508449894,6.119041574014488],[-74.26811172651612,6.119639108011549],[-74.26836135729911,6.1198174347995264],[-74.2686200310176,6.120000255366697],[-74.26887861483198,6.1201786164694285],[-74.26912385724515,6.120343598136372],[-74.26997114530806,6.120923289817211],[-74.27010043630317,6.121008014597297],[-74.2701807506771,6.121043728263845],[-74.27571000133962,6.12292540499766],[-74.28693353709019,6.127438033598601],[-74.28818657212828,6.126947542390718],[-74.28955105980334,6.125984335005192],[-74.29917380441034,6.117463067585601],[-74.29990511106617,6.116076216568252],[-74.30163072884268,6.112691806722372],[-74.30348577649245,6.111371935127214],[-74.3072358295511,6.110832346697437],[-74.31776377950814,6.109806727517524],[-74.3313952255233,6.112620457306368],[-74.33931457884216,6.116312597521398],[-74.34281051172323,6.117476432050198],[-74.3454547916895,6.118038238868653],[-74.35192047199651,6.118082822861791],[-74.35324035722432,6.1180560528141115],[-74.35448890531265,6.117547773000706],[-74.35616997018619,6.116490954526344],[-74.35887669856892,6.1138377537019455],[-74.36368355783434,6.1133829902958166],[-74.37073346854797,6.115759654781854],[-74.38361132267336,6.120553148917641],[-74.39272126725074,6.122492889656965],[-74.40452005324828,6.128490349348849],[-74.4071731738237,6.129944090451117],[-74.41028119513761,6.134929360714134],[-74.41052642401996,6.1363116257662425],[-74.41029461518734,6.1389603548528635],[-74.41105266741957,6.150059077628561],[-74.41324646472101,6.155436738400602],[-74.41419631750283,6.158250452824684],[-74.41444154098633,6.159075389476073],[-74.41534674462632,6.163900123148565],[-74.41555188649858,6.169273319197609],[-74.41397337050336,6.1756988911223205],[-74.41409370108155,6.181544747511713],[-74.41436129094524,6.184599272554438],[-74.4149097102363,6.185455439472771],[-74.41736227785776,6.1866102764161885],[-74.42044793450853,6.188095165429038],[-74.42422479616222,6.190596719348695],[-74.42478222042757,6.192759383403221],[-74.42479107693765,6.192790596965046],[-74.42479107693765,6.192839644990297],[-74.42479107693765,6.192870907251081],[-74.42473310704555,6.1933792449560086],[-74.42471083157272,6.193539749679585],[-74.42470197505864,6.193588768576304],[-74.4246885560971,6.193620021788357],[-74.42466628061867,6.193655711376532],[-74.42464400513745,6.193682468784697],[-74.42461725666433,6.193704704720214],[-74.42457708921721,6.193727009570841],[-74.42454139475213,6.193740437602542],[-74.42339093772155,6.194025795787072],[-74.42274440622462,6.194146165261897],[-74.42060851851804,6.19442711679958],[-74.41611819492994,6.201169311754601],[-74.41017419257149,6.216080473588699],[-74.4101384952128,6.2180380780865905],[-74.41148962182365,6.221547406314348],[-74.41422754079625,6.223585214312715],[-74.41783491257354,6.225756738399227],[-74.42151816380387,6.2254802733411045],[-74.42871509361915,6.224971920577809],[-74.43132366144143,6.225810246031745],[-74.43320545628553,6.226804644378572],[-74.43409723542537,6.228521427926745],[-74.43659435415032,6.2312370169467],[-74.43980938178927,6.233743042589516],[-74.44321613277123,6.236017151946093],[-74.45623667838507,6.244324475959703],[-74.46371017569214,6.245800425160093],[-74.46919034821428,6.2468661636991385],[-74.47354696055883,6.246776927726494],[-74.47891119093241,6.247619749944827],[-74.48007058727367,6.248105779867922],[-74.48110960165599,6.248935154721715],[-74.48189435840358,6.249702151549511],[-74.48255873832794,6.252453405976813],[-74.48756185250137,6.261260099555816],[-74.4952760897784,6.2698662139691885],[-74.50126470937649,6.2756719451346115],[-74.50855084039782,6.2855220677834405],[-74.50963001290143,6.285205523672083],[-74.51094541583463,6.28472394753794],[-74.51342025287519,6.283649239601837],[-74.51608228645586,6.281798778469592],[-74.51804427186941,6.279952667681639],[-74.51989035814384,6.277932673754309],[-74.52161607842508,6.276327453390649],[-74.52657006417748,6.273643066232606]]]},"id":"0006000000000000061f","properties":{"continent":"America","disp_en":"Bolivar, Santander, Colombia","gaul0_code":185,"gaul0_name":"Colombia","gaul1_code":1940,"gaul1_name":"Santander","gaul2_code":114303,"gaul2_name":"Bolivar","iso3_code":"COL","map_code":"COL"}},{"type":"Feature","geometry":{"type":"Polygon","coordinates":[[[-73.17040143753817,7.1036333733846],[-73.16273176254897,7.096097514522006],[-73.16014099525445,7.08859277912372],[-73.16052001959837,7.088423338683636],[-73.16101941246315,7.088169183830134],[-73.1611309586909,7.088026511285098],[-73.16127365495545,7.087705458294138],[-73.1622412863077,7.0854536418348735],[-73.159686165205,7.081578672115965],[-73.15611447518819,7.076263415276586],[-73.15042019983342,7.074207766302002],[-73.14611709949432,7.073949122849828],[-73.14174278855266,7.074154249944668],[-73.13974062908383,7.075228897516746],[-73.13940172693886,7.076267872945615],[-73.13893352973436,7.076878763208008],[-73.13862136771706,7.077284495751009],[-73.13712312813912,7.0784661772411495],[-73.13255703819037,7.079786064925977],[-73.12542247466502,7.079835103832751],[-73.12743799616085,7.072196669358265],[-73.12757170931897,7.0698646093722255],[-73.12510137984583,7.067746488963953],[-73.12488293426212,7.067577043826701],[-73.12457525519395,7.067470036357421],[-73.1242497470367,7.0674923516350745],[-73.1240446271353,7.068018515461031],[-73.12399996535888,7.068393064906737],[-73.12148061282835,7.0714476043365],[-73.11750752692473,7.073949095325034],[-73.11699471170026,7.074332615972744],[-73.116896650853,7.074421751455326],[-73.11470724464691,7.07652205325739],[-73.11303505511653,7.078238773758446],[-73.110970510033,7.081137189960446],[-73.11088577386869,7.08126649559126],[-73.10568646136859,7.089979619255308],[-73.10527618810718,7.090759958551973],[-73.09869460592229,7.096690529358079],[-73.08970507354655,7.1024784872227436],[-73.08447898430605,7.105969920329248],[-73.08295400298663,7.109363283189295],[-73.08150475254469,7.113840251123319],[-73.0801001633212,7.1180496096462385],[-73.0792217053126,7.119115344479116],[-73.07875797828305,7.119605828346059],[-73.07820950211185,7.119931374299004],[-73.07746928236786,7.119931348482],[-73.07172153352927,7.1193962643770545],[-73.06931355900984,7.118709610287071],[-73.06655339997349,7.116595988391487],[-73.06250902210286,7.114950545642138],[-73.0611935753124,7.114674109171161],[-73.06053805579968,7.114888152261748],[-73.05635099148739,7.125487421385445],[-73.05448265389825,7.129812727419629],[-73.05056308619577,7.135239484367254],[-73.04661228664956,7.139417668593052],[-73.04989420584138,7.144416297993045],[-73.05203459817626,7.146048326438631],[-73.05216835515328,7.146119712588891],[-73.05553945586969,7.147323632874808],[-73.0588926738357,7.1469357265985565],[-73.064470964904,7.149339160226655],[-73.06646864745673,7.16074550162207],[-73.06502839032329,7.166970434916653],[-73.06303961204804,7.173413831852957],[-73.05871874975821,7.181908399028284],[-73.05690393294091,7.185194791921705],[-73.06330269990632,7.188820000110391],[-73.0678153171418,7.189796547095922],[-73.0723992671946,7.191816550741447],[-73.07408481146888,7.192672664326243],[-73.07419631003651,7.195959058545401],[-73.0728630069981,7.199388066906469],[-73.07278726319402,7.19955753475356],[-73.0727069261,7.199664529009922],[-73.07257318098802,7.199713614237126],[-73.07238143449372,7.1997715870488435],[-73.07172153352927,7.199851819120984],[-73.07152978632816,7.199842899990389],[-73.07118195703956,7.199758174470483],[-73.07088321251226,7.199646729658209],[-73.07072713027671,7.199548600381224],[-73.07060671361558,7.199735928504165],[-73.07044171476781,7.2001193930497385],[-73.07034363406504,7.200395832616281],[-73.07030796834464,7.200707962811767],[-73.07029454866559,7.200971064338694],[-73.07025446975369,7.2017603028184745],[-73.07025446975369,7.202045686526928],[-73.07032580120554,7.202750254600703],[-73.07053087900694,7.203111410578463],[-73.07086537969437,7.203651000784637],[-73.07100804219891,7.203842759317133],[-73.07175719903151,7.20473903287427],[-73.07189094461592,7.204895070200586],[-73.07209160787944,7.205109138970913],[-73.07229668411368,7.20524286182144],[-73.075948757833,7.206339829064455],[-73.08032756758139,7.208261699019751],[-73.08209780076017,7.209104496619265],[-73.08288708838002,7.209550380684009],[-73.08392601876226,7.210174689543147],[-73.08460830960657,7.210593808516491],[-73.08953558548968,7.2140139786850295],[-73.08965599226768,7.214107622530514],[-73.08978531466066,7.21424135536593],[-73.09007511903503,7.214633770149382],[-73.09019111272835,7.2148165702623],[-73.09031151916335,7.215159970454917],[-73.09039617286454,7.215449754891207],[-73.0904541696376,7.215748508638477],[-73.09045867249203,7.21670725189921],[-73.08782331684041,7.222156237177132],[-73.08472421599458,7.228795901241617],[-73.08418466991144,7.230637466826077],[-73.08178123838698,7.247394774290182],[-73.08202205998725,7.260473300476088],[-73.08158949954331,7.266613500550109],[-73.08382794379028,7.262667173715852],[-73.08841634879049,7.258390902119176],[-73.09346854079334,7.255974117487007],[-73.10450480755179,7.248473918149342],[-73.10488824686799,7.248188520293375],[-73.10522269764105,7.247880818233326],[-73.10573995172653,7.247296652260524],[-73.10612347902871,7.246685775881102],[-73.10676112889473,7.245548725021885],[-73.10755483435665,7.243662489205851],[-73.10855367104395,7.241276879878611],[-73.1087320600086,7.240790873038522],[-73.12153409949613,7.221817379071001],[-73.12968085519391,7.2142814606521695],[-73.136565787704,7.209693085374772],[-73.14233586087435,7.210843556916214],[-73.14734787698336,7.21327823499836],[-73.15439766355716,7.2158510934692695],[-73.15730945628438,7.216038418622876],[-73.15657372392312,7.214067470698579],[-73.15384027543637,7.203798160911417],[-73.15240443877252,7.196569943202286],[-73.15136996090476,7.183134696376285],[-73.1508303919447,7.176017925568796],[-73.14849833728778,7.1693292892437395],[-73.14526986693328,7.167492156583514],[-73.14389204936461,7.166698396864393],[-73.14355315340282,7.1627521501846045],[-73.14385189328074,7.156794757321662],[-73.14447620253625,7.1560322584283815],[-73.1471650164627,7.153093685731574],[-73.15626608769439,7.140581500377551],[-73.15865163051191,7.129487248861276],[-73.16506385090791,7.111445739208008],[-73.17040143753817,7.1036333733846]]]},"id":"00060000000000000620","properties":{"continent":"America","disp_en":"Bucaramanga, Santander, Colombia","gaul0_code":185,"gaul0_name":"Colombia","gaul1_code":1940,"gaul1_name":"Santander","gaul2_code":114304,"gaul2_name":"Bucaramanga","iso3_code":"COL","map_code":"COL"}},{"type":"Feature","geometry":{"type":"Polygon","coordinates":[[[-73.26492986485422,6.629292004833301],[-73.26713715773212,6.624155170003785],[-73.2725817314266,6.601957735286321],[-73.27391943562075,6.591211289517718],[-73.27912323132384,6.577182964685759],[-73.28067946016553,6.569276971715552],[-73.28084439548515,6.568585854517452],[-73.2810628693577,6.568046242119827],[-73.28124130152409,6.567640503023183],[-73.28259236037405,6.565299452420826],[-73.2826324915994,6.565179081304584],[-73.28273066010422,6.564688568923436],[-73.28279301642787,6.564140126722114],[-73.28286886976753,6.559199419680066],[-73.28288668585063,6.5581336585357874],[-73.28287327879832,6.557594142140416],[-73.2828643707564,6.557059019104946],[-73.28275738424509,6.556385738770304],[-73.28250768886343,6.554927637724568],[-73.28236497995273,6.554338965055381],[-73.2822579931994,6.553933228616076],[-73.27978756556689,6.549023772054534],[-73.27939524597912,6.548439609832166],[-73.27520809080858,6.540417673668679],[-73.27481567310826,6.539650694117409],[-73.27462400816776,6.539173591428793],[-73.27410228276051,6.536551630235192],[-73.27398629362294,6.535918445408557],[-73.27391493642742,6.535187138969728],[-73.27326840139347,6.527521989030756],[-73.27353592405217,6.524293602713019],[-73.27386148600357,6.523740668608628],[-73.27420927346263,6.523120846243646],[-73.2745437428006,6.522465382270037],[-73.27469086595696,6.522081827876217],[-73.27479785637433,6.521720664266347],[-73.27479785637433,6.521435275399155],[-73.27478894800682,6.5207396522256325],[-73.27423158943097,6.515665253023118],[-73.27301869528992,6.512601830521223],[-73.27221162523878,6.510791382156848],[-73.26743591311977,6.510390097105048],[-73.26077843172813,6.510595186407056],[-73.25135195231744,6.51140675269087],[-73.24766868723992,6.511857166709359],[-73.23918753236228,6.519388579952466],[-73.22952460355475,6.525243323627811],[-73.2258280171976,6.526063849297714],[-73.2211414944556,6.529715879559183],[-73.21652192880029,6.531477210359096],[-73.20914653732814,6.536917254459288],[-73.20394272643337,6.54238861786905],[-73.212214418598,6.559413421934769],[-73.21980824314404,6.559190499440925],[-73.22327298794112,6.561384415398404],[-73.2260465451862,6.5681487985885125],[-73.23520553768913,6.58276576353969],[-73.236137481116,6.583403424889427],[-73.23652987718303,6.583751231937547],[-73.2381842330065,6.587207031946902],[-73.23827342135425,6.5881567945219475],[-73.23867022357071,6.593021685465377],[-73.2382555116889,6.597891018428768],[-73.23692677250236,6.610461263703594],[-73.2366993452709,6.612307288433643],[-73.23650755742527,6.612940490141993],[-73.23623999015521,6.613457751801924],[-73.2357093546193,6.613872472415836],[-73.23540614660318,6.614099835905431],[-73.23471944957203,6.614327245134719],[-73.23760455287533,6.619843202982786],[-73.23920085205783,6.6207840844591805],[-73.24821270342873,6.623129521993274],[-73.25534283719144,6.621448467595555],[-73.25580206287725,6.621243385129757],[-73.25637287647086,6.6212032350374],[-73.25696150676659,6.621301314206074],[-73.25732263936453,6.6214128290554655],[-73.25792908523367,6.621644665043007],[-73.25884320543462,6.622157474715837],[-73.25910633600922,6.622331402616277],[-73.26180403632515,6.6246545271508115],[-73.26492986485422,6.629292004833301]]]},"id":"00060000000000000621","properties":{"continent":"America","disp_en":"Cabrera, Santander, Colombia","gaul0_code":185,"gaul0_name":"Colombia","gaul1_code":1940,"gaul1_name":"Santander","gaul2_code":114305,"gaul2_name":"Cabrera","iso3_code":"COL","map_code":"COL"}},{"type":"Feature","geometry":{"type":"Polygon","coordinates":[[[-72.9796856055876,7.35314239776335],[-72.97950279276651,7.344201855219431],[-72.97955631215807,7.343831758557634],[-72.97953847236224,7.343666748981535],[-72.97935565942709,7.34262776525431],[-72.97923970063133,7.342123901609056],[-72.97790648573492,7.339863118215617],[-72.97690321335642,7.338302488093394],[-72.97558332027906,7.336523306217819],[-72.97526670342104,7.336139777253019],[-72.97513290248686,7.3359882141507935],[-72.9690907877672,7.3299282832650965],[-72.95966878847914,7.322187248505267],[-72.94112338773252,7.307886908129901],[-72.92874483487786,7.299784723115906],[-72.92717080635406,7.2984291776237225],[-72.92295252815266,7.294429340475627],[-72.92278751569141,7.2942510424968034],[-72.92272956754171,7.294108338686141],[-72.92253778880607,7.293229873009015],[-72.9224976846807,7.293038111148248],[-72.92247091855283,7.2926858889974016],[-72.92247091855283,7.292561037136828],[-72.92250660672266,7.292400490744421],[-72.92069173035961,7.294687989051799],[-72.91956808264821,7.297541804212798],[-72.91770415682409,7.305831337108656],[-72.9205936772567,7.308582583913075],[-72.92478072521503,7.311213458279039],[-72.93098338726995,7.314950127958805],[-72.93168342623288,7.31594897990907],[-72.93234336066946,7.318771620253876],[-72.93278034205962,7.325076757219586],[-72.93263768561219,7.328581596261938],[-72.93074259069434,7.3386324080347],[-72.92679626786472,7.338908886228907],[-72.92622995301727,7.339122941760843],[-72.92512408512515,7.340005884158632],[-72.92505721559607,7.340121804296298],[-72.92483867286704,7.340572169092124],[-72.9247852312538,7.340688057578236],[-72.92468708971028,7.340937775489777],[-72.92423224954163,7.34240484575184],[-72.92379083655835,7.344353480531178],[-72.92372396665591,7.345423678755603],[-72.9236525906747,7.346453678534578],[-72.92358572073356,7.346654364725509],[-72.92350100676506,7.346854990496251],[-72.9230640083801,7.347390121390063],[-72.9224798405958,7.347889548318615],[-72.9221097107158,7.3481347932611145],[-72.92169506002801,7.348420167103603],[-72.91966613617186,7.349780174952205],[-72.91023073369578,7.35514451130858],[-72.9063513076061,7.356254827088241],[-72.89519017226519,7.36246190426027],[-72.88635221582311,7.367875250092676],[-72.88666877050164,7.3745504678952045],[-72.88703444832393,7.376436720268441],[-72.8822677037879,7.377355309651234],[-72.88031461286621,7.377618386841833],[-72.87717095777236,7.377359769587592],[-72.87408071464586,7.376949536261214],[-72.87184676955657,7.376262814532376],[-72.87075876961472,7.375558258507439],[-72.86975991465245,7.375103443336989],[-72.86670094637084,7.37561178869082],[-72.86648244071753,7.375660785633638],[-72.86614801130337,7.375763360338102],[-72.86599639113096,7.375959548463056],[-72.8658983157251,7.3761780605069305],[-72.86576003654675,7.377060975728075],[-72.86983572357103,7.377854680577204],[-72.87025488065854,7.377975102144957],[-72.87040199110278,7.37802417714255],[-72.87055360851353,7.378077632289335],[-72.87110211660413,7.378358571374365],[-72.8732201484048,7.379749805070801],[-72.87398714951125,7.380454358625399],[-72.87598923717383,7.38259473745302],[-72.87610515601777,7.382759739307524],[-72.87617203918236,7.382960331832376],[-72.87622116494508,7.383526659226443],[-72.87715311031893,7.390019155756545],[-72.88261545110313,7.396939682263755],[-72.88336015867404,7.397711050392815],[-72.88557182383931,7.399463512805051],[-72.88951368785132,7.400729895631036],[-72.8986860931457,7.398112376624055],[-72.90932550384129,7.392864001716351],[-72.91501972482973,7.389029167224788],[-72.9249725021496,7.380079806306835],[-72.9313757626061,7.374590597750691],[-72.94007994853051,7.362337064638142],[-72.94580542573519,7.353512456725737],[-72.9461398341825,7.353044267066684],[-72.9495376892813,7.349878296884211],[-72.95124998004634,7.348652013132097],[-72.95359987671142,7.348643107573631],[-72.95388525447841,7.348643105534761],[-72.9601235608823,7.348723371336756],[-72.96235316749447,7.349097927336826],[-72.97507496710935,7.351777896191193],[-72.9796856055876,7.35314239776335]]]},"id":"00060000000000000622","properties":{"continent":"America","disp_en":"California, Santander, Colombia","gaul0_code":185,"gaul0_name":"Colombia","gaul1_code":1940,"gaul1_name":"Santander","gaul2_code":114306,"gaul2_name":"California","iso3_code":"COL","map_code":"COL"}},{"type":"Feature","geometry":{"type":"Polygon","coordinates":[[[-72.64907010379234,6.436400268761946],[-72.6452798644346,6.443637318455512],[-72.63653106235563,6.459922010438344],[-72.63628582776093,6.460015632308953],[-72.63606729989944,6.460131578931317],[-72.63510864429375,6.460684531996524],[-72.63438177793805,6.461219590310324],[-72.63386450696491,6.461736839159016],[-72.63362820229449,6.461977624831034],[-72.62925377453072,6.46661512537834],[-72.62701537251894,6.4710296297284],[-72.62499539821428,6.486623053336401],[-72.62612796449825,6.495255898582453],[-72.62698857437566,6.4991487198847135],[-72.62776445618391,6.500736131663431],[-72.63005202610758,6.502551016496804],[-72.63270959852063,6.503638998020232],[-72.63662029593011,6.506229788967895],[-72.63694131999785,6.506479465867267],[-72.63748087050128,6.507090382010904],[-72.63810956269347,6.507942047207446],[-72.6450613442745,6.510764671319629],[-72.64841013162903,6.516557010244082],[-72.64825404773683,6.5166640442014625],[-72.64727748368774,6.51847887153285],[-72.64711255731295,6.518875766664242],[-72.64700997449755,6.519165606379295],[-72.64614934184529,6.521716241825033],[-72.64583275027893,6.523067309942949],[-72.64578366907755,6.523655888798931],[-72.64577482724246,6.524039402620448],[-72.64579711227518,6.524333745593055],[-72.64584610325119,6.524717193793672],[-72.64590411649422,6.525100650277838],[-72.64597097155261,6.52543955839423],[-72.64616269480098,6.52604603639587],[-72.64636786107266,6.5264919079993],[-72.64667109904595,6.527138444223888],[-72.64688510670518,6.527450590875245],[-72.6470143953937,6.527606708964676],[-72.65164745238394,6.531789348142053],[-72.65664608273153,6.540787778658481],[-72.65976294809133,6.553255441077552],[-72.66291559125268,6.562204814552962],[-72.66298695267515,6.562369868385159],[-72.66908255145118,6.566828936800526],[-72.67333649194451,6.569669375802944],[-72.68048441967748,6.574164157125724],[-72.68094368077172,6.574427274244061],[-72.68140303124159,6.574650183667901],[-72.68179544506256,6.574717066672573],[-72.6821877680643,6.574766108804022],[-72.68265153654787,6.57476612761485],[-72.68306623018965,6.574725991890384],[-72.68356562976487,6.574614535892801],[-72.69412035658279,6.585338698834999],[-72.702543614367,6.594372779589493],[-72.70350679565654,6.593935824589712],[-72.70773841738722,6.59193367624192],[-72.71305812852255,6.5882861305374165],[-72.72100875622498,6.581227383900185],[-72.72289492661716,6.579069176806072],[-72.72295734172954,6.578779336874009],[-72.72320258246108,6.577771567190664],[-72.72384919065198,6.57527447901076],[-72.72392946411462,6.575064867420109],[-72.7240900109627,6.574815214778641],[-72.73197363631766,6.564920475207152],[-72.73234378394746,6.56456369951741],[-72.73253553174848,6.564403190685786],[-72.73379740177366,6.5633954048869665],[-72.73430580975783,6.563083334075502],[-72.73455103935189,6.563003030376944],[-72.73810941178537,6.561959610474642],[-72.73855080011204,6.561888257329906],[-72.73879611572197,6.561919444045638],[-72.73908589447521,6.562084424358596],[-72.73935348632071,6.562231644587599],[-72.74081157273432,6.56348017327269],[-72.7424213472242,6.564960609813023],[-72.7432997788013,6.565789943825229],[-72.74345138459465,6.565428789290398],[-72.74365205244214,6.564782207560509],[-72.74397312066176,6.563694200872844],[-72.74444128428155,6.561567182364106],[-72.74452155112083,6.561165898315938],[-72.74454391760625,6.560608520509971],[-72.74448592707736,6.56026957573139],[-72.74435659822868,6.559912861506184],[-72.74417378808877,6.559609657325218],[-72.74382151518606,6.559275210506625],[-72.74342910819891,6.55892292176049],[-72.73974589972762,6.556755847533735],[-72.73132713933624,6.5521540565814504],[-72.72476773399363,6.553197490958092],[-72.71877919285559,6.552051489936973],[-72.70799711290141,6.541697408833538],[-72.70292706523631,6.534491530351045],[-72.69809343078389,6.5253905133854575],[-72.6904237942969,6.5116029545311696],[-72.6896032708148,6.511027750451544],[-72.68715079537176,6.508811552994259],[-72.68681188334746,6.508365677577412],[-72.68659781916999,6.507897461544062],[-72.68456893640372,6.503103891740894],[-72.68113546781333,6.49460040454464],[-72.67949002769204,6.488999826527865],[-72.67952575117683,6.482761482456905],[-72.67819694239788,6.477865394563343],[-72.67564629558566,6.472193463256773],[-72.67245357557302,6.4666284645198315],[-72.66920731812294,6.461224044494487],[-72.66598339257342,6.454508660023535],[-72.66062362491157,6.44319593913089],[-72.64907010379234,6.436400268761946]]]},"id":"00060000000000000623","properties":{"continent":"America","disp_en":"Capitanejo, Santander, Colombia","gaul0_code":185,"gaul0_name":"Colombia","gaul1_code":1940,"gaul1_name":"Santander","gaul2_code":114307,"gaul2_name":"Capitanejo","iso3_code":"COL","map_code":"COL"}},{"type":"Feature","geometry":{"type":"Polygon","coordinates":[[[-72.49889196412255,6.728261811165466],[-72.50154519082298,6.725693344084853],[-72.50327526695939,6.724975446381131],[-72.50751144567683,6.723338932219805],[-72.50985694524259,6.722732481535899],[-72.51347774607247,6.723619817661701],[-72.52763089721088,6.728689857067754],[-72.53472086128083,6.740256794214013],[-72.53617009752101,6.744336828446054],[-72.53762374850841,6.745130554283933],[-72.54556538728058,6.745482804997489],[-72.55198201029805,6.745299970911923],[-72.56165380555593,6.743650138101926],[-72.57067463593424,6.743699161461837],[-72.57832638791923,6.747520592708043],[-72.58660700287828,6.75604198329157],[-72.58868494377613,6.757286050066506],[-72.5887384577982,6.757294991498518],[-72.58882761772942,6.757187981850325],[-72.58895242353289,6.757005100581433],[-72.58905051742288,6.756755436074049],[-72.58906838548714,6.756528009735072],[-72.58950091860538,6.745117168197378],[-72.58903273960013,6.740965768969204],[-72.58876968182621,6.739021595101904],[-72.58793574630378,6.736332779769828],[-72.59301467061643,6.726290870795088],[-72.60521032254445,6.72230891118675],[-72.61995211506229,6.720806174203787],[-72.62605217149985,6.710715201704993],[-72.626136897243,6.7092794087542575],[-72.62430423436652,6.703268503576962],[-72.6236755082443,6.701413494443454],[-72.62614582998746,6.699955407733827],[-72.62629741590638,6.699835034551026],[-72.62656494678843,6.699509528109472],[-72.62676561732393,6.6992508808793545],[-72.62694842227019,6.698969955566043],[-72.6270688785677,6.698738105346682],[-72.62721153123324,6.698229699908808],[-72.62767079828835,6.69657538704788],[-72.62793390650901,6.695558745359733],[-72.62805436234285,6.694880908564233],[-72.62837088571695,6.692481962305287],[-72.62839317226816,6.6910059898888266],[-72.63328930907547,6.678658761991853],[-72.64234128492339,6.663863445301033],[-72.64842799555973,6.654954163556737],[-72.65229848432668,6.651324467164234],[-72.65437192335239,6.649977828452939],[-72.65649442462224,6.6485152298546275],[-72.65776082570038,6.647083839749563],[-72.65853228343398,6.644952402969702],[-72.66178291769548,6.635548119696777],[-72.66563561105015,6.621091725526124],[-72.66763776154906,6.616494389653402],[-72.6658719762359,6.614429820924439],[-72.66163577351163,6.613814485389182],[-72.65188825139384,6.616695084904436],[-72.64609141888079,6.617359461051494],[-72.63865362199512,6.6173416257551665],[-72.63842174279934,6.616556859909603],[-72.63819428444201,6.614938210258321],[-72.637886615338,6.611995195466826],[-72.63779747243159,6.610840250758697],[-72.63789554767206,6.608851477986822],[-72.63826565279412,6.6080176775713655],[-72.63909058288002,6.6069875820833515],[-72.63955876087144,6.606385585380577],[-72.63977286472361,6.606051161596708],[-72.63966134668395,6.605172712748773],[-72.63940718281442,6.604120382208488],[-72.63902372601837,6.603179507796265],[-72.63789554767206,6.600798339612239],[-72.63564819866772,6.59610740354463],[-72.63523793894903,6.595541061047882],[-72.63274532857884,6.59338731270559],[-72.62333660184738,6.587251616017359],[-72.62257857236561,6.586778991938576],[-72.61865899814437,6.585615142887498],[-72.61789644320369,6.585633004999392],[-72.61717412987262,6.586061028029359],[-72.61576504907183,6.587305168175931],[-72.61484647148615,6.588219251698783],[-72.61410177154849,6.589039725688699],[-72.61365141337137,6.589837932705603],[-72.61314312398142,6.590457748055209],[-72.61257230107465,6.591081982888505],[-72.61163593580818,6.591585833861365],[-72.61056123657373,6.592013943007853],[-72.60958470915845,6.592165566922336],[-72.60599069178441,6.592232443877759],[-72.60515239032107,6.592174488097496],[-72.60468414948865,6.592036269726868],[-72.60423828669035,6.591625991840387],[-72.60379233288232,6.591019599476531],[-72.60334646853973,6.590257079531644],[-72.60231640255009,6.58822369161661],[-72.60139335524796,6.582422407527939],[-72.60167877926104,6.581289801430426],[-72.60207555691638,6.579764805951315],[-72.60257502484947,6.578846194502507],[-72.6031056238692,6.577999012709877],[-72.60374775550656,6.577013551649449],[-72.60400637636856,6.5735488222208325],[-72.60380126640408,6.570043915274124],[-72.60366753425828,6.567850060584885],[-72.60345791213832,6.5668244796282265],[-72.6031457797029,6.565691896481155],[-72.60043908202653,6.559636435617529],[-72.59994863384715,6.558539498195957],[-72.59441485186953,6.563547068031389],[-72.58485455637553,6.567974900667446],[-72.57404126856353,6.576286682389539],[-72.56691112866196,6.582105800162452],[-72.56486442061357,6.586243879237714],[-72.56013332082696,6.590029640622618],[-72.55381031236075,6.589445506900943],[-72.55279810050591,6.58931617823053],[-72.5526018852877,6.58928498288338],[-72.55249926485027,6.589258235629111],[-72.55195529462765,6.589062002529247],[-72.55077366500844,6.588477867006966],[-72.5500646124626,6.588103285019594],[-72.54981938597456,6.5879561582146575],[-72.5480758975241,6.586645207001498],[-72.54221661878488,6.583465851168594],[-72.54212302017024,6.5836174800079705],[-72.54173950919963,6.584246191205773],[-72.54099486991187,6.5851691994120225],[-72.5376772730383,6.588745443750198],[-72.53672745922327,6.589155636207082],[-72.53608091953853,6.5893607928417115],[-72.53183581387188,6.5905959333054565],[-72.52607022729359,6.594350479325765],[-72.52194555499165,6.601636693821586],[-72.5205096898692,6.610715447497074],[-72.51998352597647,6.617310438283227],[-72.51958220005535,6.6188399227769485],[-72.51883758810338,6.6200973254624325],[-72.51352233890644,6.6273880035860495],[-72.51203298832763,6.6286142189060975],[-72.5098257117712,6.630148193883037],[-72.50653489277063,6.631619673353712],[-72.50493853061276,6.6318649090888995],[-72.49781291806254,6.636845709785323],[-72.4951463834416,6.64290117601635],[-72.48871636583911,6.65230098748123],[-72.48715564613696,6.653322154204388],[-72.4862058306716,6.654481493465399],[-72.48570198743926,6.656385544011933],[-72.48553695848557,6.6570989770621445],[-72.48550581241878,6.658530388683006],[-72.48608548977516,6.670623424938478],[-72.48892147593553,6.685311740478123],[-72.48690593735381,6.689391808848117],[-72.48631732425154,6.690903388256321],[-72.48527388695422,6.6942878486273925],[-72.48474322917258,6.701667728700264],[-72.48470756907601,6.702568406881393],[-72.48729837545505,6.712806518606914],[-72.49273394898883,6.720119464529964],[-72.49727777169117,6.724266426920457],[-72.49796900221676,6.725238495657739],[-72.49848618265668,6.726183827462601],[-72.49874933133125,6.727111317814966],[-72.49889196412255,6.728261811165466]]]},"id":"00060000000000000624","properties":{"continent":"America","disp_en":"Carcasi, Santander, Colombia","gaul0_code":185,"gaul0_name":"Colombia","gaul1_code":1940,"gaul1_name":"Santander","gaul2_code":114308,"gaul2_name":"Carcasi","iso3_code":"COL","map_code":"COL"}},{"type":"Feature","geometry":{"type":"Polygon","coordinates":[[[-72.93848797176044,6.6907116712408365],[-72.9350723859941,6.688669383787922],[-72.92366151267352,6.6809016245638615],[-72.91308447455641,6.67542138735928],[-72.91236212010938,6.675229676050673],[-72.91152386176799,6.675171683777414],[-72.91069001667084,6.675247520926124],[-72.90842477691386,6.675506157811865],[-72.90795206065692,6.67597880562638],[-72.90896427615856,6.682761132901476],[-72.90875031519347,6.684018567886923],[-72.9085585252528,6.6870240470493805],[-72.90851391243915,6.6898957060473085],[-72.90864775085518,6.6912958285093325],[-72.90934776511031,6.693694806841746],[-72.9094414066201,6.694626763694398],[-72.90940571650134,6.695558760649399],[-72.90666341968951,6.703571754836251],[-72.90646721182311,6.704080072644479],[-72.90433126656049,6.707544783441458],[-72.9037560659315,6.708035284207936],[-72.90279294878539,6.70869520907868],[-72.90242729493173,6.708936065008738],[-72.90101370452057,6.70940425436669],[-72.90057675522647,6.709524597076963],[-72.89339762220035,6.71111205633309],[-72.88631210564765,6.711549098214],[-72.8835875725463,6.712922438057576],[-72.88024322397465,6.717274562406367],[-72.87992666085752,6.717711568256859],[-72.8797883897073,6.718197576611202],[-72.87949859691571,6.721653360940055],[-72.88039934207877,6.724012253228121],[-72.88080063364718,6.724186134645995],[-72.88127331315566,6.724502772863653],[-72.88153191640771,6.724765823574814],[-72.88297662825279,6.726669883900018],[-72.88593308669356,6.7318736337945895],[-72.8897009863028,6.739770751615181],[-72.89098521160507,6.742704775985982],[-72.8914534545972,6.743855269768241],[-72.89493600015084,6.753478023240318],[-72.89528381929915,6.754632911142543],[-72.89516781955102,6.761383983646505],[-72.89471301347174,6.762708337392158],[-72.89404864894279,6.763573409048863],[-72.8898258218115,6.768951042076635],[-72.88843460076788,6.774859345742309],[-72.888296334499,6.783068598549541],[-72.8879841985557,6.789311320029484],[-72.88736884880431,6.7985728942595705],[-72.88621845512208,6.805636059826118],[-72.88542472264166,6.807776472949111],[-72.88487624710255,6.8098678212477886],[-72.88483613668136,6.81268147316948],[-72.88484506012395,6.814536435724555],[-72.88708798848597,6.816480616358165],[-72.88826514796322,6.817207465027804],[-72.88929078628003,6.817434860299263],[-72.89082026727338,6.816716973341665],[-72.89359825723923,6.814910995368307],[-72.89562271490156,6.8130916849626475],[-72.90240052656019,6.8051767961317635],[-72.90857637037594,6.79842130780471],[-72.91379799458228,6.796945332430275],[-72.91427953152578,6.7978995215429565],[-72.91536760497802,6.799536012078811],[-72.91587590563246,6.800182605414575],[-72.91658932721174,6.8010432038167465],[-72.91666521149405,6.801127935130433],[-72.91745000857425,6.801926120407782],[-72.91753472468754,6.802001896582526],[-72.91983115078857,6.803914903912669],[-72.9210128359656,6.8045079158320565],[-72.9282855865887,6.80526155377469],[-72.9334938032508,6.8059482512216],[-72.93789050461835,6.806648306093703],[-72.93832747583232,6.806278204630428],[-72.93956710355953,6.80526596438576],[-72.93967416037644,6.805301672117742],[-72.9397543628424,6.80532398784748],[-72.93991936356093,6.805395281139225],[-72.94095838784897,6.805899191555028],[-72.942001823198,6.806420879512087],[-72.94330388063102,6.807129922161661],[-72.94339300313322,6.807183382482451],[-72.9437943693773,6.807459859282346],[-72.94386123364758,6.807522266020145],[-72.94464161578883,6.808579133122586],[-72.94496710467307,6.80912760895161],[-72.94906496437397,6.806108729874076],[-72.95401906742741,6.801997496060405],[-72.95618619592034,6.794920903886379],[-72.95631550212941,6.794492784258469],[-72.95664548044226,6.793667894745483],[-72.95673910336981,6.793458300889039],[-72.95689517153646,6.793297731096411],[-72.95838448198958,6.791835139469192],[-72.95859407321035,6.791741509748162],[-72.95959291790408,6.791474017845839],[-72.96540316396495,6.790314592399974],[-72.9670173061335,6.79015410871636],[-72.96865387321634,6.790122878271871],[-72.98132217496767,6.790176417925117],[-72.98238336214406,6.79191541869302],[-72.98348031364,6.791558750342011],[-72.98427407987467,6.79122428219263],[-72.98506333854138,6.790510855828678],[-72.98537543735759,6.789623443462534],[-72.987114497726,6.783050734107061],[-72.98704314082339,6.782310564540051],[-72.98516586989555,6.777378769856932],[-72.97920852599586,6.765927765511179],[-72.9809074475212,6.762721718417025],[-72.98151832106394,6.761000458199583],[-72.9832083061846,6.754583871151048],[-72.9832083061846,6.753968480435736],[-72.9830522553927,6.753357575758846],[-72.98268212989113,6.752844784922792],[-72.98196872666367,6.752287439176307],[-72.98113044357757,6.751970855279328],[-72.9802742276708,6.751680975073725],[-72.97795108553056,6.751208323784558],[-72.97400032184476,6.750401177208292],[-72.9697686389563,6.743217565415604],[-72.97113307551179,6.737576857928175],[-72.9726046362389,6.730277308060274],[-72.97275177378692,6.7292784306629825],[-72.97278294927521,6.728440128515578],[-72.97275618881298,6.727753468954455],[-72.97256895559497,6.72724063247833],[-72.97083429314262,6.72541244029439],[-72.9672759967564,6.7225362695907185],[-72.96068096450327,6.718429459976359],[-72.95770227299629,6.717167514042964],[-72.95569122731995,6.717038188552923],[-72.9542687612873,6.717033774358709],[-72.94849870249513,6.71345309496276],[-72.93970092457315,6.707576023958176],[-72.93570104056982,6.70397308264614],[-72.93544240564566,6.703460270549376],[-72.93536220172712,6.702630900278501],[-72.93582143638298,6.700423624863774],[-72.93671331874111,6.697016851985477],[-72.93848797176044,6.6907116712408365]]]},"id":"00060000000000000625","properties":{"continent":"America","disp_en":"Cepita, Santander, Colombia","gaul0_code":185,"gaul0_name":"Colombia","gaul1_code":1940,"gaul1_name":"Santander","gaul2_code":114309,"gaul2_name":"Cepita","iso3_code":"COL","map_code":"COL"}},{"type":"Feature","geometry":{"type":"Polygon","coordinates":[[[-72.73403821249664,6.98682721710785],[-72.73533579047147,6.986501727512876],[-72.7367716233899,6.985966599221792],[-72.73776605910781,6.985159519841359],[-72.73881397324591,6.984178466589712],[-72.74350486597385,6.977788627193847],[-72.7444056602266,6.976535635994147],[-72.74485605613079,6.9757285365531345],[-72.7459172881116,6.971122226731225],[-72.74607331146821,6.969597230640095],[-72.7468536973437,6.957628998916952],[-72.74414258318714,6.95403051748292],[-72.73855972888295,6.947881453224994],[-72.73470706982508,6.944670900360178],[-72.73121566172998,6.940113686425633],[-72.73252660276195,6.930869953890924],[-72.73322667041315,6.927044013819687],[-72.73464465764751,6.924234822931944],[-72.73566579827883,6.923039786073951],[-72.74043259915575,6.909229893346688],[-72.73963442588308,6.905876688223032],[-72.73907705591255,6.902465505932317],[-72.73889866118297,6.901150052888096],[-72.73875598138318,6.899410990515222],[-72.73733792732902,6.8812446484981775],[-72.73833678008312,6.877240316504192],[-72.74008474022567,6.873325268538546],[-72.74268884529947,6.863247716406642],[-72.74182384964294,6.861932247811238],[-72.74123076987183,6.860612368759963],[-72.74078487685142,6.858726161969456],[-72.74052179598752,6.857201147596653],[-72.74046380452218,6.855734116787724],[-72.74097661816309,6.853379706248203],[-72.74135117167316,6.85194833303388],[-72.7417792063699,6.850735439210725],[-72.74282710363237,6.848577257801509],[-72.74337111741038,6.847672009934121],[-72.74383486296513,6.847132468413372],[-72.74534207514608,6.8460177146137156],[-72.74640781439267,6.845380041266432],[-72.75072862462628,6.840858521133731],[-72.75722557131877,6.830780977543168],[-72.75741729995457,6.830241427552162],[-72.75767143486068,6.829371904208591],[-72.75775169742778,6.8286004601135275],[-72.75781419399293,6.8270977788195255],[-72.74789715412012,6.8304643598100325],[-72.73616076407612,6.836435136619839],[-72.73571486198772,6.836782932263151],[-72.73373949893593,6.8378397482624775],[-72.7333337277384,6.83781745162548],[-72.73231257756514,6.837273434785059],[-72.73077417023579,6.835975805126075],[-72.73027026469008,6.835146461431635],[-72.72662717864813,6.825773388273695],[-72.72240444431068,6.817194069981263],[-72.72029079551248,6.813653563064534],[-72.71903778678477,6.8120081835623605],[-72.718212846865,6.811004888663758],[-72.71755738479298,6.810362780164298],[-72.71669230211664,6.809783065703999],[-72.71576479956458,6.809297055611394],[-72.70392145497985,6.804614933293976],[-72.69798193839982,6.802394354688138],[-72.69497207639377,6.80153820956288],[-72.69387066736545,6.801324151010197],[-72.69222522006042,6.801836950137524],[-72.69185961375956,6.80218477878785],[-72.68274517419714,6.815321265232058],[-72.68337835503986,6.817408155634025],[-72.6838154193915,6.819802655747078],[-72.68394468926017,6.820538450202462],[-72.68353892778944,6.821077926031179],[-72.68107746262277,6.824119108413275],[-72.68043985570053,6.824716601427359],[-72.67881227284377,6.825831381201208],[-72.67827271986833,6.826174751676035],[-72.67674769390659,6.8262505077816575],[-72.67630177656295,6.826268341978645],[-72.65944637346234,6.825251705783336],[-72.65433177555501,6.824101249704235],[-72.65150030233356,6.822237307243836],[-72.64762980143382,6.818268727872869],[-72.64499439875445,6.814170795417028],[-72.63492575495225,6.817805017291184],[-72.63442192887683,6.818308883417963],[-72.63387786056329,6.8186165193742],[-72.63318672070413,6.817822815297507],[-72.63161712251303,6.815539742658089],[-72.62918691509607,6.811981426041176],[-72.62738098192433,6.808614779130753],[-72.62672997666027,6.807245831219324],[-72.62535207773159,6.803593804192112],[-72.62504439317867,6.80245233297229],[-72.6247991475724,6.801217096946138],[-72.61794995115596,6.799402293728173],[-72.61482860520975,6.8034422530279395],[-72.610391774773,6.803321844459986],[-72.59762984358247,6.800980827841579],[-72.58596934077924,6.798853768049198],[-72.58393595886538,6.798728955818427],[-72.58235297460244,6.798960812686917],[-72.5818714263603,6.7991079466357025],[-72.58142101189205,6.7993755226807],[-72.57956158871103,6.801435659137529],[-72.57470116098135,6.8069202989646],[-72.56378086276965,6.82055628737892],[-72.55783682782452,6.829835623182646],[-72.55664177702022,6.845041154402953],[-72.55370769239899,6.855136590418474],[-72.5523477258895,6.862115050833513],[-72.55394849273797,6.8636713258920405],[-72.55434985622686,6.864130596595285],[-72.55446132090442,6.864763745659828],[-72.55451484198369,6.866369085247429],[-72.55426510693809,6.872683117943001],[-72.55414028445301,6.87532295177806],[-72.55407340556982,6.87608540492103],[-72.55136673688348,6.880678319721671],[-72.55028312287851,6.882172144073453],[-72.54824088724948,6.8848564926252696],[-72.54736692790581,6.885953445507044],[-72.54692538913882,6.889467206633985],[-72.5469209665268,6.890109310918851],[-72.54699236011187,6.8909387015585235],[-72.54818294229216,6.90012448406151],[-72.55035000273378,6.907807472464749],[-72.55291398835752,6.913055801174576],[-72.55253049323744,6.921590560207312],[-72.54765674372653,6.929179928248729],[-72.54304600755204,6.935083833783593],[-72.54264913962386,6.935516334534165],[-72.542323665954,6.936122806887686],[-72.5421764535204,6.9365909896290265],[-72.542310307625,6.9400690867422385],[-72.54360786752967,6.950084227792463],[-72.54441938074805,6.9533839502444845],[-72.54499017332036,6.955252322686685],[-72.54684966317961,6.957843041367678],[-72.54895878990602,6.960469463097885],[-72.5521381525062,6.964964232299262],[-72.55324396158431,6.966796944124388],[-72.55449697154023,6.96905768290983],[-72.55481358507407,6.970569289924255],[-72.55480916259577,6.971247104634284],[-72.55466646993943,6.971857998473661],[-72.5540822505513,6.973935981796036],[-72.55386383357369,6.975550126136464],[-72.55319937551079,6.981110656990142],[-72.55294079418502,6.98383513336023],[-72.55339559027932,6.986992213969897],[-72.55385932082429,6.988392339383702],[-72.56208196205523,6.999397381551279],[-72.56455675418195,6.999874566532581],[-72.57539678973728,7.001341583297045],[-72.58377099179938,6.998857899896117],[-72.59085653930606,6.9947198107630495],[-72.60110350923041,6.990193860394679],[-72.60953119946365,6.992909406074414],[-72.61164929056469,6.993422228231712],[-72.61204614307995,6.993457876308808],[-72.61337493583042,6.993319661602],[-72.61437824830709,6.992927241434838],[-72.61488211380149,6.992713239945637],[-72.6158541996488,6.992178140697779],[-72.61704031445018,6.991286343430995],[-72.617365874709,6.990675374564388],[-72.62355062904903,6.9875362071705736],[-72.63098390294846,6.987415776179548],[-72.63310199729519,6.987995523294857],[-72.63819428444201,6.989841558067843],[-72.63884083948005,6.9900957484832045],[-72.64056206097914,6.991322002360236],[-72.64113282149255,6.991968569597457],[-72.64145393011056,6.992686433053064],[-72.64227442891332,6.99383692056911],[-72.64442364688178,6.995353036567033],[-72.64668445197431,6.996935955616416],[-72.64808009979515,6.997515641812692],[-72.64854835150459,6.997515691706184],[-72.64912360522017,6.9975156882317755],[-72.65045238581165,6.9970564079353785],[-72.65174552229671,6.996592624336813],[-72.6520710383508,6.996378571964505],[-72.65250355543489,6.996093190446116],[-72.65300743600856,6.995700796178089],[-72.65311443719801,6.995593790708846],[-72.65653457207817,6.992160278089428],[-72.66139056308818,6.97919766565409],[-72.66468581773209,6.971037499340041],[-72.6670759015978,6.965824850224875],[-72.6685028321836,6.965503809770884],[-72.6688640517522,6.965931863728563],[-72.66939911405828,6.967180401115926],[-72.66975140113425,6.968210479326497],[-72.6704246695409,6.97114005089008],[-72.67539216769804,6.990492557173779],[-72.67747010900723,7.004672510857647],[-72.67878999070892,7.0069689330632565],[-72.68298594367737,7.008560879099085],[-72.68743612340134,7.00911376141461],[-72.69174811861632,7.0080124013213565],[-72.6948472322381,7.00486425815643],[-72.70297171544065,7.0021263572366745],[-72.70766706861238,7.0046502046672625],[-72.70906725078822,7.005087213937783],[-72.71883267951858,7.005185298865162],[-72.71958627201306,7.005189803587631],[-72.72084378779623,7.005122906714608],[-72.7217756911286,7.005051546079196],[-72.72249806715692,7.004659170855959],[-72.72285929948679,7.003727183034115],[-72.72365743618631,7.001506569043589],[-72.72376891716354,6.999999365685885],[-72.72391611527094,6.998313830174705],[-72.72420591129178,6.996985074221229],[-72.72547233310027,6.9940108325914965],[-72.7265558352516,6.992039911024037],[-72.72806748111896,6.990612993335874],[-72.72972180288977,6.9892886493314235],[-72.7319513588965,6.987968726155119],[-72.73403821249664,6.98682721710785]]]},"id":"00060000000000000626","properties":{"continent":"America","disp_en":"Cerrito, Santander, Colombia","gaul0_code":185,"gaul0_name":"Colombia","gaul1_code":1940,"gaul1_name":"Santander","gaul2_code":114310,"gaul2_name":"Cerrito","iso3_code":"COL","map_code":"COL"}},{"type":"Feature","geometry":{"type":"Polygon","coordinates":[[[-73.1755114989472,5.994538998444338],[-73.17120401371547,5.99032515625895],[-73.15902624587385,5.980747029852551],[-73.15520479802302,5.974999239067126],[-73.15513790455623,5.972332695436793],[-73.15497287657868,5.97100388621524],[-73.15474545648496,5.969706219820363],[-73.1541836576517,5.968310565467313],[-73.15282363055071,5.966745447239567],[-73.15109797077162,5.965247171654272],[-73.1488103957149,5.964078886765766],[-73.14107831522198,5.960939699786033],[-73.13646764522447,5.959370061695895],[-73.13443878759642,5.959334408082069],[-73.13025613071144,5.959258621362753],[-73.12923496839808,5.959552847416114],[-73.11946954105522,5.96159516308456],[-73.10791152365165,5.963570518347189],[-73.10372892180817,5.962799142657506],[-73.09131034079596,5.9643374830011755],[-73.08978081179303,5.964569358895339],[-73.0869894672063,5.9655950021836786],[-73.08456373021103,5.9670531045263555],[-73.08396618535947,5.967449952068895],[-73.0822048825001,5.968711851879406],[-73.08113910626358,5.970169983110538],[-73.0810053660381,5.9710662964916414],[-73.08218705055694,5.977188655077317],[-73.08372536579054,5.977340243105942],[-73.08472871896107,5.977389306927942],[-73.09139508418637,5.977531954917806],[-73.09760657258951,5.9771484670973765],[-73.10858041588999,5.980399195856684],[-73.1225953660432,5.989107786936631],[-73.12602441368006,5.988710971486613],[-73.12612697276464,5.988706513927512],[-73.12626969099267,5.98870200056326],[-73.12640790698339,5.988710930966293],[-73.12659960837202,5.9887332670699065],[-73.12853489195547,5.988947264450325],[-73.12864195201615,5.9889651509744475],[-73.12875342408654,5.988991871211728],[-73.12890496478632,5.989027538078606],[-73.12901652677014,5.989063188964164],[-73.12910566826764,5.989103335720453],[-73.12917698144057,5.989143464892289],[-73.13616439369942,5.9939503811283315],[-73.13905391053062,5.997379470254344],[-73.13947753878024,5.997887740664668],[-73.14015975417897,5.998748382475286],[-73.14037377329079,5.999073877471454],[-73.14038718886997,5.999109553327819],[-73.14040501628268,5.999149716607512],[-73.14042284369403,5.9991987320813625],[-73.14050756889749,5.999439555704246],[-73.1405253963008,5.999488571464637],[-73.14053881187104,5.999524247620758],[-73.14054772557165,5.999555511178451],[-73.14055663927189,5.999591123217168],[-73.1405655529718,5.999622386815673],[-73.14110064443858,6.001798379149526],[-73.14497112891816,6.018065184775727],[-73.14631778780739,6.027135045837084],[-73.1448284224041,6.039847908653595],[-73.1419568061757,6.045020450463006],[-73.14126559245464,6.045854360217236],[-73.14036936145583,6.046541027939949],[-73.14482401065554,6.06057379650392],[-73.1439678597099,6.071877671333988],[-73.14749949534388,6.08686467906146],[-73.14832889280359,6.091408519500047],[-73.1554322176563,6.095461865259203],[-73.15644443933115,6.096028134649528],[-73.1580273602302,6.096482987934579],[-73.16175963184344,6.097325714450874],[-73.16325347757602,6.09732570004255],[-73.16472048517517,6.097298997023044],[-73.16639265518076,6.09709386075037],[-73.16824315517906,6.0968887348452245],[-73.16967907153018,6.096799564856528],[-73.17057527677015,6.0971607510899215],[-73.17114162623587,6.097521905044355],[-73.17230546948436,6.098659002571112],[-73.17313927738462,6.100754772270545],[-73.1738483087608,6.102935256578804],[-73.1748292998745,6.106346524128541],[-73.17503437392159,6.1085002310270164],[-73.1751815625983,6.110595988615671],[-73.17515032439786,6.112268176267242],[-73.17484712457956,6.113824394913728],[-73.17349154274332,6.119862019203136],[-73.17319284192,6.120967880228636],[-73.17001342717018,6.127718979949755],[-73.16896561579915,6.1298415322865],[-73.16703481775585,6.133332938369779],[-73.16502819995412,6.1364097162192275],[-73.16335151845385,6.139245768254943],[-73.161790871893,6.142500882187079],[-73.16170165318091,6.143579950669524],[-73.16175963184344,6.144837464556355],[-73.16258906720287,6.149260846517469],[-73.16200045920357,6.159788854420587],[-73.1639535371286,6.170347991789403],[-73.16057799856324,6.170669059883927],[-73.15932496539436,6.170816151719109],[-73.15797838366004,6.17120414587184],[-73.15767957233462,6.171471669152267],[-73.15202098925802,6.1776207318604515],[-73.15148142184502,6.178338697196102],[-73.15118269199665,6.1791770266758395],[-73.15108905748468,6.180010874549937],[-73.15124067334817,6.180911572214934],[-73.1515973843807,6.181357479496995],[-73.150785825454,6.184197936826543],[-73.14856514267667,6.1892501037172565],[-73.14826640899273,6.189816434927015],[-73.14655863155618,6.192772777586969],[-73.13841184886896,6.203675276527272],[-73.13570960569423,6.206386431786193],[-73.13446994136275,6.204995197694894],[-73.13246339601315,6.204419924920552],[-73.13069310142549,6.204130132835986],[-73.12944899777051,6.204509108134378],[-73.11781521550758,6.209708448523153],[-73.1155276666101,6.21137173628164],[-73.11101067190226,6.214769562951719],[-73.1103194545333,6.215456250272852],[-73.10960158040463,6.216321299070508],[-73.10876321727946,6.217427184249362],[-73.10356394669245,6.225025442653084],[-73.10027756724608,6.236663752157366],[-73.09933227643108,6.241484026920491],[-73.09985395641036,6.246848307845128],[-73.10374233953888,6.254402026055957],[-73.10830846478464,6.26238829106622],[-73.10894160608102,6.263525368343039],[-73.10920473156108,6.264096095566098],[-73.10938302996928,6.264501895550315],[-73.10944993686141,6.264756083329557],[-73.10947668160287,6.265041471343135],[-73.109485596516,6.265264427087859],[-73.10949009899723,6.265536372478958],[-73.109485596516,6.266517433618806],[-73.10900401061132,6.266994555601106],[-73.10768864918877,6.2679398480002275],[-73.1070999894139,6.268247550905462],[-73.1066229010345,6.26849723764274],[-73.10593176048332,6.268639957987301],[-73.10224846401508,6.268706802291938],[-73.09883283855827,6.2673467984031825],[-73.09676384301544,6.267070346892499],[-73.09031151916335,6.26685185064862],[-73.08782331684041,6.267003408630951],[-73.0874398490502,6.267039107298235],[-73.07475812510185,6.274249457548667],[-73.07326883485234,6.2781021399981505],[-73.07276042412312,6.280371833739552],[-73.07276042412312,6.28065722497473],[-73.0727693404591,6.281018414416823],[-73.07281842533284,6.281557913795713],[-73.07293884084127,6.281829980878725],[-73.07320191743679,6.282084151990659],[-73.07414281234601,6.282815424984407],[-73.07459763238361,6.2831632328924485],[-73.07815150225657,6.286850920869255],[-73.07886055849282,6.290788325210105],[-73.07853498550112,6.292117105778914],[-73.07177944493543,6.29853817249715],[-73.0661074806982,6.302966079219127],[-73.0608859010923,6.31352075550566],[-73.05301998446805,6.326563637186471],[-73.05215943802388,6.326260416581996],[-73.05106244834947,6.3258992779802705],[-73.05002355048252,6.325778829348941],[-73.04941258557251,6.32592155705821],[-73.04870803285776,6.326113295403743],[-73.04813282369977,6.3264833969358865],[-73.04748627465564,6.327031876494222],[-73.04518541737656,6.329836639423933],[-73.04206845083795,6.3338855368844795],[-73.03747111017374,6.344092376891086],[-73.03689145939961,6.345572800610287],[-73.03640990227449,6.347222674357022],[-73.03612453461926,6.34821258000263],[-73.03456824785398,6.354013864241769],[-73.03331083405787,6.360314557649373],[-73.0331324769415,6.361424904293076],[-73.03307896977998,6.362356891692202],[-73.0276923391776,6.361759348520765],[-73.02109729020582,6.359748302949039],[-73.00953931332367,6.3568810940014675],[-73.00781807644772,6.356479776466354],[-73.00672114845531,6.356359354911406],[-73.00569115218107,6.356310354217055],[-73.00418394227094,6.356711622354356],[-73.00330105330593,6.357188767605811],[-73.00123201702678,6.358584498963773],[-73.00123201702678,6.35930683377386],[-73.00141039847487,6.360011368106029],[-73.00161103239614,6.360706979398747],[-73.00189644218703,6.361518587102956],[-73.00228878999144,6.362611064119246],[-73.00641349238452,6.3739550001668155],[-73.00928066914665,6.385530830927942],[-73.01088595209426,6.38999436138923],[-73.0170975249448,6.394364321693191],[-73.01751218847325,6.394569432539401],[-73.01786000799814,6.394614002146012],[-73.01927803609085,6.394707635332285],[-73.02027680339859,6.394498027237699],[-73.0226044812896,6.393499242454686],[-73.02367917438957,6.392121322805696],[-73.03450140935173,6.3874527128610445],[-73.04318322785748,6.386511794773743],[-73.05416155015494,6.389133738330932],[-73.05767529262185,6.390957562795547],[-73.0624510183074,6.390217323905486],[-73.06398496161698,6.389503881392911],[-73.06607181432436,6.387831736056995],[-73.06707956740074,6.386832884199651],[-73.06778856755945,6.386043614697542],[-73.07008947065447,6.38287764484814],[-73.07653290414227,6.372140099155937],[-73.08267751855098,6.360617828163595],[-73.08335531009858,6.358838664114783],[-73.08551799756954,6.350709705703355],[-73.08684672452642,6.344694360443359],[-73.09029368784786,6.335909905086734],[-73.09220658387115,6.332931282543435],[-73.09400806511411,6.330434160286335],[-73.09502028893328,6.329582486875072],[-73.10240461494091,6.315754776180997],[-73.10803192079662,6.314755919784321],[-73.10898176830594,6.314738121420608],[-73.10965506984901,6.314854060016133],[-73.11431481698925,6.316981020820627],[-73.12025879023581,6.311407146429679],[-73.11951411367139,6.302221388685682],[-73.11928224592668,6.29036465120001],[-73.12614480129264,6.289361360288777],[-73.13950878189517,6.290547501380809],[-73.1410426605006,6.291109337138816],[-73.1441596363613,6.2932631300627975],[-73.14460108218883,6.293722374238119],[-73.14519855879897,6.294591886975798],[-73.14591199927665,6.296473646813207],[-73.14591650103934,6.296910610804251],[-73.14591650103934,6.297383330210673],[-73.14584960483658,6.297797962698883],[-73.1456712448781,6.2987477507040905],[-73.14281737647869,6.310818553777589],[-73.14053881187104,6.319420140039808],[-73.13991899369232,6.321145851769702],[-73.14105607604037,6.329528925862132],[-73.14221989361317,6.332694920322085],[-73.14386530865484,6.335423856731083],[-73.14781155514281,6.338424833702592],[-73.15262744961515,6.342179454185457],[-73.15377338156729,6.343200532015568],[-73.15579783520324,6.345077882235221],[-73.15630615155231,6.345675390426479],[-73.15649350626366,6.346041016423011],[-73.15915552899374,6.3522168638365395],[-73.15965492486527,6.353768599402314],[-73.15975755881828,6.354272479821754],[-73.15980653500405,6.354722859452425],[-73.15976197027663,6.35517325290677],[-73.15965051340483,6.355614703107458],[-73.16352995454318,6.3521008902850085],[-73.17591732449657,6.3448994463898165],[-73.18627130066814,6.34120286941105],[-73.19806116688339,6.336636729369705],[-73.20252035026122,6.333091773472814],[-73.20482124309596,6.329720723482346],[-73.20475427432389,6.326759823259744],[-73.20677872067344,6.321493691227053],[-73.21272719820108,6.320026587304774],[-73.21900557035978,6.319125843370594],[-73.22972971766453,6.31403807902205],[-73.22918124625335,6.310118489736369],[-73.22977876861943,6.307451928701895],[-73.22505218710997,6.307848835902325],[-73.22253720106227,6.30805394477236],[-73.22197539127339,6.308085109884459],[-73.22138675854828,6.3080271532130405],[-73.2193890859392,6.30753221411278],[-73.21715953803987,6.306832170310618],[-73.21666900031904,6.306671641054477],[-73.21593328172995,6.306252472294105],[-73.21508604126537,6.305699552477024],[-73.21233476034446,6.303282678527743],[-73.21142963041078,6.302448851496189],[-73.21063142806871,6.301445548732797],[-73.2104039740844,6.301048708602393],[-73.21011864367092,6.300486873169146],[-73.20978866804595,6.2996351789040235],[-73.20926697073153,6.298261774538113],[-73.2090306043645,6.297530456104762],[-73.20374208930757,6.2825523216191295],[-73.20219927473265,6.279921433244357],[-73.20150365451927,6.278525769343099],[-73.20119598950899,6.277879176341407],[-73.20064744821411,6.276425498564691],[-73.20052710019918,6.27590829851827],[-73.2005047768505,6.275489133231292],[-73.20032646002194,6.270249690743487],[-73.20056724621581,6.264591105186976],[-73.20104431716481,6.257304899852237],[-73.20268525346611,6.253287261267566],[-73.20474536315513,6.248837103768431],[-73.20528498329196,6.2479675229200335],[-73.20568184404586,6.247481502284486],[-73.20623469357922,6.24709355336425],[-73.2064487401347,6.246852730906015],[-73.2066226415593,6.2464469527977595],[-73.20674307631784,6.245974301521576],[-73.20686792154862,6.245265303325211],[-73.2069883561755,6.244462726884138],[-73.20718899039913,6.23719879611436],[-73.20717557878545,6.235504389480265],[-73.2067743101348,6.228414394200492],[-73.20617672635244,6.224320948229725],[-73.20859360496051,6.2007278533288925],[-73.2120181993066,6.195541895581038],[-73.21596892462411,6.191002506157415],[-73.21913940936113,6.184264807963115],[-73.22041470111544,6.17886036360646],[-73.22034332673192,6.177950725414573],[-73.22041470111544,6.177063392967693],[-73.22077589294919,6.175533910939445],[-73.2246419501119,6.166330322852692],[-73.22528844655761,6.165086250385138],[-73.22602872454273,6.1639625296706395],[-73.22693838557261,6.162887893565446],[-73.22897613163971,6.160832213753965],[-73.23000170282357,6.160069715299634],[-73.23129484281883,6.159548023518903],[-73.23299378770048,6.159454396371009],[-73.23430923033672,6.159481172343179],[-73.23524117750938,6.1597665464494],[-73.23705601082571,6.1599136712231815],[-73.23784529895977,6.159365238307106],[-73.23794339728971,6.158335166233281],[-73.23796571690372,6.157354165695521],[-73.23772938087755,6.156564905434622],[-73.23284222689841,6.147802753676384],[-73.23069732451067,6.144235456134059],[-73.23022022672849,6.143490785767589],[-73.23075537538799,6.137297112738455],[-73.23152677561274,6.129266256235251],[-73.23186121921717,6.128312018728043],[-73.23215102193515,6.127500472568969],[-73.23291350728844,6.126974275513222],[-73.23396588039674,6.126925242498346],[-73.2369802318179,6.12712141669784],[-73.23683308367096,6.127076851336544],[-73.23239627394129,6.124151676516964],[-73.23172738783497,6.123335700291103],[-73.2276740679587,6.11729807678857],[-73.22709886066231,6.116343788806273],[-73.22710777094153,6.112656119201733],[-73.22783463252242,6.106056620296776],[-73.22812444046741,6.104429092568747],[-73.22927934839333,6.099073699051408],[-73.22966284634536,6.0975888440024475],[-73.2310540896637,6.0938609966304105],[-73.23542846647119,6.07779040115514],[-73.23552656586463,6.070834222810401],[-73.23571385458676,6.065037367069459],[-73.23637381882992,6.063302801767933],[-73.24036020250672,6.053738041509629],[-73.2384205685503,6.0527793029947405],[-73.23423786039271,6.051062561645903],[-73.23169624750184,6.050246525918028],[-73.22739766983233,6.049020327162563],[-73.2269562061435,6.048935555593889],[-73.22645227945158,6.048966754065477],[-73.2258948896649,6.04909609084032],[-73.22584583785707,6.049131782472314],[-73.22543119214475,6.04945727535264],[-73.21894319613747,6.043869991725234],[-73.21161684931265,6.0365660008557125],[-73.21033268651986,6.034630804432378],[-73.20790691560838,6.030844971418914],[-73.20732724698716,6.029908557752741],[-73.20729601324717,6.029859545005198],[-73.20726928004265,6.029814948529609],[-73.2071533461087,6.02962322319274],[-73.20712652287632,6.029574116646828],[-73.20710870072686,6.029547364911485],[-73.20709087857598,6.029507246250217],[-73.2070596448031,6.029453726481205],[-73.2070463231926,6.02942253152646],[-73.20590030168461,6.027005677909703],[-73.20542315104163,6.025953366030189],[-73.19279498774408,6.018386284198338],[-73.1848890515913,6.012036495028427],[-73.18342640589155,6.010208275382149],[-73.18291364946607,6.009517098831809],[-73.18243654008769,6.008870554806521],[-73.18193710451,6.008045592062177],[-73.18043888116385,6.005249772757578],[-73.1773397787001,5.997655897382882],[-73.1755114989472,5.994538998444338]]]},"id":"00060000000000000627","properties":{"continent":"America","disp_en":"Charala, Santander, Colombia","gaul0_code":185,"gaul0_name":"Colombia","gaul1_code":1940,"gaul1_name":"Santander","gaul2_code":114311,"gaul2_name":"Charala","iso3_code":"COL","map_code":"COL"}},{"type":"Feature","geometry":{"type":"Polygon","coordinates":[[[-73.05690393294091,7.185194791921705],[-73.05549036733112,7.1866528920814705],[-73.05233778054684,7.189747536953447],[-73.04918965458803,7.190287094804173],[-73.03940191784196,7.1912234996852105],[-73.02897653733375,7.1991384223906545],[-73.02856189415925,7.199508521638108],[-73.02733561621305,7.200627722244718],[-73.02527553042498,7.202803786586206],[-73.02457099474933,7.203793696805099],[-73.02292553848893,7.2062595712200945],[-73.02270708631795,7.206772406593224],[-73.01968377737893,7.216167721171328],[-73.01901940267754,7.222267750719452],[-73.01602289166641,7.228336578705903],[-73.0086341024992,7.23770516274088],[-72.9924832317225,7.246021345530067],[-72.99130604711594,7.247055880243412],[-72.98591944694977,7.2502842767218665],[-72.98517478958067,7.250649887230785],[-72.9831013591461,7.251617519830599],[-72.982561757889,7.251751344944155],[-72.98141578812263,7.251844980993935],[-72.98081824903961,7.251880600888017],[-72.98028314754106,7.251880600859733],[-72.97489656570201,7.251751304635212],[-72.97459337310204,7.2516353862766465],[-72.97434361058454,7.251443673802499],[-72.97369262298325,7.250698967398733],[-72.97358116651779,7.250507256099169],[-72.97331356266326,7.250025672245542],[-72.97161467657511,7.246387028551779],[-72.9658758562864,7.2377318780907505],[-72.9637220620244,7.2368623891593264],[-72.95524527711717,7.235979445362989],[-72.95203475332457,7.236331734037264],[-72.94781646507414,7.237780943769374],[-72.94359368633997,7.2398990026399455],[-72.9383899259733,7.242828637840476],[-72.93016736345925,7.245249960646759],[-72.92621210921124,7.246195297744276],[-72.91674542169503,7.248228597455721],[-72.91176017142647,7.248933178145459],[-72.91123401710878,7.248977766259749],[-72.91089955972937,7.248977720222094],[-72.91003452874983,7.248857352120231],[-72.90915155944127,7.2484694374436085],[-72.90871904118636,7.248255363209766],[-72.90735902350045,7.247510684729377],[-72.90673480073842,7.247078198757056],[-72.89580991846428,7.248389190674057],[-72.88475140902811,7.254890533082864],[-72.88187083136867,7.256509146752587],[-72.89026288078267,7.263367240882384],[-72.90052321806769,7.271233116567718],[-72.9091070368647,7.280695357791895],[-72.91392732380224,7.287419648223029],[-72.91412352555867,7.2879413990755175],[-72.9144935776757,7.288735084122054],[-72.91471654596683,7.289056125961723],[-72.91501530873133,7.28947975316667],[-72.91513571497683,7.289626917320941],[-72.91530956490554,7.28980086429418],[-72.91560832692964,7.290023766787384],[-72.91578226663914,7.290148605292764],[-72.91652245529454,7.290545512542863],[-72.92051337822426,7.292070520249886],[-72.9211599153469,7.292266723436864],[-72.92165486563923,7.29236928768941],[-72.9222256974236,7.292418302940038],[-72.92250660672266,7.292400490744421],[-72.92485651677572,7.292329133210265],[-72.9333243823201,7.292489690749784],[-72.934590800862,7.292743834475383],[-72.93898739186183,7.297091451381343],[-72.94350447379928,7.302023226869625],[-72.95075500114642,7.307962746245186],[-72.96599173153787,7.317233201987557],[-72.96651794502942,7.317567623650982],[-72.96716453726461,7.3179021095882595],[-72.96912646893635,7.318602124934125],[-72.96979539975693,7.318722582891205],[-72.97022789712457,7.318749309284702],[-72.97101711267695,7.3187493332150595],[-72.97169045319185,7.318753749736126],[-72.97291224641543,7.318468408726633],[-72.97350980551957,7.318183008730456],[-72.97408501780069,7.317826271723701],[-72.97833455332466,7.314606782337123],[-72.9788607393208,7.314535490775065],[-72.98025197304354,7.314156467417348],[-72.9810456600513,7.3139200911056115],[-72.98183492953096,7.313612438266707],[-72.98216937717083,7.313469760548124],[-72.98598638941462,7.3115389229860765],[-72.98649021419217,7.31120453628646],[-72.98689601219202,7.31091915470488],[-72.98752029464984,7.3104687758496025],[-72.98817133416799,7.309728524908439],[-72.99185896243192,7.304627359485473],[-72.99584987869267,7.298620934107233],[-73.00814807275225,7.29431787709019],[-73.02124890158309,7.2803207759679704],[-73.03298528717804,7.277359918697771],[-73.04564020419734,7.278893895633327],[-73.04586764231122,7.279027664312897],[-73.0461664190912,7.279170348148154],[-73.0464205186672,7.279277322676132],[-73.04664795601727,7.279326374728813],[-73.04688431047704,7.279326395904789],[-73.04767804175826,7.279054388743897],[-73.04980053001174,7.278318629800143],[-73.05001463327072,7.278220556651391],[-73.05062550652373,7.277899455550754],[-73.05085293975563,7.277770192620992],[-73.05171799465407,7.277243979302274],[-73.05181608324524,7.277136945404029],[-73.05696184805512,7.268584455666646],[-73.05710451913014,7.268299020412214],[-73.057403281444,7.267616779701532],[-73.05752370497503,7.267331447766241],[-73.05758612342984,7.267068304976136],[-73.05785372097273,7.265859934382913],[-73.06072089531175,7.252339886689022],[-73.05977111903266,7.248763754625488],[-73.0583129864495,7.246783865922166],[-73.05516043803989,7.242989190848981],[-73.05528968967455,7.232523711411008],[-73.05679242603952,7.220702575489119],[-73.06709740051066,7.20171130341342],[-73.07072713027671,7.199548600381224],[-73.07088321251226,7.199646729658209],[-73.07118195703956,7.199758174470483],[-73.07152978632816,7.199842899990389],[-73.07172153352927,7.199851819120984],[-73.07238143449372,7.1997715870488435],[-73.07257318098802,7.199713614237126],[-73.0727069261,7.199664529009922],[-73.07278726319402,7.19955753475356],[-73.0728630069981,7.199388066906469],[-73.07419631003651,7.195959058545401],[-73.07408481146888,7.192672664326243],[-73.0723992671946,7.191816550741447],[-73.0678153171418,7.189796547095922],[-73.06330269990632,7.188820000110391],[-73.05690393294091,7.185194791921705]]]},"id":"00060000000000000628","properties":{"continent":"America","disp_en":"Charta, Santander, Colombia","gaul0_code":185,"gaul0_name":"Colombia","gaul1_code":1940,"gaul1_name":"Santander","gaul2_code":114312,"gaul2_name":"Charta","iso3_code":"COL","map_code":"COL"}},{"type":"Feature","geometry":{"type":"Polygon","coordinates":[[[-73.48027774549426,6.404696049196837],[-73.47937246955725,6.390302082352769],[-73.47807487067122,6.378066276371594],[-73.47633145126683,6.375002900021089],[-73.47800358071423,6.3718725775430975],[-73.4787661033237,6.3647424689937075],[-73.47477519034219,6.3477042435491295],[-73.47306734468121,6.345474738187087],[-73.46793041955276,6.34395858051064],[-73.4669360862242,6.343789125076342],[-73.46638758263799,6.343512727724273],[-73.46587485951666,6.343031156830709],[-73.46549582300696,6.342518359723419],[-73.465259464272,6.3419341914725065],[-73.46505430215961,6.341421363342929],[-73.46478234068438,6.340632139699345],[-73.46460846496711,6.339945456434715],[-73.46437210524543,6.338438247738216],[-73.46434090825987,6.3376133476242344],[-73.46527726535741,6.325002958410705],[-73.46562510545982,6.322844773766003],[-73.46541994370038,6.3208203058324175],[-73.46453258534375,6.317391270401494],[-73.4639885708054,6.315678973307467],[-73.46357833383473,6.315197422838075],[-73.46299421903508,6.3146845903101365],[-73.46207115794526,6.313926535696537],[-73.44612099766218,6.302257101618258],[-73.4372786340294,6.307764112548453],[-73.43045621752381,6.312486248993631],[-73.42171185169414,6.316619868872187],[-73.42071748289256,6.31703008818042],[-73.42034295230161,6.317132645819497],[-73.41859492440881,6.316856229938293],[-73.41797957275769,6.316615368247711],[-73.41051508999423,6.312628985578064],[-73.40798226688459,6.310640175999817],[-73.40698342799617,6.316223031525176],[-73.39707086760026,6.315821714064246],[-73.38188764381978,6.314265491396597],[-73.37773617895273,6.310916662584894],[-73.37168521198954,6.311090600327809],[-73.36814023246244,6.311344762853345],[-73.36753382135947,6.311451795519506],[-73.36702994659015,6.311661337543638],[-73.36637001458357,6.3119690113324864],[-73.36289636637042,6.31377940355348],[-73.36237017384084,6.31415840863402],[-73.3619198059911,6.314524105482621],[-73.36170132282912,6.315032413958222],[-73.36092543148683,6.317355609695885],[-73.36079167854892,6.317774803142574],[-73.36055979195565,6.318546215024896],[-73.36055979195565,6.319027775755227],[-73.36064893070252,6.32149365109614],[-73.36068904762409,6.3223720879420275],[-73.36093883376054,6.324409897206654],[-73.36197332488776,6.327165657681717],[-73.36248161882664,6.328423124925894],[-73.3627001012034,6.328869010295598],[-73.363039022792,6.332815328727041],[-73.35575281168367,6.346830265010874],[-73.35246645301515,6.3512982566844665],[-73.35136508223711,6.35240862296699],[-73.34744556390483,6.353322693299214],[-73.34706649858228,6.353434233134863],[-73.34669193030179,6.353652728574216],[-73.34643331229705,6.353857836706075],[-73.34621931128811,6.354031729139542],[-73.34186278436125,6.359913299585582],[-73.33778270056474,6.366147130061015],[-73.33771577201733,6.36655291199561],[-73.33751516616756,6.366940835703552],[-73.33728325478049,6.36735549114123],[-73.3369265713477,6.367810374465383],[-73.33641371982164,6.368291936442131],[-73.33586524352694,6.36873783487019],[-73.3353435735534,6.369099060341388],[-73.33477728269888,6.369464678456821],[-73.33404150720907,6.36979467030963],[-73.33147306547943,6.370592836134007],[-73.33026912332635,6.3719617577924765],[-73.32966710478223,6.378115322521963],[-73.3293951523469,6.382819663749038],[-73.32547559918153,6.393864833279594],[-73.32217133135352,6.397601623750063],[-73.32087377476839,6.400294866926583],[-73.32201083527522,6.4011911654850575],[-73.32634508770533,6.404223349665323],[-73.32891349973414,6.405454047720046],[-73.3367570902891,6.406350379167177],[-73.34937191438209,6.405195412199501],[-73.36335113960432,6.4054808283515845],[-73.37812418482847,6.408276670696543],[-73.3824048849646,6.410385848354006],[-73.38844251124253,6.4112063378991415],[-73.39030644170478,6.411451529328307],[-73.39109571809603,6.411545211985762],[-73.3918135829726,6.4114783231182715],[-73.39237540815257,6.411371276377708],[-73.39295063216125,6.411108187109112],[-73.39541654146555,6.4093825088275915],[-73.40842822217498,6.4033894973177965],[-73.42094489862735,6.403469747524113],[-73.42355346305196,6.4055922914277845],[-73.43897750543722,6.416927313367891],[-73.44111343897035,6.432217628733503],[-73.44142553254284,6.440640831286899],[-73.44015467675112,6.442950649305457],[-73.43982477811171,6.448118784007796],[-73.439534891288,6.453095141869878],[-73.43968648847874,6.455560959551305],[-73.43982918395679,6.456350279389045],[-73.44005657938935,6.456898732969176],[-73.44084144693704,6.4586333459762715],[-73.44202310369401,6.460751394837014],[-73.44333854558137,6.462035629081458],[-73.44840404505612,6.466106742798123],[-73.44987112747732,6.4671992288437705],[-73.45097253407259,6.467738789994527],[-73.45196244649136,6.468108884792547],[-73.45280076654632,6.468220392778717],[-73.453505298096,6.468157922015811],[-73.4539600595666,6.467992935286641],[-73.45447739676148,6.467765524709456],[-73.46002893735407,6.4649251392862235],[-73.46340445713275,6.461090308008608],[-73.46500080893826,6.455271118932421],[-73.46532635319133,6.454901066853091],[-73.46644116541427,6.4528231028265015],[-73.4671233556869,6.451445253035814],[-73.46781893937505,6.450022812744058],[-73.46863499090323,6.447895810236901],[-73.47355334985187,6.4316289717444635],[-73.47764686087201,6.415741186386509],[-73.48027774549426,6.404696049196837]]]},"id":"00060000000000000629","properties":{"continent":"America","disp_en":"Chima, Santander, Colombia","gaul0_code":185,"gaul0_name":"Colombia","gaul1_code":1940,"gaul1_name":"Santander","gaul2_code":114313,"gaul2_name":"Chima","iso3_code":"COL","map_code":"COL"}},{"type":"Feature","geometry":{"type":"Polygon","coordinates":[[[-73.69336032772854,6.041261442066837],[-73.69273159638261,6.039370782146648],[-73.6879425412709,6.036552653453319],[-73.68646204786751,6.036035385902685],[-73.68474983504848,6.0358302336589595],[-73.67411484323999,6.032579609930722],[-73.66386336209067,6.029328907568313],[-73.6526130677014,6.025480689844596],[-73.64869348122298,6.0227383626515225],[-73.63641316397565,6.018136572687069],[-73.63386698277574,6.018720661027666],[-73.63257833931665,6.019113116472058],[-73.63048702761155,6.019781952665759],[-73.62470355965304,6.021810886239632],[-73.62086429428824,6.02454873763016],[-73.61620005118532,6.0281784233751],[-73.61220915484479,6.030844981157357],[-73.60783032810203,6.0330522868438985],[-73.6060020984576,6.0327534587694664],[-73.60434330005043,6.030564071289145],[-73.60267559361941,6.027607667337816],[-73.60057535330137,6.024615666319881],[-73.5992019556664,6.02271155708073],[-73.5980782354067,6.02129805001564],[-73.59658891705455,6.019719552382974],[-73.59620984716501,6.019336075319269],[-73.59188459172297,6.02272941410453],[-73.59086344125257,6.024736047534623],[-73.59074744399126,6.025061531237437],[-73.59002513270575,6.028325627467427],[-73.58950785959885,6.031014399991789],[-73.59067610249856,6.035286237667323],[-73.59246421479703,6.040155597399908],[-73.59512187049828,6.04613523187833],[-73.5954696750408,6.047120720254367],[-73.5955900722405,6.049033668451124],[-73.59208522720711,6.055936356901392],[-73.58536980798918,6.0693537698803635],[-73.58169999680185,6.07719292239121],[-73.57862766386681,6.080296430988339],[-73.57924748949037,6.086579283565616],[-73.58132089968574,6.087332861768824],[-73.58490158315755,6.088817795208518],[-73.58531185275643,6.089031830037185],[-73.58570873346012,6.089281530793674],[-73.58602528503692,6.089508943187292],[-73.58631514989469,6.0899325325275635],[-73.58688589315469,6.090793159624431],[-73.59010536967267,6.096286728121299],[-73.59073414608265,6.099524092437577],[-73.59915730167162,6.103951966164391],[-73.6066308265621,6.115603619187129],[-73.61583880556431,6.121752705130484],[-73.61702495736552,6.122363555976876],[-73.61803717436818,6.122885317031086],[-73.6183582582296,6.122947732596337],[-73.61908505225173,6.122978969227412],[-73.619437308358,6.1229699866932],[-73.62025779952423,6.122840686641984],[-73.62143503199017,6.122426006036269],[-73.62686616934548,6.123166197212713],[-73.63468750622935,6.128271902869745],[-73.63555249286412,6.128958568015704],[-73.63640867243345,6.130719966068859],[-73.6381699782592,6.124330054279839],[-73.63874974074133,6.122582060362883],[-73.63891026656832,6.122278839106981],[-73.63934719800987,6.121489611596342],[-73.63977083377435,6.12082967259686],[-73.64150094022163,6.11841278208141],[-73.64213863257866,6.117538822239957],[-73.64259792435259,6.116999256447108],[-73.6532373417812,6.1054011800933194],[-73.65403551159373,6.103720058934905],[-73.65692501117995,6.097767182210258],[-73.6610630620601,6.091448603497668],[-73.66723890446495,6.085509085022779],[-73.67361987608179,6.079618642066861],[-73.67506462715355,6.078066881730719],[-73.67650936798327,6.076024565880071],[-73.67823503218295,6.073527514441034],[-73.68313559089141,6.064667243123615],[-73.68427267608342,6.062495663112432],[-73.69064027158747,6.050259948143987],[-73.69336032772854,6.041261442066837]]]},"id":"0006000000000000062a","properties":{"continent":"America","disp_en":"Chipata, Santander, Colombia","gaul0_code":185,"gaul0_name":"Colombia","gaul1_code":1940,"gaul1_name":"Santander","gaul2_code":114314,"gaul2_name":"Chipata","iso3_code":"COL","map_code":"COL"}},{"type":"Feature","geometry":{"type":"Polygon","coordinates":[[[-74.50855084039782,6.2855220677834405],[-74.50126470937649,6.2756719451346115],[-74.4952760897784,6.2698662139691885],[-74.48756185250137,6.261260099555816],[-74.48255873832794,6.252453405976813],[-74.48189435840358,6.249702151549511],[-74.48110960165599,6.248935154721715],[-74.48007058727367,6.248105779867922],[-74.47891119093241,6.247619749944827],[-74.47354696055883,6.246776927726494],[-74.46919034821428,6.2468661636991385],[-74.46371017569214,6.245800425160093],[-74.45623667838507,6.244324475959703],[-74.44321613277123,6.236017151946093],[-74.43980938178927,6.233743042589516],[-74.43659435415032,6.2312370169467],[-74.43409723542537,6.228521427926745],[-74.43320545628553,6.226804644378572],[-74.43132366144143,6.225810246031745],[-74.42871509361915,6.224971920577809],[-74.42151816380387,6.2254802733411045],[-74.41783491257354,6.225756738399227],[-74.41422754079625,6.223585214312715],[-74.41148962182365,6.221547406314348],[-74.4101384952128,6.2180380780865905],[-74.41017419257149,6.216080473588699],[-74.41611819492994,6.201169311754601],[-74.42060851851804,6.19442711679958],[-74.42274440622462,6.194146165261897],[-74.42339093772155,6.194025795787072],[-74.42454139475213,6.193740437602542],[-74.42457708921721,6.193727009570841],[-74.42461725666433,6.193704704720214],[-74.42464400513745,6.193682468784697],[-74.42466628061867,6.193655711376532],[-74.4246885560971,6.193620021788357],[-74.42470197505864,6.193588768576304],[-74.42471083157272,6.193539749679585],[-74.42473310704555,6.1933792449560086],[-74.42479107693765,6.192870907251081],[-74.42479107693765,6.192839644990297],[-74.42479107693765,6.192790596965046],[-74.42478222042757,6.192759383403221],[-74.42422479616222,6.190596719348695],[-74.42044793450853,6.188095165429038],[-74.41736227785776,6.1866102764161885],[-74.4149097102363,6.185455439472771],[-74.41436129094524,6.184599272554438],[-74.41409370108155,6.181544747511713],[-74.41397337050336,6.1756988911223205],[-74.41555188649858,6.169273319197609],[-74.41534674462632,6.163900123148565],[-74.41444154098633,6.159075389476073],[-74.41419631750283,6.158250452824684],[-74.41324646472101,6.155436738400602],[-74.41105266741957,6.150059077628561],[-74.41029461518734,6.1389603548528635],[-74.41052642401996,6.1363116257662425],[-74.41028119513761,6.134929360714134],[-74.4071731738237,6.129944090451117],[-74.40452005324828,6.128490349348849],[-74.39272126725074,6.122492889656965],[-74.38361132267336,6.120553148917641],[-74.37073346854797,6.115759654781854],[-74.36368355783434,6.1133829902958166],[-74.35887669856892,6.1138377537019455],[-74.35616997018619,6.116490954526344],[-74.35448890531265,6.117547773000706],[-74.35324035722432,6.1180560528141115],[-74.35192047199651,6.118082822861791],[-74.3454547916895,6.118038238868653],[-74.34281051172323,6.117476432050198],[-74.33931457884216,6.116312597521398],[-74.3313952255233,6.112620457306368],[-74.31776377950814,6.109806727517524],[-74.3072358295511,6.110832346697437],[-74.30348577649245,6.111371935127214],[-74.30163072884268,6.112691806722372],[-74.29990511106617,6.116076216568252],[-74.29917380441034,6.117463067585601],[-74.28955105980334,6.125984335005192],[-74.28818657212828,6.126947542390718],[-74.28693353709019,6.127438033598601],[-74.27571000133962,6.12292540499766],[-74.2701807506771,6.121043728263845],[-74.27010043630317,6.121008014597297],[-74.26997114530806,6.120923289817211],[-74.26912385724515,6.120343598136372],[-74.26887861483198,6.1201786164694285],[-74.2686200310176,6.120000255366697],[-74.26836135729911,6.1198174347995264],[-74.26811172651612,6.119639108011549],[-74.26746508449894,6.119041574014488],[-74.26179312459782,6.113681696454772],[-74.25857813586124,6.109427745496674],[-74.25509114553988,6.103621989343976],[-74.25255389787255,6.096705942408076],[-74.24200363855144,6.090048514252803],[-74.23602846772125,6.0900930356731715],[-74.22909010122314,6.084104469975429],[-74.22890722627928,6.08392609754105],[-74.22882250550411,6.083828007962579],[-74.2287600843583,6.0837076085865185],[-74.22871109672971,6.083614021263748],[-74.22866201953113,6.083506991091768],[-74.22809575010342,6.081473653368104],[-74.22785940844848,6.080278612549226],[-74.22643248588977,6.071908874330444],[-74.22646812998244,6.0717126666427115],[-74.22646812998244,6.071627900748342],[-74.22626751992367,6.070749523859264],[-74.22624074204658,6.070638026855399],[-74.22616936420798,6.070419504055671],[-74.22604452009239,6.070107365023955],[-74.2259597979972,6.069937899850396],[-74.225879553778,6.069813098135069],[-74.2256342534309,6.069496447784242],[-74.22547376467321,6.0693180941320986],[-74.22513039707258,6.068992597505302],[-74.2249520856842,6.0688543395312795],[-74.22453286068892,6.068595730254579],[-74.22431442626532,6.068479796241095],[-74.22373470953994,6.068181034779118],[-74.22362768609166,6.068123094440268],[-74.22344937324577,6.068047256855485],[-74.22336903837117,6.068024950562241],[-74.22315060256487,6.067962529855147],[-74.22299450006457,6.067917974881743],[-74.22263778341191,6.0678287930020005],[-74.22245499160772,6.0677886794496905],[-74.22214278529366,6.067739566514337],[-74.2191552145418,6.06751662233635],[-74.21814298684036,6.067579043986672],[-74.21746079130901,6.067650408629322],[-74.21699255848985,6.067730706680418],[-74.21664030834027,6.067828745418446],[-74.21636382777362,6.067931300434552],[-74.21588224725288,6.068154310438507],[-74.21565932439451,6.068270252014073],[-74.21003188824965,6.071168626248933],[-74.20895279378135,6.071904365544779],[-74.20801637326828,6.072702549137406],[-74.19694000754737,6.083935070591869],[-74.1943046801586,6.090556842443008],[-74.19241395001241,6.100317748601976],[-74.18674648076487,6.119433923404039],[-74.18430736427376,6.132057680543439],[-74.18372322205406,6.135986125522745],[-74.18401748807057,6.140369424912247],[-74.18641647768125,6.144057107773306],[-74.1870898302542,6.144877549100409],[-74.18839630820347,6.144944456926262],[-74.18868169873087,6.144877586501501],[-74.19775153140569,6.148132716110766],[-74.20958602810389,6.164181032777344],[-74.21015226493013,6.166825313025176],[-74.20980448000553,6.174436929234398],[-74.20901969997166,6.175957500894442],[-74.20802971874946,6.177094607360855],[-74.19967337766042,6.180652936416865],[-74.19715399580708,6.182405405528322],[-74.1961016978671,6.183948228263653],[-74.19611952284806,6.185285987372399],[-74.19867904685776,6.187230096295372],[-74.19991862300769,6.187881156380877],[-74.20217499031529,6.192246618004804],[-74.19812164242751,6.200495986949639],[-74.19585196880736,6.201735553694367],[-74.19401034093016,6.198453657239439],[-74.1903449452485,6.196910853097603],[-74.19016212143556,6.196843927641725],[-74.17555408544224,6.197249727160551],[-74.17130459105307,6.2004825621756225],[-74.16745643746488,6.207915894491556],[-74.16354128153822,6.2132623650724526],[-74.15830189232653,6.2184215210234255],[-74.14553096876651,6.229975046993882],[-74.1430606685557,6.230536924388589],[-74.14082660950481,6.232115400010747],[-74.13642552275755,6.237180981191435],[-74.13293407607215,6.242866322783527],[-74.12926864097084,6.243949923624708],[-74.12250862934746,6.238438409082569],[-74.1215633498528,6.236975850760518],[-74.12113528873775,6.235696093400993],[-74.12089441992217,6.2334576551131695],[-74.12096583827515,6.2308980750220915],[-74.11360386973236,6.226916150066986],[-74.11125833808015,6.228423310426691],[-74.10920268049641,6.229248271112395],[-74.10810579483751,6.22911891344654],[-74.10619277148399,6.228650697184501],[-74.10415050098852,6.227651860243356],[-74.10132790305684,6.222844965889627],[-74.10106926435971,6.221444798848448],[-74.10010165135893,6.220120450135157],[-74.09817976377529,6.219019068968945],[-74.09580760135374,6.218475070336173],[-74.09570946636926,6.218452725499668],[-74.09564700051229,6.218457227368224],[-74.09552215835724,6.218484002103247],[-74.09545530100254,6.218506294022052],[-74.09537500044861,6.218537488090608],[-74.09496928496083,6.218970029753678],[-74.09488898419951,6.219268767759347],[-74.09490233778831,6.219456020752219],[-74.09496928496083,6.219638891918785],[-74.09527247379872,6.219986662329414],[-74.09533493978,6.2200937046267875],[-74.09539283506122,6.220205146924372],[-74.09540179717746,6.220334500236254],[-74.09539731611939,6.2205128339898454],[-74.09532149660069,6.220633245236823],[-74.09458579474384,6.221119308107083],[-74.0933149568904,6.221837238086454],[-74.09076877427998,6.222305430099892],[-74.08983238702588,6.222452560986882],[-74.08809331856266,6.222256367035273],[-74.08397313926451,6.221667735590969],[-74.06932498564439,6.217369221920269],[-74.05989395656486,6.213975819322992],[-74.05051651228754,6.214956805596178],[-74.02731580873683,6.21631687070634],[-74.01301098427717,6.216455082781829],[-73.99414449051433,6.217828512187796],[-73.99201304772603,6.218104968523808],[-73.98523074144975,6.223121408834709],[-73.92168633115688,6.277054222452756],[-73.85814195551936,6.330987099389049],[-73.84488947253051,6.377896804897097],[-73.80686228919761,6.460920803213116],[-73.87075227493769,6.513012085753148],[-73.87113576354719,6.512878267695774],[-73.87200978099561,6.513288494602096],[-73.87303534008308,6.514059954588566],[-73.87373097654154,6.5148313630885815],[-73.87431956937357,6.515861375783514],[-73.87447560001254,6.516632827008711],[-73.87452467920454,6.5176093719858486],[-73.87439538646206,6.518715209874546],[-73.87228173861283,6.542517958021343],[-73.87942526886712,6.548640270081773],[-73.8891371702211,6.554120496990063],[-73.90144872769828,6.5573890466116564],[-73.90523004925288,6.557032300431245],[-73.90841832365356,6.554949917541095],[-73.93024556611664,6.544983804627286],[-73.93507927706335,6.544702866562188],[-73.94021612330455,6.550357009846506],[-73.94109010013827,6.551489651991731],[-73.94132204776126,6.551899849647832],[-73.94142456744575,6.552519689869114],[-73.94145129610348,6.553059272792467],[-73.9413710204257,6.555935361481234],[-73.94119270963917,6.5573488846712245],[-73.94655254533848,6.5656561631703925],[-73.95274624526601,6.571733987972361],[-73.95509166815785,6.575359219429304],[-73.95840925701343,6.576612227539193],[-73.96842445798667,6.579617604726822],[-73.97291473084913,6.5810936428015845],[-73.98505238154029,6.588023026092683],[-73.99814879499084,6.592780900534016],[-74.00490428305977,6.596107421126617],[-74.01662730098303,6.598564395366462],[-74.02330261179306,6.599928871842473],[-74.0281139911958,6.599451755172974],[-74.03105691831333,6.598707066525194],[-74.04274426298608,6.598720399856886],[-74.0553947021314,6.600615560038199],[-74.05750392302808,6.598970176957233],[-74.06065650564457,6.599607803876619],[-74.0635816286981,6.600343551705718],[-74.06485248749225,6.6052307131805446],[-74.06624371760965,6.609230555887921],[-74.06694376574876,6.610907136763446],[-74.06792481476751,6.612655101724903],[-74.06876307208105,6.6136361377439705],[-74.07064931671566,6.614541288629507],[-74.07218768030772,6.614960449194929],[-74.07134934854568,6.619366063272621],[-74.06981097813092,6.618599090673503],[-74.06743433571141,6.618108599610209],[-74.06617684987978,6.618179922567362],[-74.06554366688019,6.618737327627371],[-74.0651245315547,6.619785223225753],[-74.06477665570036,6.633768993884785],[-74.0653340993335,6.643837606382528],[-74.06540544913166,6.645095075658124],[-74.06918228897807,6.65642562029944],[-74.06945871885452,6.657263939760118],[-74.07323556737272,6.658383190537073],[-74.07449748780823,6.658450125204137],[-74.0754741057213,6.658240506424979],[-74.07677607582313,6.657674198715011],[-74.07750745533787,6.657259505982744],[-74.08130206848752,6.654896182013614],[-74.09397484365347,6.64782853955386],[-74.0993035035539,6.649206409890646],[-74.10114069025863,6.650031285937294],[-74.10251847888688,6.650767021080996],[-74.10370904717468,6.651868431226312],[-74.10472127073406,6.653429177460884],[-74.10527420507186,6.655078991183714],[-74.10490408875032,6.657098963399191],[-74.10380269712645,6.658387679172354],[-74.10214844675501,6.659306219004156],[-74.10047177713862,6.658967367329561],[-74.09333718318327,6.659408771272684],[-74.09076429311163,6.669223303166768],[-74.09195932730889,6.689699489298509],[-74.094438636103,6.695942189520304],[-74.09342635719482,6.705489128140328],[-74.09664143298339,6.712926949372191],[-74.10802998044488,6.724128165110952],[-74.10986708181365,6.724498314906267],[-74.11143227799326,6.725140386617985],[-74.11216352285018,6.726148190553295],[-74.11207435772916,6.726977531025064],[-74.1086765525623,6.73303743678342],[-74.10729862986784,6.734504537360309],[-74.10536785424343,6.736252514553584],[-74.10316506997678,6.736894601779562],[-74.10096225988825,6.736983740732812],[-74.09912516105939,6.736435297746376],[-74.09728795466347,6.735793231676768],[-74.09553999295589,6.735333883943162],[-74.0938901509958,6.7351510852121885],[-74.09214215773062,6.735333908530435],[-74.09076429311163,6.736065168821963],[-74.0899393978263,6.737171047906016],[-74.09012223020898,6.7387317275320715],[-74.09113443725771,6.740015984461227],[-74.10142155419517,6.746624357431167],[-74.10325872019968,6.746811656247785],[-74.10463658291623,6.746535207960882],[-74.1070221658824,6.745705804898739],[-74.11005437552856,6.749286398078364],[-74.10334788950729,6.762418486906276],[-74.10215731893139,6.765633491568647],[-74.10578698972434,6.772201790265859],[-74.10956391651916,6.776754516320864],[-74.11051812830061,6.776041080886678],[-74.11289485446969,6.773811506650792],[-74.1136707206287,6.77283050108839],[-74.11426377485627,6.771844990947579],[-74.1146205205349,6.77071685688927],[-74.1146205205349,6.770034607324551],[-74.1146205205349,6.769169582142142],[-74.11622134232265,6.765116237930336],[-74.12336922471103,6.7605679337226885],[-74.1319441370097,6.755769991453109],[-74.13252378244994,6.755457843761381],[-74.13296525799221,6.755248281711105],[-74.13360287335439,6.755114495155717],[-74.1345348308489,6.755092203441119],[-74.13547574389587,6.755150133822078],[-74.13665741142914,6.755332944468971],[-74.137437748743,6.755524705354674],[-74.1392526095145,6.756224773177376],[-74.14051892477598,6.756777743710587],[-74.15270568325474,6.744417097806977],[-74.16351897399727,6.735235829521133],[-74.17613377429156,6.725662080651156],[-74.17731097334608,6.724944173722712],[-74.18155164084826,6.723508358204578],[-74.18417353396934,6.722643312148856],[-74.18840526585383,6.721318981976349],[-74.19280637574376,6.72020418092386],[-74.19491557140084,6.720917614121058],[-74.19612839055152,6.721488421105316],[-74.19823306970508,6.722201883724675],[-74.20055188834021,6.72248725196872],[-74.20280367986179,6.722629938370533],[-74.20473004151873,6.722594277890619],[-74.2059428857684,6.722380222283777],[-74.20808327979844,6.721809429473993],[-74.20961719714873,6.721310044746743],[-74.21308194397217,6.720025819571446],[-74.21440185170948,6.719490715698077],[-74.21697025739435,6.718384904057983],[-74.21846854466725,6.717702616658099],[-74.21954319487445,6.717096192748428],[-74.22917929970951,6.711424235561538],[-74.23099854532998,6.710318325668707],[-74.23246116490044,6.709029634033117],[-74.2403314557119,6.700343375791212],[-74.24252088111496,6.697908640552946],[-74.24324328098436,6.697088197630319],[-74.24397454340306,6.696013542551865],[-74.2452855429295,6.693899968856432],[-74.24734121427586,6.689730722231768],[-74.24814382964713,6.687559104045516],[-74.24941020501632,6.685057512357555],[-74.25016382941823,6.683648433846795],[-74.25101998094073,6.682105624491622],[-74.25267424667784,6.679648626206711],[-74.25444454696242,6.677138166068417],[-74.2565002049515,6.675082543127817],[-74.25901510186404,6.673365757902518],[-74.27409131054223,6.664541183298095],[-74.27670883893009,6.663533449159639],[-74.2931986258781,6.657736646406351],[-74.29890622188952,6.656309710273628],[-74.30176456290314,6.655832561954],[-74.30404760457081,6.6556453137102585],[-74.30699950088675,6.655645317222911],[-74.30928256611439,6.655301950302148],[-74.31037950856309,6.655025484504994],[-74.31222112875567,6.654312011331296],[-74.31353208451452,6.65324182622103],[-74.3149590416769,6.652051267882161],[-74.3174561224893,6.648720366962204],[-74.31828993714177,6.646994657129915],[-74.31876704030712,6.6452109980712954],[-74.31953845885874,6.643186608248857],[-74.32022519583434,6.641880108076433],[-74.32841213119022,6.630982028910467],[-74.3302269840625,6.629572984111073],[-74.33083786824022,6.629563999941084],[-74.33219791723197,6.629778063247875],[-74.33362481644207,6.630634210775768],[-74.33519437462948,6.631994258497372],[-74.33690667756782,6.633064436323634],[-74.33840496285544,6.633706542646129],[-74.34040713228475,6.634063254422613],[-74.34333230028668,6.63434866665359],[-74.34590067727689,6.634419986230297],[-74.3523975756478,6.634219309517605],[-74.35620567832497,6.633978524280773],[-74.35806070189372,6.63345679503183],[-74.35939396587173,6.632837027968481],[-74.35968374230097,6.632511487835502],[-74.36540033238374,6.6257737768125455],[-74.37281134056222,6.6200706024232],[-74.3828086818246,6.610577211466798],[-74.3853058046761,6.606653147451596],[-74.38744614234999,6.603509473276217],[-74.3898718870251,6.601440513165919],[-74.39324299999294,6.599781701985993],[-74.39559735481853,6.599206507423029],[-74.39931184490064,6.597636898730161],[-74.40202293090088,6.595781888922847],[-74.4047340651147,6.593855583479631],[-74.40680760489465,6.59135844696399],[-74.4083058422433,6.588214789536025],[-74.40887655766745,6.586502486668773],[-74.40894795288406,6.58536095166832],[-74.40873385661607,6.581860569327226],[-74.40766372928562,6.575867511985558],[-74.40559467294544,6.573223273655959],[-74.40409193927373,6.570583516827132],[-74.40328930108429,6.568973735057298],[-74.40297722765149,6.568037326876637],[-74.40288802536854,6.5670251537996736],[-74.40288802536854,6.565718644502598],[-74.40330719518657,6.563078873634043],[-74.40365049319068,6.561593991716504],[-74.4047920415292,6.55793747738516],[-74.40564817561325,6.55490979862734],[-74.4063349408713,6.551770570709307],[-74.40667823303801,6.549371583085345],[-74.40673620881941,6.545202311707492],[-74.40673620881941,6.543659447455648],[-74.40673620881941,6.542633860945026],[-74.40278987596444,6.527468438162401],[-74.40219686273537,6.525519851474893],[-74.3989461703641,6.516534724820659],[-74.39788493154897,6.513993070602395],[-74.39664080195338,6.51145137918306],[-74.39463425002168,6.506194060440238],[-74.39398322974974,6.502528740470733],[-74.39379586860998,6.500459641001126],[-74.39379586860998,6.4984218534236105],[-74.3940322621454,6.496094249890392],[-74.39431759820981,6.493855738397956],[-74.39550823831655,6.490618441096052],[-74.39684149169435,6.488099084988025],[-74.3983620021698,6.485717924404655],[-74.40012335874778,6.483243050999085],[-74.40259814000811,6.480148463982608],[-74.40431042515485,6.477343699959428],[-74.40464486371165,6.476487517124857],[-74.40483659746457,6.475341546672428],[-74.40488571634425,6.474819883074127],[-74.40489457384571,6.472674985122049],[-74.4046805621722,6.47089138576525],[-74.39790273672072,6.453652492146949],[-74.39706884435584,6.451810847674976],[-74.39076370453,6.443481260232793],[-74.38850296935757,6.4412204904302826],[-74.38261245035308,6.436221865056329],[-74.37691376943319,6.431557670965179],[-74.37541553697767,6.430416132215418],[-74.37406440564425,6.42912301823036],[-74.37332418286957,6.4278164738712045],[-74.36992629557155,6.421497911575035],[-74.36885611461798,6.417926189415913],[-74.36871347106806,6.41500101750095],[-74.36949827764964,6.412218549869612],[-74.37113920135121,6.408789494334834],[-74.37299415993047,6.406078339418888],[-74.37843427060619,6.401052962532082],[-74.38094478733451,6.3994521437073235],[-74.39025538609883,6.394083392112876],[-74.39248048765735,6.393512596763155],[-74.39727848096865,6.393057769029106],[-74.40347665224603,6.392781324785479],[-74.40550994544363,6.392781317266119],[-74.40768600689533,6.392959666013221],[-74.40915301267022,6.393245031773992],[-74.41214952472008,6.393566143294336],[-74.4140402009535,6.393708780317837],[-74.415837277545,6.393588400322187],[-74.41840121372876,6.393066706332127],[-74.42044346141427,6.392335357679328],[-74.42133530472057,6.39170663127001],[-74.42353362700409,6.38997655511009],[-74.43850731202298,6.373165684587307],[-74.44096429426972,6.367743474867966],[-74.4448481476445,6.354491025761619],[-74.4464489298423,6.342727880693361],[-74.44656047240679,6.341416926965617],[-74.44667639788439,6.340328906212209],[-74.44741658384439,6.337876398918853],[-74.44821920132263,6.335646829757839],[-74.44918684563251,6.333934545443273],[-74.45038633080733,6.33187891080037],[-74.45198715228602,6.330050678898025],[-74.46243931800575,6.318916286232743],[-74.46420960800154,6.317204021184713],[-74.46664870272768,6.315019035505933],[-74.47255252982319,6.310586664241437],[-74.47494706013934,6.309552188855758],[-74.47778308844855,6.308990358681946],[-74.48021770235339,6.308232275194211],[-74.48273268042915,6.307117534809013],[-74.48483293945384,6.30567723048358],[-74.4868261277692,6.304107660580588],[-74.48887733172513,6.302297238246968],[-74.49467864735084,6.2970399792499885],[-74.49826371848201,6.292919708179904],[-74.49926256412749,6.291064723972138],[-74.50072514287402,6.289209730144129],[-74.50283430728486,6.287497450678805],[-74.50486761894524,6.286427299745818],[-74.50855084039782,6.2855220677834405]]]},"id":"0006000000000000062b","properties":{"continent":"America","disp_en":"Cimitarra, Santander, Colombia","gaul0_code":185,"gaul0_name":"Colombia","gaul1_code":1940,"gaul1_name":"Santander","gaul2_code":114315,"gaul2_name":"Cimitarra","iso3_code":"COL","map_code":"COL"}},{"type":"Feature","geometry":{"type":"Polygon","coordinates":[[[-72.47706021836788,6.842200697690789],[-72.4779609536957,6.842432625884916],[-72.47838012817071,6.84255299880885],[-72.4787145283544,6.842753651285478],[-72.48168881167291,6.845210615156891],[-72.48197860954062,6.845460328661671],[-72.48295958651579,6.846664271234368],[-72.48353484576047,6.8473911473550775],[-72.48620140703869,6.852189132317454],[-72.48865831748634,6.858150907635103],[-72.49466918844566,6.867189564415955],[-72.49550757416289,6.867122625952102],[-72.49760781485797,6.867461526888847],[-72.49830337767705,6.867751376163175],[-72.49883852197179,6.868464832618655],[-72.4994271072253,6.869361102217727],[-72.50062214791313,6.871233926489396],[-72.50157191162592,6.874248275769235],[-72.50176807473495,6.875149036526845],[-72.50241469880653,6.881115339543612],[-72.50150059596342,6.882765178639963],[-72.49713513802878,6.885525366460346],[-72.49640382333955,6.896463517443379],[-72.49655539459118,6.897234923603076],[-72.49678288671763,6.89787703037638],[-72.4972198154908,6.898987403654512],[-72.49770585276522,6.900017454199933],[-72.49808933771057,6.900637252512834],[-72.5029408977932,6.90815975547514],[-72.50567424497662,6.906768537487779],[-72.51214889420858,6.9034554169734],[-72.5139191606347,6.899406538982446],[-72.51407081209261,6.89632081074098],[-72.51403957912093,6.8954958859907025],[-72.51477978149941,6.888325652974511],[-72.53413226472556,6.8869879392034505],[-72.5418822089228,6.8885887272190995],[-72.54736692790581,6.885953445507044],[-72.54824088724948,6.8848564926252696],[-72.55028312287851,6.882172144073453],[-72.55136673688348,6.880678319721671],[-72.55407340556982,6.87608540492103],[-72.55414028445301,6.87532295177806],[-72.55426510693809,6.872683117943001],[-72.55451484198369,6.866369085247429],[-72.55446132090442,6.864763745659828],[-72.55434985622686,6.864130596595285],[-72.55394849273797,6.8636713258920405],[-72.5523477258895,6.862115050833513],[-72.55370769239899,6.855136590418474],[-72.55664177702022,6.845041154402953],[-72.55783682782452,6.829835623182646],[-72.56378086276965,6.82055628737892],[-72.57470116098135,6.8069202989646],[-72.57956158871103,6.801435659137529],[-72.58142101189205,6.7993755226807],[-72.5818714263603,6.7991079466357025],[-72.58235297460244,6.798960812686917],[-72.58393595886538,6.798728955818427],[-72.58596934077924,6.798853768049198],[-72.59762984358247,6.800980827841579],[-72.610391774773,6.803321844459986],[-72.61482860520975,6.8034422530279395],[-72.61794995115596,6.799402293728173],[-72.6247991475724,6.801217096946138],[-72.62504439317867,6.80245233297229],[-72.62535207773159,6.803593804192112],[-72.62672997666027,6.807245831219324],[-72.62738098192433,6.808614779130753],[-72.62918691509607,6.811981426041176],[-72.63161712251303,6.815539742658089],[-72.63318672070413,6.817822815297507],[-72.63387786056329,6.8186165193742],[-72.63442192887683,6.818308883417963],[-72.63492575495225,6.817805017291184],[-72.64499439875445,6.814170795417028],[-72.64762980143382,6.818268727872869],[-72.65150030233356,6.822237307243836],[-72.65433177555501,6.824101249704235],[-72.65944637346234,6.825251705783336],[-72.67630177656295,6.826268341978645],[-72.67674769390659,6.8262505077816575],[-72.67827271986833,6.826174751676035],[-72.67881227284377,6.825831381201208],[-72.68043985570053,6.824716601427359],[-72.68107746262277,6.824119108413275],[-72.68353892778944,6.821077926031179],[-72.68394468926017,6.820538450202462],[-72.6838154193915,6.819802655747078],[-72.68337835503986,6.817408155634025],[-72.68274517419714,6.815321265232058],[-72.69185961375956,6.80218477878785],[-72.69222522006042,6.801836950137524],[-72.69387066736545,6.801324151010197],[-72.69497207639377,6.80153820956288],[-72.69798193839982,6.802394354688138],[-72.70392145497985,6.804614933293976],[-72.71576479956458,6.809297055611394],[-72.71669230211664,6.809783065703999],[-72.71755738479298,6.810362780164298],[-72.718212846865,6.811004888663758],[-72.71903778678477,6.8120081835623605],[-72.72029079551248,6.813653563064534],[-72.72240444431068,6.817194069981263],[-72.72662717864813,6.825773388273695],[-72.73027026469008,6.835146461431635],[-72.73077417023579,6.835975805126075],[-72.73231257756514,6.837273434785059],[-72.7333337277384,6.83781745162548],[-72.73373949893593,6.8378397482624775],[-72.73571486198772,6.836782932263151],[-72.73616076407612,6.836435136619839],[-72.74789715412012,6.8304643598100325],[-72.75781419399293,6.8270977788195255],[-72.7588218925691,6.824828059952408],[-72.75925440629251,6.823775752126731],[-72.75906718818453,6.822482559954586],[-72.75826456560031,6.818415902402277],[-72.75727012163588,6.814969023344006],[-72.75539286895551,6.80080244127836],[-72.75578525706264,6.798604058639114],[-72.75607510621082,6.796789229202036],[-72.75593685524363,6.795353434084032],[-72.75495142032086,6.787072896106538],[-72.75471955801682,6.785779681343432],[-72.75424239535565,6.7847764434904665],[-72.75349774561393,6.783666111969665],[-72.75334614594408,6.78358135797993],[-72.75216896820334,6.782279332503314],[-72.75192366577328,6.7819850428207085],[-72.75166059668489,6.7816371830974544],[-72.75153127156644,6.781409781555446],[-72.751357395011,6.781088730051285],[-72.75099620395602,6.779956167820971],[-72.75089808255004,6.779586058982959],[-72.75086687849186,6.779238253858492],[-72.7508178177682,6.778399915724298],[-72.7508178177682,6.77807437466791],[-72.75088473514991,6.777699840543952],[-72.75096941898046,6.777365371023282],[-72.75104526464446,6.777093395784055],[-72.75112552935288,6.776803523249597],[-72.75117459001581,6.776513694377817],[-72.75121021310139,6.776161428066061],[-72.75120579403536,6.7759429123905015],[-72.7511700807641,6.775554999005678],[-72.7510631212897,6.775015474425097],[-72.75091142994945,6.774698880263404],[-72.75071527721705,6.774386716649985],[-72.75047448261668,6.774150346275465],[-72.7486551681607,6.772429137660109],[-72.74301442416056,6.76797004765946],[-72.73951844252589,6.76524552300728],[-72.73497466636903,6.762744012314082],[-72.7297263125296,6.759417493768369],[-72.7227299594316,6.754387666786356],[-72.71775356358938,6.75031202604387],[-72.71574252069999,6.7486532653677775],[-72.7155419206318,6.748479313270364],[-72.71509598177558,6.748091415828784],[-72.7147838060646,6.747779235039151],[-72.70551784639689,6.738143174322611],[-72.70726576520164,6.7238160468213115],[-72.70743074256364,6.7177427853913665],[-72.70124153677362,6.721341250615821],[-72.70105427518114,6.721425998204501],[-72.700871433405,6.721470593140974],[-72.700715381858,6.721497334868782],[-72.70060831059605,6.721497301598321],[-72.70036755794594,6.7214393322432695],[-72.70008666452901,6.721336773958644],[-72.69985475132702,6.721207441253275],[-72.69968083883617,6.721082640040104],[-72.69952478655067,6.720926565648956],[-72.69931073317157,6.720703610918181],[-72.69560080649732,6.716534328776993],[-72.68898796665887,6.707567112657105],[-72.67942760179236,6.699241937806642],[-72.67298872051143,6.695237690968071],[-72.65687794534121,6.697030263115017],[-72.63164834133389,6.70022744386875],[-72.6236755082443,6.701413494443454],[-72.62430423436652,6.703268503576962],[-72.626136897243,6.7092794087542575],[-72.62605217149985,6.710715201704993],[-72.61995211506229,6.720806174203787],[-72.60521032254445,6.72230891118675],[-72.59301467061643,6.726290870795088],[-72.58793574630378,6.736332779769828],[-72.58876968182621,6.739021595101904],[-72.58903273960013,6.740965768969204],[-72.58950091860538,6.745117168197378],[-72.58906838548714,6.756528009735072],[-72.58905051742288,6.756755436074049],[-72.58895242353289,6.757005100581433],[-72.58882761772942,6.757187981850325],[-72.5887384577982,6.757294991498518],[-72.58868494377613,6.757286050066506],[-72.58660700287828,6.75604198329157],[-72.57832638791923,6.747520592708043],[-72.57067463593424,6.743699161461837],[-72.56165380555593,6.743650138101926],[-72.55198201029805,6.745299970911923],[-72.54556538728058,6.745482804997489],[-72.53762374850841,6.745130554283933],[-72.53617009752101,6.744336828446054],[-72.53472086128083,6.740256794214013],[-72.52763089721088,6.728689857067754],[-72.51347774607247,6.723619817661701],[-72.50985694524259,6.722732481535899],[-72.50751144567683,6.723338932219805],[-72.50327526695939,6.724975446381131],[-72.50154519082298,6.725693344084853],[-72.49889196412255,6.728261811165466],[-72.49900345235832,6.731557070501904],[-72.49902132658123,6.732257155954628],[-72.49895443364993,6.7338490364387855],[-72.4987849895363,6.734598147440087],[-72.49837027077315,6.735271485409569],[-72.49781291806254,6.735833315935591],[-72.49709496587579,6.736163300842511],[-72.49570374177357,6.736328262973836],[-72.49510178750228,6.736328326581314],[-72.49437046719,6.736172223012219],[-72.49385318842458,6.7362301776060916],[-72.49342510111428,6.736377303141975],[-72.49222118083287,6.73702390432739],[-72.49169505078396,6.737585771797161],[-72.4893807161433,6.740974671113294],[-72.48788247249595,6.744479526204613],[-72.49030379828815,6.757718618593426],[-72.4908522294324,6.759635997142636],[-72.49118670416522,6.760037350923289],[-72.49306842134392,6.761883406437044],[-72.49479403920596,6.7633236780331565],[-72.49515523040841,6.763595661872525],[-72.49535591203555,6.763698249409178],[-72.49685420365347,6.771604271701746],[-72.49578841969401,6.779291690525394],[-72.49555217003378,6.7822927097575185],[-72.49653309674127,6.788753940581665],[-72.4983212519473,6.7930792890208815],[-72.4988875407017,6.795241920583487],[-72.49870915942361,6.79683385585282],[-72.49851299404307,6.798394495469842],[-72.49122678693884,6.804454458163983],[-72.48355272102778,6.815080458075198],[-72.48417248649436,6.816873041430532],[-72.4844044129222,6.817675705003711],[-72.48434645390398,6.818518445167456],[-72.48362846520253,6.82148375159098],[-72.483120193389,6.822861619164509],[-72.48266085205623,6.824007624944665],[-72.47884390066673,6.833126424520262],[-72.47706021836788,6.842200697690789]]]},"id":"0006000000000000062c","properties":{"continent":"America","disp_en":"Concepcion, Santander, Colombia","gaul0_code":185,"gaul0_name":"Colombia","gaul1_code":1940,"gaul1_name":"Santander","gaul2_code":114316,"gaul2_name":"Concepcion","iso3_code":"COL","map_code":"COL"}},{"type":"Feature","geometry":{"type":"Polygon","coordinates":[[[-73.20482124309596,6.329720723482346],[-73.20657808608293,6.3344696375170235],[-73.20340319308224,6.341283147725073],[-73.2025024377333,6.3449841759219225],[-73.20240441387436,6.346513655332234],[-73.20253367214035,6.352462115916069],[-73.20373767870926,6.359935574683859],[-73.19698657138098,6.373460015477053],[-73.19614826090283,6.381481952450274],[-73.19771785137158,6.391630876933392],[-73.19778923295668,6.391925133109121],[-73.1995282181885,6.396513594625756],[-73.20059398021843,6.3991578297096625],[-73.20227506552118,6.401191156289651],[-73.2047231302376,6.402145452556705],[-73.20694821130705,6.403567879255714],[-73.20874968270329,6.404852071126244],[-73.2095968571144,6.406947875391634],[-73.20973070173763,6.409387027273806],[-73.21005176648994,6.410582025191309],[-73.21188885649626,6.411554125539038],[-73.21332467451712,6.4123121832979155],[-73.21533131199405,6.413007782768082],[-73.22276464272055,6.415139228501706],[-73.223879436517,6.414448103269522],[-73.22639881761403,6.409043662429719],[-73.22649692097616,6.407567672940398],[-73.22756264472389,6.403924579468608],[-73.2361776207454,6.381896663658696],[-73.2403156537537,6.375479999091511],[-73.24362429689226,6.373196914322671],[-73.24795405966967,6.37054823195994],[-73.2495637837002,6.369870466874066],[-73.25031739008409,6.369647497583009],[-73.2521010530022,6.369206034308462],[-73.25381783753639,6.3689875699860465],[-73.26646378680698,6.369170332504911],[-73.27168098564916,6.369504768346214],[-73.27240338225413,6.369625186271642],[-73.27314359336903,6.3699373575502936],[-73.29282603630553,6.37011120090094],[-73.2931336645771,6.370066647191484],[-73.29349491805328,6.370008698464203],[-73.29606335470046,6.369589500966514],[-73.29669650671039,6.369228319357227],[-73.2967010054392,6.3671681970636165],[-73.29668759922708,6.365500525388055],[-73.29660284315567,6.365215151886823],[-73.29649586331193,6.364845072071135],[-73.29634875469505,6.364015652486611],[-73.2963130347286,6.363551924756144],[-73.29636656968874,6.361902048930809],[-73.29646464210298,6.360145173537295],[-73.29687933497522,6.3561943554263864],[-73.29694177727103,6.3559268664120925],[-73.29702203448977,6.3556905331705424],[-73.29764186756216,6.354758588404919],[-73.29791385937247,6.354401788301154],[-73.29825720019184,6.353987150197449],[-73.2989706923719,6.353251397489877],[-73.29977775450786,6.352462138156708],[-73.30023706781273,6.352034055214686],[-73.3006472549269,6.351699643707622],[-73.30519111244887,6.348172498565366],[-73.30438847878403,6.346848073801485],[-73.30033513850184,6.343454704483106],[-73.29835086304249,6.342130342444101],[-73.2906187301251,6.3373814260720485],[-73.28695339413869,6.335294608833264],[-73.28648964417451,6.3350849902997055],[-73.28351987570925,6.334456279606731],[-73.28271725304243,6.334469620486998],[-73.27785232546674,6.334688120107842],[-73.27337539249895,6.331134204913011],[-73.27094517890995,6.329542355353264],[-73.2665173290041,6.326893652139458],[-73.25794690332438,6.320459116529825],[-73.25445992972142,6.3168071070703755],[-73.24921154788427,6.313864133605036],[-73.23567371487388,6.308655918799832],[-73.23194591005038,6.3072289978339615],[-73.23151786550986,6.307220068260054],[-73.22977876861943,6.307451928701895],[-73.22918124625335,6.310118489736369],[-73.22972971766453,6.31403807902205],[-73.21900557035978,6.319125843370594],[-73.21272719820108,6.320026587304774],[-73.20677872067344,6.321493691227053],[-73.20475427432389,6.326759823259744],[-73.20482124309596,6.329720723482346]]]},"id":"0006000000000000062d","properties":{"continent":"America","disp_en":"Confines, Santander, Colombia","gaul0_code":185,"gaul0_name":"Colombia","gaul1_code":1940,"gaul1_name":"Santander","gaul2_code":114317,"gaul2_name":"Confines","iso3_code":"COL","map_code":"COL"}},{"type":"Feature","geometry":{"type":"Polygon","coordinates":[[[-73.47633145126683,6.375002900021089],[-73.48666311224677,6.372108939556574],[-73.49488568490403,6.373406507608928],[-73.49729810023734,6.374280508452152],[-73.49930023032212,6.375569189733425],[-73.49983974957986,6.376006137950788],[-73.50030349053876,6.376135500224003],[-73.50068704911584,6.376135515453107],[-73.50384852682367,6.37521690210346],[-73.50480277662854,6.374909236515577],[-73.50937783027902,6.373317333661514],[-73.51086714170584,6.3727019740106865],[-73.51146020273623,6.37231846580788],[-73.51438979904496,6.370267318192749],[-73.51500963538383,6.369830283478385],[-73.51595943036084,6.368519324742698],[-73.51634736469295,6.36797978798035],[-73.51683345007513,6.367235104193194],[-73.517274862806,6.366361158412516],[-73.51737741855321,6.365460364178654],[-73.51908526549849,6.353817684015083],[-73.5248553144398,6.340480495548779],[-73.52918070240284,6.331798621469349],[-73.53553933264297,6.321779023916141],[-73.54032392886357,6.316486065082101],[-73.54783308971446,6.308963610075655],[-73.55055763831464,6.306961425366734],[-73.5511238963723,6.306577958310662],[-73.55181506882313,6.3063951155104405],[-73.55284512811136,6.306707263508321],[-73.56049690215467,6.309440745858464],[-73.56265515007051,6.310287943684098],[-73.56542874934016,6.311835209666177],[-73.565812188783,6.312142903595914],[-73.56611987438741,6.313302265068219],[-73.56622240620072,6.3137615688067745],[-73.56614665307795,6.314176254370682],[-73.5664275595372,6.317181713567346],[-73.57446288732375,6.3222784833891605],[-73.57903345307501,6.323491309831724],[-73.58263187728939,6.3231390815689625],[-73.58630625448197,6.322523735530587],[-73.58800509168748,6.32141782113542],[-73.59006080356721,6.320289685498131],[-73.59802477610741,6.319090220012474],[-73.59964337381248,6.320298582511148],[-73.59959431741532,6.318599689275033],[-73.59946053535005,6.314153963113201],[-73.59932675319827,6.3124282711838475],[-73.59895667304093,6.307866611622376],[-73.5988853343766,6.30728698035179],[-73.59864903610622,6.306841047671189],[-73.59618316219996,6.303376321177767],[-73.59563912958687,6.302894729703118],[-73.5821146755992,6.292224132863048],[-73.57783396448148,6.2914661006099255],[-73.56704733166113,6.288884290476692],[-73.56670397256097,6.2870337047017575],[-73.5675645708383,6.282164384533402],[-73.56836729545994,6.268697906972504],[-73.56840297004105,6.267975544019916],[-73.56840297004105,6.267360137984726],[-73.56693590401207,6.263757204958298],[-73.56652568799987,6.262901074702237],[-73.56600835638062,6.26228574847074],[-73.56299851584457,6.259708341345532],[-73.56190155861289,6.258954734723502],[-73.55717937354774,6.256858979902354],[-73.55618501232007,6.2565825356561495],[-73.55502115883101,6.256377404263618],[-73.55399111027846,6.25641307141514],[-73.55276038341493,6.256685088985894],[-73.5521762461839,6.256818851897667],[-73.55145838422285,6.257403015942017],[-73.55083856577015,6.258259112392282],[-73.55022314902178,6.260484213774804],[-73.53969077623925,6.266486196702546],[-73.52550639775669,6.2700668614620625],[-73.51211573187696,6.269161620989397],[-73.49139425439198,6.266740372855994],[-73.48280153010147,6.2639534011787985],[-73.47509622459462,6.261309205188832],[-73.46954912312121,6.258968148090117],[-73.46834963843932,6.258455361940063],[-73.46633408975222,6.256328340561297],[-73.46698517367494,6.253001894381085],[-73.46729722934654,6.251838062403699],[-73.46808649170327,6.249372139158446],[-73.46832734245247,6.248649823150157],[-73.4691522924076,6.246491593047357],[-73.46956692384722,6.245430336014696],[-73.46987466040487,6.244748078924641],[-73.47015111048175,6.244025699917097],[-73.46991026180082,6.242723625387865],[-73.4697408854092,6.2421394741262155],[-73.46950003626299,6.241524144394395],[-73.46922808047837,6.240908761571189],[-73.46881785362278,6.240253266734725],[-73.46826935489503,6.239397120331641],[-73.46751578491852,6.2385409732339685],[-73.46591046158295,6.237644727924625],[-73.46512119114351,6.237337079980535],[-73.4635471367327,6.236993729924218],[-73.46070224746701,6.237399472190699],[-73.45977926633802,6.237568891756195],[-73.45840584574518,6.237845349594167],[-73.45738026987485,6.238184259310288],[-73.4567960481511,6.23849196331861],[-73.4556679688279,6.238558829887989],[-73.4547760743544,6.238491950320961],[-73.45285866841034,6.237698206717166],[-73.45220763117297,6.237323628239308],[-73.45155668185703,6.236806412659667],[-73.45111522200455,6.236360493204229],[-73.45094124521275,6.235571205143442],[-73.45080754822251,6.23365383799454],[-73.45081195384088,6.2325211827299105],[-73.45084764833732,6.231932594590886],[-73.44988892984956,6.231317280087249],[-73.44831485273694,6.230902547153828],[-73.44756130202744,6.231517903752899],[-73.44505526148045,6.233809919053283],[-73.4438558186298,6.2360706707783065],[-73.44327164975752,6.237238925612029],[-73.44333854558137,6.238059438852168],[-73.44504636009282,6.24292878664318],[-73.44788678303277,6.245367868053123],[-73.44688795038229,6.2511557807576565],[-73.44512665239412,6.259828758490562],[-73.44055156149287,6.27737084128467],[-73.42696471854174,6.294904070413777],[-73.4262467911728,6.295657601167927],[-73.41410469624674,6.30801376131656],[-73.40798226688459,6.310640175999817],[-73.41051508999423,6.312628985578064],[-73.41797957275769,6.316615368247711],[-73.41859492440881,6.316856229938293],[-73.42034295230161,6.317132645819497],[-73.42071748289256,6.31703008818042],[-73.42171185169414,6.316619868872187],[-73.43045621752381,6.312486248993631],[-73.4372786340294,6.307764112548453],[-73.44612099766218,6.302257101618258],[-73.46207115794526,6.313926535696537],[-73.46299421903508,6.3146845903101365],[-73.46357833383473,6.315197422838075],[-73.4639885708054,6.315678973307467],[-73.46453258534375,6.317391270401494],[-73.46541994370038,6.3208203058324175],[-73.46562510545982,6.322844773766003],[-73.46527726535741,6.325002958410705],[-73.46434090825987,6.3376133476242344],[-73.46437210524543,6.338438247738216],[-73.46460846496711,6.339945456434715],[-73.46478234068438,6.340632139699345],[-73.46505430215961,6.341421363342929],[-73.465259464272,6.3419341914725065],[-73.46549582300696,6.342518359723419],[-73.46587485951666,6.343031156830709],[-73.46638758263799,6.343512727724273],[-73.4669360862242,6.343789125076342],[-73.46793041955276,6.34395858051064],[-73.47306734468121,6.345474738187087],[-73.47477519034219,6.3477042435491295],[-73.4787661033237,6.3647424689937075],[-73.47800358071423,6.3718725775430975],[-73.47633145126683,6.375002900021089]]]},"id":"0006000000000000062e","properties":{"continent":"America","disp_en":"Contratacion, Santander, Colombia","gaul0_code":185,"gaul0_name":"Colombia","gaul1_code":1940,"gaul1_name":"Santander","gaul2_code":114318,"gaul2_name":"Contratacion","iso3_code":"COL","map_code":"COL"}},{"type":"Feature","geometry":{"type":"Polygon","coordinates":[[[-72.9233716827233,6.098346889906394],[-72.91842207910902,6.103082423603213],[-72.910694432849,6.106810265474868],[-72.9101147411725,6.106614002339433],[-72.909584167042,6.106614076850418],[-72.90862098317795,6.106854811685288],[-72.90739020755768,6.107331934366407],[-72.90664115817118,6.107840266616274],[-72.90390766234518,6.109690816942748],[-72.90091564336207,6.1117865978935875],[-72.90013971500711,6.112459892206563],[-72.89960911881089,6.113110949072991],[-72.89934161207955,6.113663877993689],[-72.89839181656784,6.117213352014488],[-72.89770952614748,6.12049519210159],[-72.89710312426374,6.122327893924627],[-72.89500287808782,6.123870771458961],[-72.8945213024469,6.124035766650859],[-72.89411102051103,6.124035742561705],[-72.89372309072564,6.124035748249566],[-72.88511258297684,6.123652229557869],[-72.87324241301468,6.124664445974423],[-72.87252011917963,6.125123785767596],[-72.87172192474156,6.125819401258483],[-72.87131169414084,6.126546203986515],[-72.8709950291733,6.127219568587549],[-72.86990702539785,6.132137959490535],[-72.86959937273807,6.135388609217928],[-72.87084341203939,6.139513290422648],[-72.86843555334875,6.144520890245453],[-72.8689170909483,6.146545251348333],[-72.86881009269146,6.147410338128019],[-72.86844447739759,6.149845046894415],[-72.8681545808546,6.151031122403173],[-72.86711560177105,6.152034462469514],[-72.86332986174384,6.160310508326162],[-72.86162199107947,6.170102687887274],[-72.86162199107946,6.170749317524151],[-72.86215708792356,6.172831724229511],[-72.8626208796328,6.1735495999470436],[-72.86490836487201,6.176965270764845],[-72.8658002402795,6.178008714591456],[-72.86655383367547,6.178080088611312],[-72.8681680120143,6.177834776655315],[-72.86996056936017,6.177264038063049],[-72.87182441467748,6.17683596805402],[-72.87397822566703,6.177308593954357],[-72.87587331827423,6.177995332714801],[-72.87723333371035,6.178784556884694],[-72.87734032823694,6.1798280265474945],[-72.87649311416999,6.190516453243669],[-72.87508405871951,6.193994608307757],[-72.8742056483818,6.201780160443788],[-72.87599816094372,6.202212714921009],[-72.87717979135994,6.20286374497594],[-72.87778624341546,6.204370904150532],[-72.87756774778508,6.20616343567055],[-72.87500825144743,6.2124017506894305],[-72.87363488276415,6.215099523210258],[-72.87077652739956,6.217012428420249],[-72.86883235770753,6.218791658593175],[-72.86700860271732,6.220610941534715],[-72.86682579377806,6.221462638310344],[-72.86887256092973,6.2323562092293985],[-72.87356349189712,6.236712793833023],[-72.87847742383464,6.237988047102013],[-72.89028956037244,6.243700180364964],[-72.89109670669855,6.2457825647732985],[-72.88884038566961,6.262035970235525],[-72.8831817787961,6.269005605707304],[-72.87728687604888,6.274352053214419],[-72.88317736211225,6.291350156283705],[-72.88393540809362,6.294605304138648],[-72.88721724195942,6.301980649516554],[-72.88903210122156,6.303898064410008],[-72.89494933968692,6.30816541417705],[-72.89605075018034,6.308361642391847],[-72.89867717021647,6.308080713154036],[-72.90054548015368,6.307844312365273],[-72.90212401000878,6.307607991140494],[-72.90398796694645,6.307946929360421],[-72.90527662229154,6.308477539173693],[-72.90627992644302,6.309199900570903],[-72.90689973414135,6.310154157580092],[-72.90961084448513,6.315375765153597],[-72.91023073369578,6.317146034313625],[-72.91578677284755,6.333711633442266],[-72.91973300720994,6.343481461595733],[-72.92054456056778,6.344489222964027],[-72.9214007215895,6.3464022268720806],[-72.92244865850482,6.348943923764962],[-72.92282320381395,6.351142204726795],[-72.92277417770487,6.352529036510133],[-72.92229256774547,6.353581327265914],[-72.92056691091555,6.356591275965492],[-72.91745000857425,6.360363652964957],[-72.91365974292073,6.365571839575611],[-72.91015484737378,6.371877026964053],[-72.90985616867101,6.373598226434502],[-72.91249145010504,6.378886723455471],[-72.92276967162816,6.381303545490823],[-72.94696472436279,6.373611658869267],[-72.95168692670093,6.372875856090721],[-72.95772903516128,6.371212663945528],[-72.9635659983559,6.3679975909992885],[-72.9676951632674,6.3654960461103505],[-72.96823470840488,6.365108140038782],[-72.97044639809792,6.363707977018679],[-72.97293008671215,6.362218615828137],[-72.97768799166471,6.3596858917227745],[-72.98396639441552,6.3584150406347915],[-72.98925933917451,6.358276813928349],[-72.99578744372289,6.3582722935504545],[-73.00123201702678,6.358584498963773],[-73.00330105330593,6.357188767605811],[-73.00418394227094,6.356711622354356],[-73.00569115218107,6.356310354217055],[-73.00672114845531,6.356359354911406],[-73.00781807644772,6.356479776466354],[-73.00953931332367,6.3568810940014675],[-73.02109729020582,6.359748302949039],[-73.0276923391776,6.361759348520765],[-73.03307896977998,6.362356891692202],[-73.0331324769415,6.361424904293076],[-73.03331083405787,6.360314557649373],[-73.03456824785398,6.354013864241769],[-73.03612453461926,6.34821258000263],[-73.03640990227449,6.347222674357022],[-73.03689145939961,6.345572800610287],[-73.03747111017374,6.344092376891086],[-73.04206845083795,6.3338855368844795],[-73.04518541737656,6.329836639423933],[-73.04748627465564,6.327031876494222],[-73.04813282369977,6.3264833969358865],[-73.04870803285776,6.326113295403743],[-73.04941258557251,6.32592155705821],[-73.05002355048252,6.325778829348941],[-73.05106244834947,6.3258992779802705],[-73.05215943802388,6.326260416581996],[-73.05301998446805,6.326563637186471],[-73.0608859010923,6.31352075550566],[-73.0661074806982,6.302966079219127],[-73.07177944493543,6.29853817249715],[-73.07853498550112,6.292117105778914],[-73.07886055849282,6.290788325210105],[-73.07815150225657,6.286850920869255],[-73.07459763238361,6.2831632328924485],[-73.07414281234601,6.282815424984407],[-73.07320191743679,6.282084151990659],[-73.07293884084127,6.281829980878725],[-73.07281842533284,6.281557913795713],[-73.0727693404591,6.281018414416823],[-73.07276042412312,6.28065722497473],[-73.07276042412312,6.280371833739552],[-73.07326883485234,6.2781021399981505],[-73.07475812510185,6.274249457548667],[-73.0874398490502,6.267039107298235],[-73.08782331684041,6.267003408630951],[-73.09031151916335,6.26685185064862],[-73.09676384301544,6.267070346892499],[-73.09883283855827,6.2673467984031825],[-73.10224846401508,6.268706802291938],[-73.10593176048332,6.268639957987301],[-73.1066229010345,6.26849723764274],[-73.1070999894139,6.268247550905462],[-73.10768864918877,6.2679398480002275],[-73.10900401061132,6.266994555601106],[-73.109485596516,6.266517433618806],[-73.10949009899723,6.265536372478958],[-73.109485596516,6.265264427087859],[-73.10947668160287,6.265041471343135],[-73.10944993686141,6.264756083329557],[-73.10938302996928,6.264501895550315],[-73.10920473156108,6.264096095566098],[-73.10894160608102,6.263525368343039],[-73.10830846478464,6.26238829106622],[-73.10374233953888,6.254402026055957],[-73.09985395641036,6.246848307845128],[-73.09933227643108,6.241484026920491],[-73.10027756724608,6.236663752157366],[-73.10356394669245,6.225025442653084],[-73.10876321727946,6.217427184249362],[-73.10960158040463,6.216321299070508],[-73.1103194545333,6.215456250272852],[-73.11101067190226,6.214769562951719],[-73.1155276666101,6.21137173628164],[-73.11781521550758,6.209708448523153],[-73.12944899777051,6.204509108134378],[-73.13069310142549,6.204130132835986],[-73.13246339601315,6.204419924920552],[-73.13446994136275,6.204995197694894],[-73.13570960569423,6.206386431786193],[-73.13590129926423,6.204901566171762],[-73.13600385390737,6.201744521607212],[-73.1346393961674,6.189401687619159],[-73.13411770546766,6.187725103536317],[-73.13311438843016,6.186525618921087],[-73.1318748000244,6.186476549311056],[-73.13024721660823,6.186761892546033],[-73.11848407881287,6.187167671434137],[-73.1087409749507,6.182414319716219],[-73.10639993526802,6.1832258919023895],[-73.10491508219303,6.183413114056124],[-73.10352828611691,6.183123305815714],[-73.09808367971272,6.18120142548527],[-73.0971294644755,6.180050934696551],[-73.09440944301053,6.176648667518838],[-73.09326789613945,6.174682242767052],[-73.08458597488018,6.165340392837412],[-73.08138434150581,6.163703902144034],[-73.07923512447283,6.161884623527827],[-73.0764214067031,6.158098813298445],[-73.07589967362468,6.155896008933848],[-73.07600225510507,6.153314189443052],[-73.07619841166319,6.1512585201389225],[-73.07591309297808,6.149867284559497],[-73.07433897048396,6.14885955578002],[-73.07194894604393,6.148092578623927],[-73.06545197510104,6.1465942999045176],[-73.06253577229556,6.146063677636501],[-73.04757995141881,6.142161984658644],[-73.0465320305522,6.1404362912504045],[-73.04457452981666,6.139094146630095],[-73.04108743183139,6.138081887928619],[-73.03683344920387,6.137306027729556],[-73.03348919103769,6.137493281444234],[-73.03253047562622,6.138732978606532],[-73.03032765821824,6.140115297241716],[-73.02865548845749,6.140975848923869],[-73.0240626575617,6.142639113353619],[-73.02277392819981,6.14225564682933],[-73.02124448746835,6.140721702234376],[-73.01799378460072,6.136927038223147],[-73.0157820916974,6.134416563973884],[-73.01442647243185,6.13368527364942],[-73.00525412536759,6.129185970599454],[-73.00294429314881,6.12851271655293],[-72.9966257646963,6.12857954578569],[-72.97973912493768,6.129337652291436],[-72.96889904644277,6.1289140306701215],[-72.9575997297233,6.128147050296584],[-72.95720289224528,6.126822657360043],[-72.95640020441628,6.12556075054382],[-72.95388525447841,6.12210941543438],[-72.95222650830219,6.119982440801925],[-72.94913191727261,6.117623578539388],[-72.9444364277997,6.11474294134869],[-72.94271525675431,6.113704019951299],[-72.94174319512031,6.113414137773533],[-72.94007994853051,6.113699538251127],[-72.93119741845321,6.107991911360397],[-72.92860217601613,6.1029620665949595],[-72.9233716827233,6.098346889906394]]]},"id":"0006000000000000062f","properties":{"continent":"America","disp_en":"Coromoro, Santander, Colombia","gaul0_code":185,"gaul0_name":"Colombia","gaul1_code":1940,"gaul1_name":"Santander","gaul2_code":114319,"gaul2_name":"Coromoro","iso3_code":"COL","map_code":"COL"}},{"type":"Feature","geometry":{"type":"Polygon","coordinates":[[[-73.0807199632369,6.686876830791691],[-73.0826640995911,6.688290360510482],[-73.09251430639657,6.690546705727442],[-73.09841814040078,6.691536617698962],[-73.10293070049612,6.690082921079804],[-73.10976204870033,6.687318325050533],[-73.11565697442423,6.686381898340174],[-73.11811398909974,6.6864042057168955],[-73.11849749567929,6.683483445761836],[-73.11976381020688,6.6641666627552025],[-73.12023654902411,6.663034071214284],[-73.12066012217397,6.661549167937773],[-73.120753769193,6.661156773568023],[-73.12107036786934,6.659493498727042],[-73.12104803669153,6.658570467577627],[-73.12096330425909,6.657915000077773],[-73.12074035245898,6.657397738703495],[-73.11844842056,6.653817060609274],[-73.1182076371616,6.653580779974045],[-73.11751644152514,6.653232928349142],[-73.11697688245842,6.652992181827961],[-73.11612972173,6.652644304234474],[-73.11530470951108,6.652363450565461],[-73.11391797631255,6.651979935819565],[-73.1125936382659,6.6512709071589],[-73.1114833387538,6.650432639579538],[-73.11080103767304,6.64985743377348],[-73.11065839984037,6.649509620675554],[-73.1106494849729,6.649299985141085],[-73.11064498251443,6.64918853396659],[-73.11062265031916,6.6488050552267435],[-73.11037294381008,6.6480023777748665],[-73.1098735299754,6.647369231657868],[-73.10871423012338,6.646084964038789],[-73.1049016645309,6.6439357348386165],[-73.10260966417869,6.641023956705031],[-73.09968897850948,6.6302061204393645],[-73.09986287169747,6.627874006953416],[-73.10545016711275,6.614982781213375],[-73.10928496586195,6.598782875208414],[-73.1106494849729,6.591991666450174],[-73.11134061129712,6.588344139926492],[-73.11168837987185,6.5864445099177145],[-73.11177311573925,6.58442011122416],[-73.11165272056017,6.583233938530863],[-73.11143867452455,6.581637574189781],[-73.11063165523687,6.57592106756777],[-73.10730062198057,6.563332982283985],[-73.10720255698227,6.563025347672155],[-73.10697517929955,6.562615052653857],[-73.10645792800035,6.562084494575548],[-73.10615913920077,6.562030930264944],[-73.10479018083802,6.5618168713519225],[-73.10346137749683,6.562231645168575],[-73.09174729575396,6.568978244078373],[-73.0868690590336,6.563341935192567],[-73.0825481921669,6.5591459375179815],[-73.07452630225082,6.552372517938278],[-73.07232793638283,6.551998008523621],[-73.07158328462384,6.551877593911356],[-73.06911739660528,6.553389241580114],[-73.0602482143464,6.5508474961560825],[-73.0523333670214,6.544520048298807],[-73.04036952254528,6.53957934467319],[-73.02976132161525,6.537693160987365],[-73.02910138955517,6.53850474738165],[-73.01989781823647,6.538513631561767],[-73.01213006358445,6.534839364119665],[-73.01106432619682,6.533885067292267],[-73.0099584946593,6.533729026029762],[-73.00842014142806,6.533662184508354],[-73.00718042461435,6.533724595086535],[-73.00217293259094,6.5349686538191785],[-72.99869033694021,6.536457975274732],[-72.99707172681094,6.537229415524832],[-72.99374518941943,6.539035334179199],[-72.99320119791946,6.539860309699598],[-72.99476631878937,6.546308162458879],[-72.99663468394691,6.553059204408195],[-72.99546193473007,6.5563723784380405],[-72.99404844746668,6.560131338845352],[-72.99065952105697,6.565259301074486],[-72.98891598205957,6.5674085896814285],[-72.9882917033032,6.567805448123172],[-72.98521046831775,6.569731824644558],[-72.98237002750719,6.571956896539547],[-72.98153616071,6.573709301260523],[-72.98146930707998,6.574841944344826],[-72.98144696246628,6.580973205560747],[-72.98224965534565,6.58573105783333],[-72.98331984819997,6.597003643217711],[-72.98257959745608,6.6002454232860215],[-72.98039469094067,6.603215176337694],[-72.97660885324208,6.60702773497281],[-72.95629324524687,6.612713058655319],[-72.94989444007031,6.609226079566166],[-72.94932367459522,6.607148153509339],[-72.94866369714443,6.605101430040381],[-72.94851203904122,6.604766955576934],[-72.94585895274545,6.6029030720219435],[-72.94426250898775,6.6022475461910854],[-72.94371858384066,6.602198550834506],[-72.94040985928677,6.60225649022045],[-72.93831413871494,6.602425962947774],[-72.93661518210685,6.6030457435066605],[-72.9352685703768,6.60375921247949],[-72.93347154423114,6.605123691828971],[-72.93297211256316,6.605627542621634],[-72.92349208476026,6.615393046256597],[-72.91856474405152,6.625185186787367],[-72.91827049188163,6.625840718466722],[-72.91723145888812,6.628587458578499],[-72.91628173426267,6.631147023818859],[-72.91584021647282,6.632703256749446],[-72.91593836164901,6.634036545136817],[-72.91654480601827,6.63611894295444],[-72.91691043832728,6.640627050288135],[-72.91676777239792,6.6468474777295805],[-72.91672316111386,6.647908802344729],[-72.91654480601827,6.648742638587601],[-72.91621035605915,6.64880060770212],[-72.9125806742425,6.649357962053136],[-72.90178963005071,6.644983633187056],[-72.8968266016125,6.635655140358877],[-72.89774521800614,6.634223785057593],[-72.89787455588389,6.633831384640007],[-72.89792358708902,6.631940736576481],[-72.8977317884943,6.630767966511199],[-72.88421627208731,6.627704550829473],[-72.88305693984393,6.627704610957832],[-72.88082289755786,6.628404631008529],[-72.8742056483818,6.630179417519459],[-72.87277422479471,6.630518281162292],[-72.87276088403121,6.630536149723209],[-72.87270734068923,6.632743335688949],[-72.87276530090568,6.633505903375458],[-72.87309972116773,6.63432191590257],[-72.87363488276415,6.63523157557087],[-72.88096558483947,6.645344819579156],[-72.88365887031148,6.652769221206974],[-72.88578589558107,6.659266125577057],[-72.89540414531908,6.668750631071662],[-72.90303818981803,6.673432651807609],[-72.90795206065692,6.67597880562638],[-72.90842477691386,6.675506157811865],[-72.91069001667084,6.675247520926124],[-72.91152386176799,6.675171683777414],[-72.91236212010938,6.675229676050673],[-72.91308447455641,6.67542138735928],[-72.92366151267352,6.6809016245638615],[-72.9350723859941,6.688669383787922],[-72.93848797176044,6.6907116712408365],[-72.94348221571573,6.685949344120598],[-72.95516057441769,6.674801574960389],[-72.96079242704862,6.667073975176286],[-72.96272323474669,6.6651833547586365],[-72.96564843066672,6.663190102322035],[-72.97453985258481,6.659163508402097],[-72.9873686614673,6.651177282030365],[-72.98788149296635,6.650856218312626],[-72.9890987875762,6.6503211631422054],[-72.99526129555528,6.6476991621470445],[-72.99798581135968,6.646923298958517],[-73.0005051562699,6.646218797468697],[-73.00184292787769,6.646040445225561],[-73.00296213116955,6.646000311705073],[-73.00401006746205,6.646000265772276],[-73.00483493561785,6.646027052094228],[-73.0065740321474,6.646142985927257],[-73.02365683379541,6.648319046975104],[-73.03601743158013,6.648145083913218],[-73.03766729933962,6.648194167791312],[-73.03849231891209,6.648417134286818],[-73.0409893387108,6.649246478183406],[-73.04219329604138,6.649897570289768],[-73.04731684572165,6.653768024225545],[-73.04935908215576,6.657785671968102],[-73.04939925475603,6.660171287617116],[-73.05135230128575,6.665129853044695],[-73.05232886342394,6.667470823268779],[-73.05257412921453,6.667988130645301],[-73.05299773676157,6.668367132470894],[-73.05359527158667,6.6687907110867854],[-73.05415263310215,6.6689022130932445],[-73.05964177982797,6.669093924679833],[-73.06175983531588,6.669165275743065],[-73.0696301384806,6.671479606008618],[-73.07689846766233,6.674123824153987],[-73.07794643122287,6.674975533105363],[-73.08089387076053,6.677419127903223],[-73.08195955807028,6.679581768568196],[-73.08244561359757,6.682016452302487],[-73.08249019340285,6.68250695372838],[-73.0824233687218,6.6831534868392914],[-73.0821959665287,6.684602752012832],[-73.08212905170203,6.685003999719738],[-73.08190164921855,6.685494538934511],[-73.0807199632369,6.686876830791691]]]},"id":"00060000000000000630","properties":{"continent":"America","disp_en":"Curiti, Santander, Colombia","gaul0_code":185,"gaul0_name":"Colombia","gaul1_code":1940,"gaul1_name":"Santander","gaul2_code":114320,"gaul2_name":"Curiti","iso3_code":"COL","map_code":"COL"}},{"type":"Feature","geometry":{"type":"Polygon","coordinates":[[[-73.74332004038914,6.713203411468089],[-73.7432977740563,6.712926887481332],[-73.7427894186417,6.7110941998020825],[-73.74144723565813,6.707674125281995],[-73.74102812149687,6.691572325328454],[-73.73915529542968,6.687853369678644],[-73.7352802975173,6.671925527897259],[-73.73610077111461,6.661914794250264],[-73.7357440477781,6.6569116773712445],[-73.72543462316793,6.652515031186496],[-73.72462308535401,6.646174216930092],[-73.72772662968791,6.638566929054968],[-73.73421461063575,6.633309709870571],[-73.73447768829888,6.6190851397680985],[-73.73034409693439,6.6124812430474575],[-73.72167115413681,6.609257302671896],[-73.72119399229068,6.60907895644883],[-73.72087298044069,6.608789106204611],[-73.7207525671928,6.608632975536663],[-73.71910269194174,6.60605115408545],[-73.71849181983268,6.603714589243305],[-73.71871029010822,6.603286587387648],[-73.71875931793046,6.602831701368773],[-73.71875931793046,6.602318954036248],[-73.71870140044688,6.600727061060423],[-73.71824659048329,6.599228766502688],[-73.71811279624187,6.598992403059706],[-73.71545961120437,6.59768594378952],[-73.70449019353362,6.59707946896352],[-73.70018275933515,6.601155094556331],[-73.69412277749885,6.592584666744522],[-73.68788452517185,6.58754590161729],[-73.68344328079019,6.587528096146792],[-73.67914025010423,6.586663054988909],[-73.67483721830179,6.58525839201303],[-73.67348614223401,6.583416833001635],[-73.67345937749101,6.583019944727461],[-73.67350841624564,6.582435766761125],[-73.67379824761862,6.5806877881119386],[-73.67777573066921,6.574257809683598],[-73.68225715432652,6.566017380148899],[-73.68238648169404,6.565732025664602],[-73.68344328079019,6.563052113222908],[-73.68352357107251,6.562682002582228],[-73.6835279717694,6.562347560810435],[-73.68347004422115,6.559605194884288],[-73.68345666250612,6.559105801549067],[-73.68330057236902,6.558878330188934],[-73.6777936033912,6.552292256213219],[-73.67200572333607,6.550352584984438],[-73.65531970872951,6.550718180324792],[-73.64074296495585,6.550334712387056],[-73.62951044603162,6.547213352218203],[-73.62391425939892,6.547150955812482],[-73.62069477060199,6.549478546628923],[-73.61625350578078,6.552345763487748],[-73.61564268513247,6.5526088627003745],[-73.61491578913362,6.552787192719606],[-73.61423354131827,6.552885325477065],[-73.61356467752827,6.5528005860971925],[-73.61216450366108,6.552604440772211],[-73.61162500519507,6.552497388113365],[-73.59862675397403,6.549688188466289],[-73.58793374925092,6.547092921522414],[-73.56993238839775,6.538990795894569],[-73.55897640097108,6.538272825441864],[-73.55413822186864,6.531891882850735],[-73.55104813776538,6.523214505507047],[-73.552947666452,6.5143631382612215],[-73.55301012404937,6.512740020926955],[-73.55140931645239,6.510737872611156],[-73.55099017297643,6.510296451041039],[-73.5504283180954,6.509841656467658],[-73.54973714105618,6.509409086630667],[-73.54912621449868,6.509203987025949],[-73.5440562100718,6.508923065035159],[-73.54331153860589,6.508949839854343],[-73.5427764447766,6.508994413628107],[-73.54216558775317,6.5091504690539495],[-73.54164828563385,6.509342197392784],[-73.5334212486645,6.512748931039765],[-73.52939020620352,6.516120052322351],[-73.52674150912479,6.519335023114458],[-73.52123009883462,6.519879084858075],[-73.51450574884696,6.519406377918571],[-73.51281134736317,6.518612650050437],[-73.5110276764267,6.517966132261241],[-73.51003327601643,6.517761027430051],[-73.50931985397396,6.517760982952719],[-73.49967480173589,6.518728637351993],[-73.49196948142534,6.522657084542675],[-73.48825946878786,6.5249267287387065],[-73.48538335742337,6.528248786580175],[-73.47466811888307,6.530206342896531],[-73.46917009316687,6.527209837155425],[-73.46123287439217,6.523816423866083],[-73.45559658144404,6.523352737796387],[-73.454125042976,6.523303630955004],[-73.45250199627434,6.523290309952521],[-73.45009401666712,6.523455244931675],[-73.44397171711246,6.524235592623378],[-73.44119813856751,6.524770692595008],[-73.43809012689934,6.525430638941566],[-73.4381704218158,6.528601104178301],[-73.43847361802567,6.5341660575918805],[-73.43855391279807,6.535120283119938],[-73.43879470701857,6.535802491859392],[-73.43962858304018,6.5375995706810315],[-73.43728303992698,6.549759490405411],[-73.43641795368241,6.550156379555501],[-73.43496876228234,6.551288991337623],[-73.43420626264724,6.552243230069994],[-73.43373806134747,6.552903139165976],[-73.43102693358189,6.558535022772592],[-73.42955099956843,6.562597283878264],[-73.4288018786862,6.568456525310968],[-73.42884647892254,6.5692502293341],[-73.42941719927182,6.57262133569341],[-73.42965350780364,6.573999137111608],[-73.42986760598569,6.574837513864058],[-73.43025102193457,6.575854192658668],[-73.43066572903118,6.577084865757566],[-73.43080843052846,6.578427027865426],[-73.43055431928948,6.579956537185017],[-73.43031792183278,6.580554019080259],[-73.42982300596205,6.581557378773627],[-73.42556896625614,6.587697529594477],[-73.42137742848166,6.590346270039379],[-73.41774774758046,6.595679321964957],[-73.4139440883452,6.611473424277782],[-73.4073535753693,6.621970208901949],[-73.40640374499446,6.624850764160036],[-73.40620760926589,6.6254081369010525],[-73.4054852059321,6.627017878568367],[-73.40353660234908,6.6310979882571575],[-73.39929148481852,6.6358201420879395],[-73.39930938132473,6.6360163219575],[-73.39927817485314,6.636239344103506],[-73.39836850871723,6.63852238008722],[-73.39815446906833,6.638981635906306],[-73.39542994160321,6.644154201975106],[-73.39521589903642,6.64453325416277],[-73.39481902038712,6.645019278587596],[-73.39430621575728,6.645518697678388],[-73.39352144784064,6.646142936089041],[-73.39144799560836,6.647605564188914],[-73.39054720008949,6.648149595393802],[-73.38984713835602,6.648385933962188],[-73.38932101132977,6.648622265482613],[-73.38788067582601,6.649861889845179],[-73.3874035597616,6.650445997175425],[-73.38718060544669,6.650780435076242],[-73.38329222361142,6.6567556596242845],[-73.38303364922469,6.657188157211899],[-73.38277948154344,6.657914988043761],[-73.38261894023199,6.658521412778735],[-73.38103591557301,6.6646304096861995],[-73.38043844464363,6.667136427008669],[-73.3803136078177,6.667698251256367],[-73.38011735842548,6.6719210570573475],[-73.38011295135642,6.672170733954323],[-73.38012626250351,6.672638936177004],[-73.3801887709197,6.673205216881666],[-73.38027349452835,6.67369129593931],[-73.38139270647285,6.677347723189002],[-73.38187424284166,6.681918355816207],[-73.38211510056328,6.688986037210873],[-73.38195896579,6.6895969049582495],[-73.38150414167487,6.691104058159611],[-73.38049636602832,6.69387764966108],[-73.37989439659472,6.695300137065695],[-73.37902934928488,6.697404828252785],[-73.37899373279001,6.6978239491330935],[-73.37908736098748,6.698171728488894],[-73.37927911428754,6.698421451066549],[-73.38063019674603,6.699812712746551],[-73.3814551245834,6.700651004798534],[-73.38305145714017,6.701814867555093],[-73.38522751940819,6.704508109319308],[-73.38630218659004,6.705814644811118],[-73.38776924391208,6.707214793732005],[-73.38884830533884,6.707959526994416],[-73.39213465180748,6.709756483091662],[-73.39831940552244,6.711678375077782],[-73.40016994071505,6.7119236666007485],[-73.40190013222325,6.711932555840187],[-73.41474227066223,6.711834415362818],[-73.42734813968805,6.711522282243512],[-73.43013062004897,6.716462976627228],[-73.42971150586233,6.717711570794569],[-73.4293369010698,6.718973448536996],[-73.42916749244624,6.720172959716774],[-73.42916749244624,6.721113868461896],[-73.42949300146627,6.7249665050859235],[-73.42984530597502,6.726072355082718],[-73.43063902306932,6.727615182293316],[-73.43126324033676,6.728738923168567],[-73.43198564681187,6.729398827192233],[-73.43294435574686,6.730188127569999],[-73.43865650663467,6.734228057334142],[-73.4399674734974,6.7348077562244],[-73.44082355389529,6.735173351242595],[-73.44173321985357,6.7354810610380325],[-73.4437131258421,6.735650535431236],[-73.4447787788124,6.735721833589525],[-73.44718223291568,6.735886834410546],[-73.44901499345735,6.735793162621933],[-73.45023229955684,6.7353873972743346],[-73.45113751979498,6.735066388742661],[-73.45359448824347,6.7339961573906875],[-73.45547619384955,6.7329527673775225],[-73.45684963334367,6.7321724136313135],[-73.45722418986674,6.731913797703104],[-73.4579287067838,6.731342993115109],[-73.46340005177495,6.735258070886906],[-73.46346694127936,6.739645887703985],[-73.46377010151126,6.7437438008631085],[-73.4671411566162,6.75874866034505],[-73.46314588944743,6.765869822850895],[-73.46268656241882,6.766119525731125],[-73.46226292698098,6.766565479689053],[-73.46167431326874,6.767390373551288],[-73.46152722701571,6.767747094785916],[-73.46122846898939,6.769660031963942],[-73.46120167694605,6.770320016438713],[-73.46140234747044,6.77514029162613],[-73.461553929112,6.7754881427892055],[-73.46202215926563,6.77625505542382],[-73.46320378849747,6.778110029771373],[-73.46340895239571,6.7782884280426465],[-73.46838532999408,6.7779361253324355],[-73.47090026590512,6.776446793624023],[-73.47964009721555,6.773824883603791],[-73.48479480784441,6.773771377433236],[-73.49044003388175,6.77789155704929],[-73.49440862801482,6.782069787198985],[-73.51379674626803,6.798506021135086],[-73.51639194653515,6.800530420820595],[-73.52456994804822,6.796530595386413],[-73.5304381714522,6.792388118032438],[-73.53112482851866,6.790381487455],[-73.53155740334095,6.789507548732265],[-73.5323599966895,6.788361547051529],[-73.53342574243685,6.787019379786217],[-73.53383152968264,6.786519918383624],[-73.53450487413883,6.786029422246365],[-73.54027935210557,6.78194487262744],[-73.54091259282193,6.782408610746606],[-73.54131836556367,6.782734122236451],[-73.54161710007607,6.78309533236829],[-73.54259813977707,6.784566835744599],[-73.54216558775317,6.786038332019663],[-73.5415680299959,6.787986960186469],[-73.54139862129738,6.788486376390434],[-73.54279873289086,6.798068962194387],[-73.54738715796978,6.805685151435803],[-73.5455768198926,6.809939090726204],[-73.54547868157835,6.810442968403494],[-73.55216734931192,6.809898962633738],[-73.56409097418886,6.808846644070205],[-73.57916275553704,6.80737518215876],[-73.5792518924202,6.8071566170244155],[-73.57966657610658,6.806737465460316],[-73.57974241416032,6.806666131673714],[-73.57986731326427,6.8065858542656645],[-73.5805851671614,6.806282642811034],[-73.58146808181966,6.806336205722516],[-73.58237776932327,6.806612668311245],[-73.5874165607779,6.809065151889664],[-73.59023026253811,6.811138651507431],[-73.59739152944066,6.816846304803291],[-73.608102283628,6.823013224825132],[-73.61167405873587,6.827409854182572],[-73.61144217733498,6.828297213223696],[-73.6113172972785,6.829429866922177],[-73.61137084298103,6.829715266882949],[-73.61289581156957,6.8314320285212204],[-73.61312328912754,6.831592513536501],[-73.61337295713804,6.8317173987293796],[-73.61438519206803,6.832198952392625],[-73.61464824476286,6.832288169292635],[-73.61573180630465,6.832502217342717],[-73.62226890091594,6.83144535022804],[-73.62435571452365,6.830152197235461],[-73.62412833920014,6.830063042645359],[-73.62407030499989,6.829987259486955],[-73.6239365388011,6.829737562229567],[-73.62346390951417,6.82873866383865],[-73.62343273624612,6.828457739061274],[-73.62343273624612,6.828181289554343],[-73.62343273624612,6.82790042315361],[-73.62344603204978,6.827623885054897],[-73.62359767602005,6.827383152461441],[-73.6237938787163,6.827178048189351],[-73.62403464001113,6.827044231876303],[-73.62429327841676,6.826995215342196],[-73.62458317943201,6.8270040866066095],[-73.6270579670142,6.827762181900738],[-73.63287703222862,6.83023697953789],[-73.63616792562748,6.831846710880693],[-73.6369705636008,6.833032798031037],[-73.6372960196041,6.833358291675637],[-73.63758590228389,6.833376158231197],[-73.6386516465536,6.832519979379012],[-73.63527608201544,6.7714481958858],[-73.64754308326448,6.7689734068328695],[-73.65485155302378,6.770935412319474],[-73.65836529951595,6.773811484025462],[-73.66385447002892,6.779224820239671],[-73.6658119717366,6.779657376562138],[-73.66837149771024,6.779340804531676],[-73.66902697981114,6.779180230091279],[-73.66976724632214,6.7788368758087225],[-73.67013288776818,6.778649628799068],[-73.67023545766554,6.778582738886848],[-73.67092209982705,6.766734873418611],[-73.67097562997562,6.760550099126844],[-73.67023545766554,6.75929262857322],[-73.67002133621004,6.7582759559461865],[-73.67022647606538,6.756314003563519],[-73.67043610651005,6.755627243307323],[-73.67310263366825,6.750294187716882],[-73.67468561225964,6.748225154538803],[-73.67831532451956,6.744965589621957],[-73.68300186329184,6.742633440957121],[-73.68597600182285,6.74156771695016],[-73.68654233695821,6.741532032781141],[-73.68728253981095,6.741768415120399],[-73.68779983600685,6.7419467555839265],[-73.68891462279547,6.742388215597874],[-73.68934264613148,6.742624511738678],[-73.68935602745917,6.742825225333744],[-73.69219204077753,6.74571473229292],[-73.70323719815065,6.746200722931918],[-73.70668859665174,6.747672267114697],[-73.71710502643508,6.756376432456565],[-73.7177916897011,6.760648248776198],[-73.72430647876745,6.7625701142995185],[-73.72787379634057,6.763287992986901],[-73.7284891295708,6.76339060758059],[-73.72954146805621,6.763390572664195],[-73.73021031071168,6.763377209416042],[-73.73072309755715,6.763140890932112],[-73.73102631550012,6.762846561211302],[-73.73498606470717,6.758565818717075],[-73.73893675751633,6.75464179497538],[-73.73874946476907,6.752746689956573],[-73.73794238007885,6.74622746914121],[-73.73525803029496,6.7443680480644685],[-73.73324247732837,6.740827519422584],[-73.73036196502052,6.735561308996026],[-73.73025493605893,6.7256353581333865],[-73.73260489109109,6.7175956274732265],[-73.73865141883188,6.719700283473913],[-73.7394138773707,6.7202443092955875],[-73.73991335258893,6.720409304390436],[-73.74026117982636,6.720391465993201],[-73.74045735986932,6.7202532031169895],[-73.74216515068863,6.717689220048506],[-73.74231230679227,6.717283438061959],[-73.7432710185402,6.713453097722589],[-73.74332004038914,6.713203411468089]]]},"id":"00060000000000000631","properties":{"continent":"America","disp_en":"El Carmen De Chucuri, Santander, Colombia","gaul0_code":185,"gaul0_name":"Colombia","gaul1_code":1940,"gaul1_name":"Santander","gaul2_code":114321,"gaul2_name":"El Carmen De Chucuri","iso3_code":"COL","map_code":"COL"}},{"type":"Feature","geometry":{"type":"Polygon","coordinates":[[[-73.48087080251935,6.186003860102322],[-73.47877500330021,6.189258979820915],[-73.47098944875798,6.2016553119056805],[-73.45915495265568,6.217752686005949],[-73.45788411262234,6.219910901777502],[-73.45774583469938,6.221725739243731],[-73.45753625986076,6.223647631543553],[-73.45681393985281,6.225426780956608],[-73.45430791816986,6.230670695385922],[-73.45375947193597,6.2314911811103215],[-73.45300585056218,6.232209069091765],[-73.4522166221717,6.232485580693565],[-73.45153438411043,6.232347302315833],[-73.45084764833732,6.231932594590886],[-73.45081195384088,6.2325211827299105],[-73.45080754822251,6.23365383799454],[-73.45094124521275,6.235571205143442],[-73.45111522200455,6.236360493204229],[-73.45155668185703,6.236806412659667],[-73.45220763117297,6.237323628239308],[-73.45285866841034,6.237698206717166],[-73.4547760743544,6.238491950320961],[-73.4556679688279,6.238558829887989],[-73.4567960481511,6.23849196331861],[-73.45738026987485,6.238184259310288],[-73.45840584574518,6.237845349594167],[-73.45977926633802,6.237568891756195],[-73.46070224746701,6.237399472190699],[-73.4635471367327,6.236993729924218],[-73.46512119114351,6.237337079980535],[-73.46591046158295,6.237644727924625],[-73.46751578491852,6.2385409732339685],[-73.46826935489503,6.239397120331641],[-73.46881785362278,6.240253266734725],[-73.46922808047837,6.240908761571189],[-73.46950003626299,6.241524144394395],[-73.4697408854092,6.2421394741262155],[-73.46991026180082,6.242723625387865],[-73.47015111048175,6.244025699917097],[-73.46987466040487,6.244748078924641],[-73.46956692384722,6.245430336014696],[-73.4691522924076,6.246491593047357],[-73.46832734245247,6.248649823150157],[-73.46808649170327,6.249372139158446],[-73.46729722934654,6.251838062403699],[-73.46698517367494,6.253001894381085],[-73.46633408975222,6.256328340561297],[-73.46834963843932,6.258455361940063],[-73.46954912312121,6.258968148090117],[-73.47509622459462,6.261309205188832],[-73.48280153010147,6.2639534011787985],[-73.49139425439198,6.266740372855994],[-73.51211573187696,6.269161620989397],[-73.52550639775669,6.2700668614620625],[-73.53969077623925,6.266486196702546],[-73.55022314902178,6.260484213774804],[-73.55083856577015,6.258259112392282],[-73.55145838422285,6.257403015942017],[-73.5521762461839,6.256818851897667],[-73.55276038341493,6.256685088985894],[-73.55399111027846,6.25641307141514],[-73.55502115883101,6.256377404263618],[-73.55618501232007,6.2565825356561495],[-73.55717937354774,6.256858979902354],[-73.56190155861289,6.258954734723502],[-73.56299851584457,6.259708341345532],[-73.56600835638062,6.26228574847074],[-73.56652568799987,6.262901074702237],[-73.56693590401207,6.263757204958298],[-73.56840297004105,6.267360137984726],[-73.56840297004105,6.267975544019916],[-73.56836729545994,6.268697906972504],[-73.5675645708383,6.282164384533402],[-73.56670397256097,6.2870337047017575],[-73.56704733166113,6.288884290476692],[-73.57783396448148,6.2914661006099255],[-73.5821146755992,6.292224132863048],[-73.59563912958687,6.302894729703118],[-73.59618316219996,6.303376321177767],[-73.59864903610622,6.306841047671189],[-73.5988853343766,6.30728698035179],[-73.59895667304093,6.307866611622376],[-73.59932675319827,6.3124282711838475],[-73.59946053535005,6.314153963113201],[-73.59959431741532,6.318599689275033],[-73.59964337381248,6.320298582511148],[-73.60449936045828,6.321128029764812],[-73.6154776491504,6.315250879258515],[-73.62303134630959,6.313739255329811],[-73.63235977667922,6.311277890645023],[-73.6349282547706,6.310457382341139],[-73.63817446976287,6.300152418731057],[-73.63843309037881,6.297374359758506],[-73.63845985970495,6.296143654564781],[-73.63795151140175,6.293057945804446],[-73.63738522122843,6.291002312087325],[-73.63718013828199,6.290667892875763],[-73.6367476039323,6.2904850480891605],[-73.6305270933192,6.289169604763185],[-73.61396599606253,6.279181236666408],[-73.61232505022619,6.277763253803825],[-73.61057708940672,6.275707605120269],[-73.60544470486552,6.268608692165621],[-73.59232602547162,6.261295785545936],[-73.58623931424259,6.259436386736514],[-73.58035774369561,6.255677310600603],[-73.57712490702647,6.253465588302395],[-73.57402581861986,6.24927407324552],[-73.57032929848097,6.246455917786815],[-73.56656576609495,6.243610978478993],[-73.56355144048842,6.241582108974554],[-73.55458413920131,6.237189871391366],[-73.54687436224829,6.238995831879918],[-73.54694131514346,6.23992328601012],[-73.54683868398531,6.240984620574445],[-73.54659792295337,6.2417381639054765],[-73.54604944689838,6.242563132283411],[-73.54481426960024,6.243312202337566],[-73.54224584316196,6.244204059756358],[-73.54149226792646,6.244373484854347],[-73.54084123425623,6.244337846595102],[-73.53227973749289,6.2396691818335785],[-73.52819968975935,6.232913590177983],[-73.52825766085846,6.227772262889629],[-73.5281595144301,6.222425806158272],[-73.52800789069094,6.221400201382651],[-73.52546622191196,6.218283287384909],[-73.52015988698999,6.212027176695954],[-73.51981654080755,6.211719519152511],[-73.5186527548634,6.210997146635488],[-73.51078238004297,6.206707466984691],[-73.50403576363213,6.206595963857197],[-73.49472073319023,6.2036039076303915],[-73.49359258586442,6.203086684007761],[-73.49242874501694,6.202261772324904],[-73.49140315383761,6.200857130069013],[-73.4909929699089,6.199381197301294],[-73.49092608908768,6.197601968961062],[-73.49079223748811,6.196299959807578],[-73.49003865769377,6.194721387483455],[-73.48815689888225,6.191702618116512],[-73.48706449483959,6.190226646815648],[-73.48398322342872,6.186726278791383],[-73.48340356973965,6.186280311394794],[-73.48268565278192,6.185972654160201],[-73.48207030629517,6.18573184325387],[-73.48145046314002,6.18579875243202],[-73.48087080251935,6.186003860102322]]]},"id":"00060000000000000632","properties":{"continent":"America","disp_en":"El Guacamayo, Santander, Colombia","gaul0_code":185,"gaul0_name":"Colombia","gaul1_code":1940,"gaul1_name":"Santander","gaul2_code":114322,"gaul2_name":"El Guacamayo","iso3_code":"COL","map_code":"COL"}},{"type":"Feature","geometry":{"type":"Polygon","coordinates":[[[-74.07715960227245,6.155200367481294],[-74.07837695075352,6.15207455990558],[-74.07776155527819,6.148525147679427],[-74.07714176593463,6.146545302403704],[-74.07465362511545,6.144311266821144],[-74.07226350912794,6.1437672512863575],[-74.07185326229911,6.143896590210712],[-74.07110411361829,6.143976864643468],[-74.07066715366643,6.143923337323442],[-74.07018107374762,6.143664691569769],[-74.06992248194831,6.143486355244647],[-74.06794713368554,6.141430728671009],[-74.06432184358275,6.136387471333775],[-74.06399637527306,6.135678495734967],[-74.06279237968003,6.132735472645115],[-74.06270767303111,6.132503610336259],[-74.06279237968003,6.132289547725911],[-74.06308217473301,6.131852571295975],[-74.06450021898185,6.129961864428978],[-74.0655258294462,6.128722285907248],[-74.06654695260816,6.122912069733781],[-74.06570859583842,6.120851917142109],[-74.0639472546974,6.117396148681689],[-74.0604870007601,6.114417451423866],[-74.06025958968527,6.111733118625701],[-74.06137441227543,6.108134560600612],[-74.0618024299793,6.106935119157346],[-74.06231524321493,6.1058202786276015],[-74.06265864175775,6.105218310290661],[-74.06451357472105,6.102904055247509],[-74.06568188452778,6.10165102863465],[-74.0670240784042,6.100308902538515],[-74.06850447834249,6.0986054897689055],[-74.06919564438671,6.097713650787143],[-74.06965492645611,6.097102804318087],[-74.07155451743454,6.093486440173498],[-74.0716303465088,6.09279971563769],[-74.07186222553408,6.090592504642123],[-74.07174624124079,6.089754152228293],[-74.06931154061132,6.080537238919083],[-74.06779099083836,6.0753958784067175],[-74.0668010672858,6.073148507111402],[-74.06630619320187,6.072158599246601],[-74.0656194087294,6.071284582621561],[-74.06451805651251,6.07037049953089],[-74.06174004253756,6.068426292545567],[-74.05724970623295,6.0653405895068975],[-74.05622414058645,6.064845668461949],[-74.05515841055963,6.0643908406955145],[-74.0483137155401,6.059780101577644],[-74.03959165170032,6.0533901732467],[-74.0359931626698,6.050629999098694],[-74.03503005775724,6.0497382432592595],[-74.03085627786143,6.0494974451631],[-74.0187320206475,6.046786293572386],[-74.01691716641517,6.045916762919893],[-74.0134256618429,6.047629010960432],[-74.00201484165112,6.055410209249218],[-73.99472868283382,6.056493736614459],[-73.99238320490875,6.0557490837295385],[-73.99000200929063,6.055650962110479],[-73.98803551667037,6.056507137488976],[-73.98245722163824,6.060529239734847],[-73.97847527788083,6.06427490403415],[-73.97569278251484,6.067726220585295],[-73.96852247924095,6.070678133129863],[-73.96064770713807,6.071922225902783],[-73.95059245990068,6.069625808910781],[-73.94599071939702,6.071833070501111],[-73.94866171002857,6.079221817120093],[-73.94919680062702,6.081214996325605],[-73.94945537639457,6.084278400391469],[-73.9489604676338,6.084554901838305],[-73.94834061908263,6.084813487141959],[-73.94782785905592,6.084942793530749],[-73.94739976572714,6.085049847722004],[-73.94637414963444,6.085263888169887],[-73.94607099315874,6.0853040187306835],[-73.94573204930585,6.085326283135549],[-73.94478669866645,6.085370892192401],[-73.94451026793885,6.085370857231299],[-73.9352665631105,6.085174716320486],[-73.93323322613011,6.084166958512169],[-73.93177949686408,6.083159182488797],[-73.93083865276036,6.081165927762893],[-73.92824787694317,6.071355901269113],[-73.92868049755883,6.068185502575295],[-73.92953658660058,6.0628301143334555],[-73.92868049755884,6.05348834614289],[-73.92845301978534,6.0522352850491865],[-73.92814983527217,6.051423767331769],[-73.92769496791466,6.050607760013181],[-73.92708411104086,6.049947803062763],[-73.9261699749397,6.049136204747901],[-73.9249035785179,6.048373728004438],[-73.91693965932876,6.045426280018605],[-73.9123824224565,6.043178851093731],[-73.9104471657622,6.039375242798975],[-73.90672380805508,6.02426332038019],[-73.90740604769705,6.020927972220941],[-73.90744623741344,6.0187385351628535],[-73.90733921433338,6.016370782502406],[-73.90697804464527,6.015184629568206],[-73.90647863180553,6.014038618152414],[-73.90586770830528,6.013030895633424],[-73.90085124527292,6.009236209518973],[-73.89843886894806,6.008638698435841],[-73.885966704208,6.003680148386564],[-73.87884557387518,6.000523126056941],[-73.87802954776001,6.0004740620099914],[-73.87719566335736,6.0006658310337615],[-73.87396731113176,6.001406033079879],[-73.87313340945072,6.001620073421943],[-73.86648494904735,6.00623520863681],[-73.86390309962798,6.008482581952405],[-73.86206597654963,6.010346532732811],[-73.86079512669735,6.011760046508182],[-73.8599345189867,6.012598331880734],[-73.85926566330703,6.01319585587716],[-73.85694690413204,6.014868056980686],[-73.8564474534137,6.015180194024159],[-73.8549180459528,6.015559208126245],[-73.85432051137683,6.015657286340503],[-73.85365163661235,6.015514608304761],[-73.85200178366941,6.0151311595010295],[-73.85140424024293,6.01479224555845],[-73.85061493096468,6.0144979633286555],[-73.84616921930598,6.013347505191873],[-73.84279821148672,6.013271713752202],[-73.8368720438298,6.013771060090957],[-73.83099496788223,6.0149884520624335],[-73.82561724725775,6.0170217999012925],[-73.81856295180097,6.01981762439848],[-73.81531227851414,6.021512110652747],[-73.81457209870862,6.02225672876369],[-73.81356876338518,6.023046053299165],[-73.81100919869561,6.024548733231928],[-73.80960015851716,6.025146231540977],[-73.80364723712317,6.0272286652411164],[-73.80257257955955,6.027371315663517],[-73.80164063052466,6.027322319340521],[-73.80090048951976,6.0269611455581575],[-73.79748481888713,6.0252354238633306],[-73.79705226840727,6.024758310080726],[-73.79595531473922,6.02296572345307],[-73.79518831424988,6.021672648083472],[-73.79442579883906,6.020330428012776],[-73.79394872031948,6.019469798584183],[-73.78249777506353,6.025110585846841],[-73.77080594492683,6.035558236021443],[-73.76461225835523,6.041537938037488],[-73.76500026150838,6.043401817497947],[-73.7726119556168,6.055851616126489],[-73.77996940880806,6.061960633032389],[-73.7869657398405,6.066566887719396],[-73.79419394689977,6.075890843184185],[-73.7959865512091,6.0797925089529565],[-73.79664646536963,6.086004044514998],[-73.794372301474,6.0958140756970405],[-73.79220968538726,6.104509356469433],[-73.7927759909353,6.1209589952875945],[-73.79266899530447,6.123745927389861],[-73.79371686782471,6.123255402912378],[-73.79468000088731,6.122827353590366],[-73.79542914105298,6.122613262578203],[-73.79669107591879,6.12259096480431],[-73.7973554757108,6.12267574869459],[-73.79981693104557,6.123233145931107],[-73.80026724760613,6.124521790235191],[-73.81051429904247,6.130889366742289],[-73.82697277474307,6.1343897986681055],[-73.83726439309034,6.1362135502323],[-73.84954923279228,6.1369046882242415],[-73.85271965894297,6.133627257304907],[-73.85605953923404,6.130974096243463],[-73.85667932217649,6.130568328849391],[-73.85721448572366,6.130287381822888],[-73.85894900143315,6.129431246584271],[-73.86549946434059,6.126648765862871],[-73.86624860544659,6.126434727102739],[-73.86663210285404,6.126394578883305],[-73.86992733223026,6.130956296409274],[-73.870698798226,6.132958393530536],[-73.870319705347,6.1334533644447555],[-73.8695974080123,6.135700763174768],[-73.8694813915591,6.136155576620499],[-73.86963302944628,6.136766444056005],[-73.8704713425865,6.1398878569622966],[-73.87077452698793,6.140614714108952],[-73.87180018225807,6.142781817943142],[-73.87438641402707,6.147927582283522],[-73.87480560575084,6.148609860326259],[-73.87514449361045,6.149144941796808],[-73.875906966722,6.149296515159178],[-73.8772759654851,6.148917502420282],[-73.87796261462603,6.148346736684097],[-73.89101441213442,6.145265526244543],[-73.90566702714301,6.140026115468501],[-73.90812847452626,6.137939197708619],[-73.91275255279768,6.135366316188083],[-73.91861623490905,6.132994041799589],[-73.9207120686118,6.1323296845770106],[-73.92201858935942,6.132071022061552],[-73.92249123105591,6.132071041358509],[-73.92298172230505,6.132178059358245],[-73.92343211561139,6.132307358879468],[-73.92381559046757,6.1324367191766616],[-73.92557247869102,6.134215897502552],[-73.92678980471561,6.1392502039843695],[-73.92742748280645,6.144752730827191],[-73.93218977486424,6.151178268166866],[-73.93938232563764,6.152208385562449],[-73.94590147646082,6.153175942082619],[-73.95102503061247,6.154192660658854],[-73.95189007944305,6.1547010026244715],[-73.9524474935121,6.155869289289186],[-73.95295136215894,6.159374104874609],[-73.95295136215894,6.160083146248367],[-73.957669080266,6.172934228849182],[-73.96405891921636,6.181616101114801],[-73.96728290578226,6.190864269086636],[-73.97727576438145,6.192478514895796],[-73.98606909357625,6.192482964181119],[-73.99062629698801,6.191100662123028],[-73.99928585981519,6.188291377805995],[-74.007017918806,6.18727915947839],[-74.01235996109835,6.187279194853878],[-74.0193116550224,6.185205659983543],[-74.02704819317991,6.182213664585222],[-74.03713475348407,6.1765461426804045],[-74.04671285530871,6.170878626982791],[-74.05665665190422,6.165023765206552],[-74.06770628642703,6.158896960075795],[-74.06858030864007,6.159632733121225],[-74.06945423718011,6.160279302635484],[-74.07056013193655,6.160693997839847],[-74.07134495654867,6.16069404940921],[-74.07189789920503,6.160462163693339],[-74.07576388133877,6.158344097356099],[-74.07636144691352,6.157929351370807],[-74.07668689393607,6.157193653841555],[-74.07696340246383,6.1560877477813225],[-74.07715960227245,6.155200367481294]]]},"id":"00060000000000000633","properties":{"continent":"America","disp_en":"El Penon, Santander, Colombia","gaul0_code":185,"gaul0_name":"Colombia","gaul1_code":1940,"gaul1_name":"Santander","gaul2_code":114323,"gaul2_name":"El Penon","iso3_code":"COL","map_code":"COL"}},{"type":"Feature","geometry":{"type":"Polygon","coordinates":[[[-73.28191012842694,7.548241428277688],[-73.28637366154175,7.54328292208349],[-73.29438666724838,7.532790617494899],[-73.30571285424857,7.52706956507674],[-73.30799585367039,7.525696165748542],[-73.31645034723407,7.517384448236367],[-73.31689181233602,7.516907318907107],[-73.31723962179419,7.516256294475863],[-73.31798876874448,7.514481573366844],[-73.31941562254966,7.510557519527033],[-73.31909012796635,7.508876474859763],[-73.32099864569419,7.5038822536118825],[-73.32535963712964,7.498130058862609],[-73.32543988395565,7.497728728509617],[-73.32521245789694,7.496921632122669],[-73.324904784609,7.496083335030178],[-73.324445522946,7.4949907933723035],[-73.32431174762411,7.494683172310167],[-73.32217133135352,7.491481481874401],[-73.32061962442931,7.490852772354734],[-73.31128665997494,7.484574331181857],[-73.30539624646515,7.477078632914048],[-73.29971981168391,7.470688700640161],[-73.29395865327854,7.464084794287065],[-73.29390961651877,7.463768230643733],[-73.29389171135055,7.463598787977919],[-73.2935795853452,7.459260068759593],[-73.29455618106489,7.457957996619895],[-73.29731184198333,7.454930224498049],[-73.29876996107318,7.455786420858951],[-73.30014790442347,7.455960297284953],[-73.30362147100128,7.455162137104089],[-73.30550322197924,7.4541410250038425],[-73.30615874951755,7.4529861312974175],[-73.30664926925627,7.451648360749829],[-73.30771046879423,7.447514752757459],[-73.3076525280616,7.442556280257595],[-73.3062479104686,7.440982174588832],[-73.3050885453689,7.439943223677743],[-73.3045222662603,7.439573125586165],[-73.29768199604754,7.435640163320404],[-73.29399428365127,7.43364247750439],[-73.28190122034616,7.4327685076963075],[-73.27765166492453,7.434115149237242],[-73.2638864571059,7.436108429656554],[-73.2530106975792,7.435100605740845],[-73.24679915851874,7.437914309341571],[-73.23738153627052,7.449570389308446],[-73.23261479550168,7.4607315425417555],[-73.22941318124326,7.455224543769385],[-73.22997056224969,7.452758698814327],[-73.22997056224969,7.452473281338449],[-73.229756538188,7.451086508302478],[-73.22952019346432,7.450292774799374],[-73.22846779939378,7.448451161750558],[-73.22818240201129,7.447974040876424],[-73.22801301745729,7.447733295373832],[-73.2277721707608,7.447421158340948],[-73.22605095534522,7.446078949066523],[-73.2258859793373,7.445980876854627],[-73.21649510668915,7.442636510762124],[-73.2136145912696,7.44411691423801],[-73.21183980161825,7.44669431771185],[-73.21020334273692,7.44832185743437],[-73.20828594966855,7.449441145119954],[-73.20271207722926,7.448446703697303],[-73.20105322848045,7.448023108060554],[-73.19768661629506,7.446306364234967],[-73.19666107720808,7.444027795815281],[-73.19488183275831,7.439573151122999],[-73.19439133635404,7.4380436235547345],[-73.19287528253135,7.43233603421143],[-73.1922955751281,7.429789809668822],[-73.1910559504518,7.424537063260401],[-73.18941943018645,7.417692276971024],[-73.18745748056341,7.414762669601007],[-73.18501831992029,7.412435056405651],[-73.18484890277766,7.412412693696402],[-73.17578796093012,7.414927658906078],[-73.17022750814695,7.425754372820253],[-73.17003125225503,7.428434315466514],[-73.16624104945065,7.4311052662685855],[-73.16012316939083,7.433459702964255],[-73.13849657482088,7.438725924113413],[-73.13252579412206,7.439046941479245],[-73.12343367848865,7.445891695039969],[-73.11780188864748,7.451122159789692],[-73.1134229825642,7.4589657373811695],[-73.1112202158907,7.46282735986872],[-73.10120061110928,7.470858199547136],[-73.0949891297968,7.473707539041912],[-73.08728377801707,7.4731367511924045],[-73.07925295664424,7.472182556562],[-73.07739795312244,7.470358789642629],[-73.07676031191868,7.468017742819248],[-73.07788401826338,7.466457006220212],[-73.07840124376558,7.4660556786826415],[-73.07915478962283,7.464833930937094],[-73.07967651534106,7.463206325590758],[-73.07971217961429,7.463054715500917],[-73.07973451481288,7.462938828262805],[-73.07973451481288,7.462805056608295],[-73.07973451481288,7.462537514112985],[-73.07973451481288,7.462425998651732],[-73.07952494211834,7.461177461407967],[-73.07929753706678,7.460013613628076],[-73.07899429996208,7.458519843682315],[-73.07891846810823,7.458172018012594],[-73.07879364269829,7.4578376153147],[-73.07851274024813,7.45728021111996],[-73.0452255006239,7.458889939439858],[-73.04651869957038,7.46490974536131],[-73.05189183391033,7.481814203168041],[-73.0526008805539,7.483160809553883],[-73.05377361300592,7.484346980584771],[-73.05423288656493,7.484627883256144],[-73.06179108900885,7.487450504182193],[-73.06743631940371,7.48783399806759],[-73.07744253390341,7.488435969887567],[-73.08808637645585,7.489274230979395],[-73.08080912350621,7.495200384135915],[-73.07688063530894,7.496948403464333],[-73.07615383064189,7.497309543490943],[-73.07586400876218,7.497483426597804],[-73.07405806261225,7.498589292376258],[-73.07365673932746,7.498834570814549],[-73.07309933471231,7.499177880618883],[-73.07265793126662,7.499944859326372],[-73.068805229644,7.507052660819347],[-73.0686491460053,7.50736034499107],[-73.06851539854496,7.507761727022717],[-73.068341481698,7.508296814947676],[-73.06783765349101,7.509884194613591],[-73.06760573363098,7.510726963640578],[-73.06743181609987,7.51177930692375],[-73.06737390360448,7.51240808251249],[-73.06733373412017,7.512907516341185],[-73.0675031484226,7.5142095207702075],[-73.06757898402441,7.514303191314154],[-73.0677350683855,7.5144013022236775],[-73.06821214728267,7.514552888349585],[-73.06842173024384,7.514575160110344],[-73.06863581629555,7.514575178630809],[-73.06926897665979,7.514499388647705],[-73.06987988920524,7.514289803858952],[-73.07440588757005,7.514164940009955],[-73.08122385339662,7.5187355009841506],[-73.0933748826284,7.530052754377953],[-73.09083763240581,7.540919537286327],[-73.08560715598264,7.55481860325882],[-73.07138703408118,7.567147974961097],[-73.06124257257436,7.575829836385388],[-73.04933683409836,7.599463085987706],[-73.04841826669364,7.603757236174583],[-73.04834692849644,7.605638970062032],[-73.04834692849644,7.606009076060154],[-73.04858319115404,7.606276572352119],[-73.04874379197699,7.606530770117366],[-73.04952850959985,7.606816140836985],[-73.05454507317178,7.608590904353385],[-73.05611014314432,7.609121510953508],[-73.05770204337274,7.609629857488114],[-73.06032405232541,7.6103210186273],[-73.06155916308876,7.610410225852012],[-73.08639643158115,7.60960759216966],[-73.0983690609819,7.617705252364466],[-73.10636427513339,7.615212629931917],[-73.11313762002793,7.6124123387689995],[-73.12039259764192,7.608523984096439],[-73.12165007727823,7.608087013887906],[-73.12331779165606,7.6081226596436835],[-73.12603783010375,7.609148247385503],[-73.1265417107878,7.60940247608351],[-73.1288960506303,7.611591829111718],[-73.13737280540707,7.615578304388148],[-73.1393036757194,7.616229337599614],[-73.14180518411943,7.616291710645379],[-73.14329006750727,7.616291767874617],[-73.1551513192638,7.618646173635792],[-73.15637304467462,7.619034057091806],[-73.15833508409989,7.619685155851571],[-73.15916894346365,7.620015134899126],[-73.15955238089559,7.620340586482908],[-73.16134054661194,7.623167721214505],[-73.16383758091193,7.625276830186812],[-73.16422551184174,7.625517606912023],[-73.16523328288933,7.625664764341326],[-73.16571042859555,7.625606833141772],[-73.1663079396398,7.6254284666252135],[-73.17002233971279,7.623346051561987],[-73.17181051274599,7.622244653878279],[-73.1738616323357,7.62072854245399],[-73.17665749512688,7.619359586713098],[-73.1784990889023,7.61885576421988],[-73.18121027433419,7.618681863624005],[-73.18159817544645,7.6187085900302725],[-73.1884161779719,7.620817734367118],[-73.19537682887105,7.625312537783991],[-73.20673416522806,7.6281172593798585],[-73.21709707329623,7.631666760750194],[-73.21767680665195,7.632041330405732],[-73.21818516343426,7.632175055739735],[-73.21903680246747,7.632112620787391],[-73.22070451868092,7.6315017712232205],[-73.22652806203439,7.628389326617245],[-73.22824036354011,7.6269222552613805],[-73.23508061827415,7.620064119931599],[-73.23630694950215,7.618606058820284],[-73.23722997845046,7.61697846949824],[-73.23859444511174,7.6139952995010205],[-73.23917412266799,7.611993150642004],[-73.23989653504928,7.6098929800377215],[-73.24115838865428,7.60629887917617],[-73.24297326377214,7.601688226659778],[-73.24382498822216,7.599752980381122],[-73.24918922939783,7.594384222118462],[-73.25472297550031,7.5910666047645],[-73.25532942847107,7.590781258935118],[-73.25693468952058,7.589639664803473],[-73.25829471576789,7.588565080865014],[-73.258865522951,7.588065609580955],[-73.25917760798531,7.587378944116093],[-73.25920883446256,7.587182762387428],[-73.25936046729394,7.586174986130943],[-73.25939610324404,7.584783708967484],[-73.25906170102265,7.580609983189666],[-73.25889674947217,7.579490798970939],[-73.25855784699294,7.578813034218566],[-73.25780867809844,7.577925666912365],[-73.25329606315063,7.573306027722461],[-73.24882358387555,7.564066742687181],[-73.24784705630073,7.560365694100561],[-73.24754386481005,7.558261041921115],[-73.24785155602291,7.556869782227573],[-73.25251132944531,7.538181656371601],[-73.2525826035385,7.537539552050094],[-73.25268519499612,7.537164979033669],[-73.25425483838995,7.533740421563592],[-73.25514215625844,7.532554292606911],[-73.2565690567459,7.531573291166142],[-73.25874961582531,7.530864293538556],[-73.26102815163121,7.530494188996801],[-73.26282963617852,7.5306680992873964],[-73.26388195770868,7.53148411385879],[-73.27447679498329,7.539782474262906],[-73.2797742483079,7.544000809421548],[-73.28191012842694,7.548241428277688]]]},"id":"00060000000000000634","properties":{"continent":"America","disp_en":"El Playon, Santander, Colombia","gaul0_code":185,"gaul0_name":"Colombia","gaul1_code":1940,"gaul1_name":"Santander","gaul2_code":114324,"gaul2_name":"El Playon","iso3_code":"COL","map_code":"COL"}},{"type":"Feature","geometry":{"type":"Polygon","coordinates":[[[-72.96996037957533,6.019492085822615],[-72.96671410342357,6.024508601667083],[-72.959579581981,6.037225972654029],[-72.95666773729172,6.044752939287323],[-72.95376486781466,6.052360145755247],[-72.95301127835091,6.062897023744869],[-72.9504740350564,6.069072902628855],[-72.94508299014274,6.07534684042576],[-72.92569932451887,6.085941618143945],[-72.92486994476671,6.085937213520423],[-72.92277417770487,6.087930409404778],[-72.92270280143983,6.09002170923272],[-72.92269829536178,6.092318189594433],[-72.9227563336406,6.095042654005703],[-72.92278751569141,6.095872096632189],[-72.9233716827233,6.098346889906394],[-72.92860217601613,6.1029620665949595],[-72.93119741845321,6.107991911360397],[-72.94007994853051,6.113699538251127],[-72.94174319512031,6.113414137773533],[-72.94271525675431,6.113704019951299],[-72.9444364277997,6.11474294134869],[-72.94913191727261,6.117623578539388],[-72.95222650830219,6.119982440801925],[-72.95388525447841,6.12210941543438],[-72.95640020441628,6.12556075054382],[-72.95720289224528,6.126822657360043],[-72.9575997297233,6.128147050296584],[-72.96889904644277,6.1289140306701215],[-72.97973912493768,6.129337652291436],[-72.9966257646963,6.12857954578569],[-73.00294429314881,6.12851271655293],[-73.00525412536759,6.129185970599454],[-73.01442647243185,6.13368527364942],[-73.0157820916974,6.134416563973884],[-73.01799378460072,6.136927038223147],[-73.02124448746835,6.140721702234376],[-73.02277392819981,6.14225564682933],[-73.0240626575617,6.142639113353619],[-73.02865548845749,6.140975848923869],[-73.03032765821824,6.140115297241716],[-73.03253047562622,6.138732978606532],[-73.03348919103769,6.137493281444234],[-73.03683344920387,6.137306027729556],[-73.04108743183139,6.138081887928619],[-73.04457452981666,6.139094146630095],[-73.0465320305522,6.1404362912504045],[-73.04757995141881,6.142161984658644],[-73.06253577229556,6.146063677636501],[-73.06545197510104,6.1465942999045176],[-73.07194894604393,6.148092578623927],[-73.07433897048396,6.14885955578002],[-73.07591309297808,6.149867284559497],[-73.07619841166319,6.1512585201389225],[-73.07600225510507,6.153314189443052],[-73.07589967362468,6.155896008933848],[-73.0764214067031,6.158098813298445],[-73.07923512447283,6.161884623527827],[-73.08138434150581,6.163703902144034],[-73.08458597488018,6.165340392837412],[-73.09326789613945,6.174682242767052],[-73.09440944301053,6.176648667518838],[-73.0971294644755,6.180050934696551],[-73.09808367971272,6.18120142548527],[-73.10352828611691,6.183123305815714],[-73.10491508219303,6.183413114056124],[-73.10639993526802,6.1832258919023895],[-73.1087409749507,6.182414319716219],[-73.11848407881287,6.187167671434137],[-73.13024721660823,6.186761892546033],[-73.1318748000244,6.186476549311056],[-73.13311438843016,6.186525618921087],[-73.13411770546766,6.187725103536317],[-73.1346393961674,6.189401687619159],[-73.13600385390737,6.201744521607212],[-73.13590129926423,6.204901566171762],[-73.13570960569423,6.206386431786193],[-73.13841184886896,6.203675276527272],[-73.14655863155618,6.192772777586969],[-73.14826640899273,6.189816434927015],[-73.14856514267667,6.1892501037172565],[-73.150785825454,6.184197936826543],[-73.1515973843807,6.181357479496995],[-73.15124067334817,6.180911572214934],[-73.15108905748468,6.180010874549937],[-73.15118269199665,6.1791770266758395],[-73.15148142184502,6.178338697196102],[-73.15202098925802,6.1776207318604515],[-73.15767957233462,6.171471669152267],[-73.15797838366004,6.17120414587184],[-73.15932496539436,6.170816151719109],[-73.16057799856324,6.170669059883927],[-73.1639535371286,6.170347991789403],[-73.16200045920357,6.159788854420587],[-73.16258906720287,6.149260846517469],[-73.16175963184344,6.144837464556355],[-73.16170165318091,6.143579950669524],[-73.161790871893,6.142500882187079],[-73.16335151845385,6.139245768254943],[-73.16502819995412,6.1364097162192275],[-73.16703481775585,6.133332938369779],[-73.16896561579915,6.1298415322865],[-73.17001342717018,6.127718979949755],[-73.17319284192,6.120967880228636],[-73.17349154274332,6.119862019203136],[-73.17484712457956,6.113824394913728],[-73.17515032439786,6.112268176267242],[-73.1751815625983,6.110595988615671],[-73.17503437392159,6.1085002310270164],[-73.1748292998745,6.106346524128541],[-73.1738483087608,6.102935256578804],[-73.17313927738462,6.100754772270545],[-73.17230546948436,6.098659002571112],[-73.17114162623587,6.097521905044355],[-73.17057527677015,6.0971607510899215],[-73.16967907153018,6.096799564856528],[-73.16824315517906,6.0968887348452245],[-73.16639265518076,6.09709386075037],[-73.16472048517517,6.097298997023044],[-73.16325347757602,6.09732570004255],[-73.16175963184344,6.097325714450874],[-73.1580273602302,6.096482987934579],[-73.15644443933115,6.096028134649528],[-73.1554322176563,6.095461865259203],[-73.14832889280359,6.091408519500047],[-73.14749949534388,6.08686467906146],[-73.1439678597099,6.071877671333988],[-73.14482401065554,6.06057379650392],[-73.14036936145583,6.046541027939949],[-73.14126559245464,6.045854360217236],[-73.1419568061757,6.045020450463006],[-73.1448284224041,6.039847908653595],[-73.14631778780739,6.027135045837084],[-73.14497112891816,6.018065184775727],[-73.14110064443858,6.001798379149526],[-73.1405655529718,5.999622386815673],[-73.14055663927189,5.999591123217168],[-73.14054772557165,5.999555511178451],[-73.14053881187104,5.999524247620758],[-73.1405253963008,5.999488571464637],[-73.14050756889749,5.999439555704246],[-73.14042284369403,5.9991987320813625],[-73.14040501628268,5.999149716607512],[-73.14038718886997,5.999109553327819],[-73.14037377329079,5.999073877471454],[-73.14015975417897,5.998748382475286],[-73.13947753878024,5.997887740664668],[-73.13905391053062,5.997379470254344],[-73.13616439369942,5.9939503811283315],[-73.12917698144057,5.989143464892289],[-73.12910566826764,5.989103335720453],[-73.12901652677014,5.989063188964164],[-73.12890496478632,5.989027538078606],[-73.12875342408654,5.988991871211728],[-73.12864195201615,5.9889651509744475],[-73.12853489195547,5.988947264450325],[-73.12659960837202,5.9887332670699065],[-73.12640790698339,5.988710930966293],[-73.12626969099267,5.98870200056326],[-73.12612697276464,5.988706513927512],[-73.12602441368006,5.988710971486613],[-73.1225953660432,5.989107786936631],[-73.10858041588999,5.980399195856684],[-73.09760657258951,5.9771484670973765],[-73.09139508418637,5.977531954917806],[-73.08472871896107,5.977389306927942],[-73.08372536579054,5.977340243105942],[-73.08218705055694,5.977188655077317],[-73.0807110472081,5.977090553714816],[-73.07742470159205,5.977420478149357],[-73.06888106481877,5.9812196559739945],[-73.0678153171418,5.982040108422833],[-73.06764590306805,5.982677771706638],[-73.06653106350024,5.9906238642335605],[-73.06481439099974,5.998940100319827],[-73.06210317536576,6.010172571295485],[-73.04789205690048,6.0188589240695585],[-73.04574279908103,6.019978157365122],[-73.04017333565733,6.022586741267846],[-73.03950001163182,6.022827523802549],[-73.03897828550875,6.022939035596533],[-73.03839863848765,6.023010346242642],[-73.03441664513196,6.0234518002077895],[-73.03406434632802,6.0234339844132485],[-73.03200873388982,6.023001438591387],[-73.03158067418974,6.0229077597611855],[-73.03137556197154,6.022626840494033],[-73.03120612130736,6.022270115634886],[-73.03111694196096,6.02183760856687],[-73.03109910608758,6.021427407354886],[-73.03122837109858,6.0211642835295995],[-73.02834335718194,6.016896925765577],[-73.0281739143146,6.016540166661803],[-73.02795096298588,6.015884686793241],[-73.02763432669222,6.0146540194011395],[-73.02750947368561,6.012576035975803],[-73.02756748620206,6.01038664984085],[-73.02520859917678,5.994396324474734],[-73.02045517034088,5.980287699241568],[-73.02064245548375,5.979449382276575],[-73.020736143041,5.978847449870338],[-73.0206647963662,5.978120598578544],[-73.02051759873852,5.977616723255211],[-73.01951432822771,5.975124035787951],[-73.01798937042449,5.971418547503038],[-73.01707518372143,5.969848928658561],[-73.0145424138604,5.966460042790021],[-73.01307093540001,5.9645871986742725],[-73.0112427001635,5.963106773882396],[-73.00898193521724,5.965122286325456],[-73.00476808861234,5.9704955317902755],[-72.99523003294729,5.985941880768644],[-72.98831846200228,5.9973883519942435],[-72.98458617973658,6.006168338379825],[-72.98070679593992,6.011603984590086],[-72.97190003262597,6.017356212764038],[-72.9709726016747,6.017967146738805],[-72.9701922161217,6.018698422540817],[-72.97004949205633,6.019121989116873],[-72.96996037957533,6.019492085822615]]]},"id":"00060000000000000635","properties":{"continent":"America","disp_en":"Encino, Santander, Colombia","gaul0_code":185,"gaul0_name":"Colombia","gaul1_code":1940,"gaul1_name":"Santander","gaul2_code":114325,"gaul2_name":"Encino","iso3_code":"COL","map_code":"COL"}},{"type":"Feature","geometry":{"type":"Polygon","coordinates":[[[-72.702543614367,6.594372779589493],[-72.70042555869912,6.596464150019518],[-72.69511027086386,6.599879761913609],[-72.68421224971326,6.603183972314142],[-72.68148773855243,6.606760153959499],[-72.67778666112791,6.609747785703221],[-72.67490159280055,6.611990742518783],[-72.66763776154906,6.616494389653402],[-72.66563561105015,6.621091725526124],[-72.66178291769548,6.635548119696777],[-72.65853228343398,6.644952402969702],[-72.65776082570038,6.647083839749563],[-72.65649442462224,6.6485152298546275],[-72.65437192335239,6.649977828452939],[-72.65229848432668,6.651324467164234],[-72.64842799555973,6.654954163556737],[-72.64234128492339,6.663863445301033],[-72.63328930907547,6.678658761991853],[-72.62839317226816,6.6910059898888266],[-72.62837088571695,6.692481962305287],[-72.62805436234285,6.694880908564233],[-72.62793390650901,6.695558745359733],[-72.62767079828835,6.69657538704788],[-72.62721153123324,6.698229699908808],[-72.6270688785677,6.698738105346682],[-72.62694842227019,6.698969955566043],[-72.62676561732393,6.6992508808793545],[-72.62656494678843,6.699509528109472],[-72.62629741590638,6.699835034551026],[-72.62614582998746,6.699955407733827],[-72.6236755082443,6.701413494443454],[-72.63164834133389,6.70022744386875],[-72.65687794534121,6.697030263115017],[-72.67298872051143,6.695237690968071],[-72.67942760179236,6.699241937806642],[-72.68898796665887,6.707567112657105],[-72.69560080649732,6.716534328776993],[-72.69931073317157,6.720703610918181],[-72.69952478655067,6.720926565648956],[-72.69968083883617,6.721082640040104],[-72.69985475132702,6.721207441253275],[-72.70008666452901,6.721336773958644],[-72.70036755794594,6.7214393322432695],[-72.70060831059605,6.721497301598321],[-72.700715381858,6.721497334868782],[-72.700871433405,6.721470593140974],[-72.70105427518114,6.721425998204501],[-72.70124153677362,6.721341250615821],[-72.70743074256364,6.7177427853913665],[-72.70879078691104,6.712516707997765],[-72.70778306673662,6.701435794743869],[-72.70729255486265,6.6944484352623395],[-72.70765371890258,6.684723088145301],[-72.70858125144339,6.677700007886446],[-72.70764929906606,6.673610994136546],[-72.70890669431586,6.668170902665406],[-72.70942399247022,6.66069750203717],[-72.70962910743282,6.651685601178754],[-72.70839841514345,6.64299486317527],[-72.70601720146703,6.628355621068871],[-72.70562482536647,6.626429257359625],[-72.70569175485042,6.623887567529348],[-72.70599050187134,6.621854218358463],[-72.70776962683227,6.614862411230694],[-72.70878185707761,6.612227058203001],[-72.71136373830483,6.607308690896998],[-72.71461441382297,6.6023189281231165],[-72.71890402511703,6.594863331108226],[-72.7203086543592,6.591701802361701],[-72.72082592898767,6.590261509059664],[-72.72158844486064,6.587644037051084],[-72.72298412971375,6.581900717195154],[-72.72305096436892,6.580411322911182],[-72.7230286861525,6.580090305574171],[-72.72289492661716,6.579069176806072],[-72.72100875622498,6.581227383900185],[-72.71305812852255,6.5882861305374165],[-72.70773841738722,6.59193367624192],[-72.70350679565654,6.593935824589712],[-72.702543614367,6.594372779589493]]]},"id":"00060000000000000636","properties":{"continent":"America","disp_en":"Enciso, Santander, Colombia","gaul0_code":185,"gaul0_name":"Colombia","gaul1_code":1940,"gaul1_name":"Santander","gaul2_code":114326,"gaul2_name":"Enciso","iso3_code":"COL","map_code":"COL"}},{"type":"Feature","geometry":{"type":"Polygon","coordinates":[[[-74.07925979686135,5.818502617393312],[-74.07325340407941,5.818881632748531],[-74.06185594332888,5.819782345809078],[-74.06054499636694,5.82019263118532],[-74.05914036825284,5.820232767197855],[-74.05628652984471,5.8195505164116055],[-74.05072161410587,5.817896191551435],[-74.04990111585956,5.817637499432684],[-74.03647027566844,5.812277717907087],[-74.03123084239458,5.809856369711314],[-74.0263570529729,5.807029298464487],[-74.02603151959825,5.806824183136536],[-74.02574166801486,5.806507582950332],[-74.02571495108211,5.806329262133624],[-74.02435937561977,5.7919441950898705],[-74.0244217753368,5.789317802395388],[-74.01927597147215,5.779717372013446],[-74.01189623685893,5.775284964354834],[-74.01308235371259,5.767245207408298],[-74.00951062146626,5.76267913230174],[-74.00698223295956,5.760775074461627],[-74.00383414126573,5.757305893743964],[-74.00139946793735,5.753859033228313],[-73.99876417914942,5.748954024998844],[-73.99840300098444,5.748151326073499],[-73.99811310749101,5.747032151794798],[-73.99791243243104,5.746247341807269],[-73.99766719251696,5.743964251643527],[-73.99764495502477,5.7436075477044914],[-73.99527709567678,5.737338015707588],[-73.99172771774347,5.73192471345414],[-73.98832981931041,5.727314010218791],[-73.98296997923134,5.721356616372866],[-73.9814048895536,5.720732349501515],[-73.98089203810923,5.720776933018295],[-73.98046401818702,5.720910734512612],[-73.98012952887704,5.721066747264849],[-73.97990659546413,5.721312042056326],[-73.97715981220898,5.724535950700555],[-73.97572847418245,5.727643936405341],[-73.97295490697408,5.731246891596807],[-73.96531196577105,5.737850818807792],[-73.96289958382086,5.739170699689465],[-73.9619408645948,5.7395497756359015],[-73.96015722161037,5.7412932849845415],[-73.95345522949178,5.747107936886622],[-73.94858143734206,5.7491502160772185],[-73.9415939983714,5.754171116392858],[-73.93560992039366,5.759878784961451],[-73.92972836294489,5.76848928726061],[-73.92112228029426,5.777046375347191],[-73.91648485543556,5.786254413228305],[-73.91652943882278,5.7870927269640955],[-73.91624399732184,5.788983326452701],[-73.91571787604752,5.791038999061223],[-73.9155038389208,5.7916364918542325],[-73.91480817178007,5.792260809418921],[-73.91038921451656,5.792786928763983],[-73.90281763736506,5.7928092773889714],[-73.89964281801869,5.790579690376113],[-73.89560731654062,5.78323553652267],[-73.89453262211302,5.782589008452936],[-73.89183047382534,5.781893368569703],[-73.88282749927414,5.781171020044255],[-73.88110629389392,5.781242337222784],[-73.87998262141933,5.781340424713334],[-73.87917548253392,5.7814920760004],[-73.8758892014373,5.782446273552162],[-73.86803669833478,5.780109721363449],[-73.86140601141935,5.775895867282974],[-73.85962683129962,5.774901504942619],[-73.86346163174434,5.793277462780202],[-73.85558682668092,5.793197180782028],[-73.85484222134737,5.791627608128705],[-73.85396373059396,5.789866274980713],[-73.85362040924022,5.789500638696175],[-73.8527062885399,5.788755936236504],[-73.84800640103369,5.785077154300597],[-73.84089412522889,5.783966852829985],[-73.82992476628347,5.787886380871398],[-73.82954128718583,5.788038051488328],[-73.8291220888475,5.788265439523227],[-73.82730725761947,5.789567489526079],[-73.82648231251342,5.79029880021985],[-73.82712444534201,5.791832750277286],[-73.83128035399699,5.797192557951567],[-73.84926387309137,5.811796106501042],[-73.85838719230304,5.819862661117227],[-73.85931914313113,5.822132303356079],[-73.85957774838405,5.822756613174755],[-73.8598229833774,5.823247105690515],[-73.8600325948966,5.823590466861196],[-73.86014852719907,5.823626086152459],[-73.86276604862746,5.823064252114988],[-73.86613707342079,5.821369767804796],[-73.86693529318494,5.8209105139185615],[-73.86995407069304,5.818707728881761],[-73.8727901215869,5.817026653640431],[-73.87303085383452,5.8170088194077785],[-73.87438201753379,5.817878302553361],[-73.87458712729945,5.818297469791757],[-73.87521582418142,5.819983030387333],[-73.8753273510473,5.820326399004805],[-73.87851557493848,5.8301586971285495],[-73.87905067897013,5.847972808501823],[-73.8786672058403,5.85115656215025],[-73.8794296652473,5.852543410358156],[-73.87974180798702,5.852877799181599],[-73.88014761972161,5.853163178263823],[-73.88048201226576,5.853354915680644],[-73.88095915094723,5.8535466426837415],[-73.88158343105448,5.853595721983665],[-73.88236821956448,5.853475342487193],[-73.88994426802597,5.851829895156883],[-73.89892933106424,5.846545895797508],[-73.90669258914252,5.8449183301528045],[-73.91469675715976,5.841957440820209],[-73.91473237037464,5.841837093602161],[-73.91588284415006,5.841645316076099],[-73.91710014115877,5.841547264052651],[-73.92006100267726,5.841333168336342],[-73.92878302392873,5.84074015229738],[-73.9415939983714,5.841899479086712],[-73.96289958382086,5.845761095188393],[-73.9673453240837,5.847076509833869],[-73.97054692535578,5.847388651839977],[-73.97162155734883,5.847232589738771],[-73.98614935064744,5.841627515032716],[-73.99663718145031,5.834354677330733],[-73.99185702195535,5.828334892935657],[-73.99623134463023,5.8213519683137775],[-73.99793924291815,5.819809143013567],[-74.00243402631365,5.822145710453168],[-74.00386534447941,5.827559066550211],[-74.01648017146911,5.830805295710262],[-74.02752532859395,5.8381627876390025],[-74.03086963596779,5.840316486720747],[-74.04527701796013,5.845007496781558],[-74.05434241353865,5.842051152666607],[-74.06319816433916,5.843188208212096],[-74.06781779148548,5.838546244085872],[-74.07098373685442,5.835353524076503],[-74.07400702580632,5.832566599067271],[-74.07460450730825,5.832062724580888],[-74.07502371124835,5.831835333416327],[-74.07609829242513,5.831920053651743],[-74.07703026637765,5.832156402896949],[-74.07911271588274,5.832834151556194],[-74.07925979686135,5.818502617393312]]]},"id":"00060000000000000637","properties":{"continent":"America","disp_en":"Florian, Santander, Colombia","gaul0_code":185,"gaul0_name":"Colombia","gaul1_code":1940,"gaul1_name":"Santander","gaul2_code":114327,"gaul2_name":"Florian","iso3_code":"COL","map_code":"COL"}},{"type":"Feature","geometry":{"type":"Polygon","coordinates":[[[-73.12399996535888,7.068393064906737],[-73.12297886510432,7.06720696117422],[-73.12350058127201,7.066020823279173],[-73.1258192953727,7.064491391162423],[-73.12680031388072,7.06385372146181],[-73.12690287261674,7.06381358636254],[-73.12703667613106,7.063818065187357],[-73.12709907572432,7.063822508338873],[-73.12715256107637,7.063826937569219],[-73.1277902423724,7.06400532971363],[-73.12811574548181,7.063969653686033],[-73.12866419240935,7.063822522719094],[-73.12968085519391,7.063385512363974],[-73.13402406393155,7.060250803069462],[-73.13418010312373,7.059711237522321],[-73.13310997645462,7.055929914219717],[-73.12916806729517,7.051149737634461],[-73.12533774385501,7.047462050446915],[-73.12406686797637,7.047341644939614],[-73.12232334154788,7.046623746962789],[-73.11851973706017,7.0445547452586315],[-73.11685649001636,7.043087689905805],[-73.11634817567887,7.041067731693728],[-73.11651314158942,7.040505869397093],[-73.11909945293696,7.036193921412383],[-73.11943388295605,7.035725689019773],[-73.1197192376394,7.035471567376288],[-73.1199912652341,7.035275317220948],[-73.1217392216515,7.0340937134981845],[-73.12200233241703,7.029870900591958],[-73.12027220699811,7.027329220275123],[-73.11955877632452,7.026022678925118],[-73.11936256674097,7.025616921413609],[-73.11871153511312,7.023641553854299],[-73.11769041123326,7.019137874632439],[-73.11135844097797,7.017470140213294],[-73.09779388543251,7.021822235225402],[-73.09699564348644,7.023275907973892],[-73.09716962876792,7.027320317412797],[-73.09461900215884,7.031806151503196],[-73.09411955404143,7.032524111267356],[-73.09401256789899,7.032635524808925],[-73.09381192371983,7.032827259082723],[-73.09350870572545,7.033059187393274],[-73.09320548733126,7.033246422366905],[-73.09291559684428,7.033299990581403],[-73.09258563096179,7.033344576613554],[-73.09221108669128,7.033357904326265],[-73.09191678218161,7.033362351342381],[-73.0916224772954,7.033335607750575],[-73.09136833733857,7.033197431084165],[-73.09029368784786,7.032020210874073],[-73.08866157628631,7.030129572058076],[-73.08779656957749,7.029028154011521],[-73.0876359958766,7.028867628326534],[-73.08741310174274,7.028711513112677],[-73.085250432064,7.027195474424889],[-73.0850452772855,7.027057232117654],[-73.08486695998982,7.027026014559654],[-73.08463947014862,7.027043826743126],[-73.08378786722865,7.027115176087075],[-73.0831501536327,7.02717318391012],[-73.08260619091637,7.027266786288518],[-73.08212454868473,7.027409507893019],[-73.07583275697155,7.029732660927424],[-73.0699690536611,7.037000998373638],[-73.06469838454971,7.038334296844598],[-73.05720269551333,7.041014210802479],[-73.04271951873801,7.047997184427706],[-73.03636531360141,7.052228811225939],[-73.03609778138367,7.052576665091527],[-73.03369430139573,7.05747720749947],[-73.03091624326669,7.063581737604083],[-73.02882051700351,7.070636010715765],[-73.0277680976966,7.078885323032698],[-73.02688079364228,7.088940629023723],[-73.02698330670947,7.091210306845633],[-73.02700564698527,7.091919324484142],[-73.02692088004034,7.092971686786534],[-73.0267157637242,7.093734163471284],[-73.02645272453056,7.094175576459246],[-73.02570801572624,7.095013881083117],[-73.0247359361012,7.096017201369992],[-73.02419643061312,7.096552340842428],[-73.02284977839835,7.097564561757065],[-73.02226558710043,7.097805347859929],[-73.01696816202508,7.099825248837897],[-73.00906220423268,7.1009400256187805],[-73.00485727800897,7.0993214218748895],[-73.00313159229896,7.100779561159102],[-73.00192319933713,7.1032097277165125],[-73.00199455172249,7.106357835955357],[-73.00250284674888,7.108212836145964],[-73.00596313361895,7.118330570501928],[-73.00831311577474,7.119886790023838],[-73.00849590619181,7.1200071612907445],[-73.00863860694072,7.1200829492241],[-73.00898193521724,7.120181057953656],[-73.00908004178793,7.1201988932863225],[-73.00919598586397,7.12021226133961],[-73.02013861396688,7.127730327546089],[-73.02203821602913,7.134753396867947],[-73.02420534881381,7.141076405168314],[-73.02485187241585,7.142819958369828],[-73.02774134350184,7.145446346065673],[-73.02817841837967,7.145736185561339],[-73.02953837180382,7.1465432590983715],[-73.0324100391447,7.148059412274179],[-73.03275342257623,7.1481352192827385],[-73.03304320825274,7.1481574446245375],[-73.03340442644966,7.148157449215679],[-73.03380572930111,7.148157460807442],[-73.0341714502652,7.1481396822020535],[-73.03773873089109,7.147537676850351],[-73.0382559559226,7.147328123623646],[-73.03880885037496,7.147078393018983],[-73.03940642168995,7.146810809508718],[-73.0401911708358,7.146356040153481],[-73.04070848049308,7.146048342356819],[-73.04113201959979,7.145687133618859],[-73.04199711069161,7.144848826193563],[-73.04661228664956,7.139417668593052],[-73.05056308619577,7.135239484367254],[-73.05448265389825,7.129812727419629],[-73.05635099148739,7.125487421385445],[-73.06053805579968,7.114888152261748],[-73.0611935753124,7.114674109171161],[-73.06250902210286,7.114950545642138],[-73.06655339997349,7.116595988391487],[-73.06931355900984,7.118709610287071],[-73.07172153352927,7.1193962643770545],[-73.07746928236786,7.119931348482],[-73.07820950211185,7.119931374299004],[-73.07875797828305,7.119605828346059],[-73.0792217053126,7.119115344479116],[-73.0801001633212,7.1180496096462385],[-73.08150475254469,7.113840251123319],[-73.08295400298663,7.109363283189295],[-73.08447898430605,7.105969920329248],[-73.08970507354655,7.1024784872227436],[-73.09869460592229,7.096690529358079],[-73.10527618810718,7.090759958551973],[-73.10568646136859,7.089979619255308],[-73.11088577386869,7.08126649559126],[-73.110970510033,7.081137189960446],[-73.11303505511653,7.078238773758446],[-73.11470724464691,7.07652205325739],[-73.116896650853,7.074421751455326],[-73.11699471170026,7.074332615972744],[-73.11750752692473,7.073949095325034],[-73.12148061282835,7.0714476043365],[-73.12399996535888,7.068393064906737]]]},"id":"00060000000000000638","properties":{"continent":"America","disp_en":"Floridablanca, Santander, Colombia","gaul0_code":185,"gaul0_name":"Colombia","gaul1_code":1940,"gaul1_name":"Santander","gaul2_code":114328,"gaul2_name":"Floridablanca","iso3_code":"COL","map_code":"COL"}},{"type":"Feature","geometry":{"type":"Polygon","coordinates":[[[-73.26657528054403,6.661196915757496],[-73.2660313093589,6.669847579866908],[-73.26596435896685,6.670396025388805],[-73.26575036954056,6.6709979876452],[-73.2654471125143,6.6716088786548156],[-73.26507258501465,6.671925488025706],[-73.26452861014019,6.672371438668256],[-73.26398454394257,6.672737086356389],[-73.26358769693225,6.672799449652582],[-73.26241496937031,6.67280840532184],[-73.26146963773401,6.672732615852333],[-73.26059566357763,6.672505147442533],[-73.25991786329203,6.672242061757393],[-73.25878075237279,6.672166291966746],[-73.2584329406911,6.672237658481433],[-73.25779976904771,6.672536396235597],[-73.2563104227139,6.673909779342405],[-73.2554409278057,6.675394665341927],[-73.25555242708434,6.676420295267724],[-73.25595819759423,6.6777000641076],[-73.25924896992832,6.683554816596073],[-73.26091665510381,6.688642629153503],[-73.2606223903919,6.692459630825761],[-73.25871838928342,6.694586644436899],[-73.26352524520651,6.695251015941816],[-73.2727466727886,6.696508511050174],[-73.28276629229131,6.702381165334075],[-73.2860437090636,6.704717723383843],[-73.29267442642606,6.714121979466953],[-73.30059821965739,6.7293140967170935],[-73.30045552246227,6.729844766866097],[-73.3002147544755,6.730870314295323],[-73.3002147544755,6.731454511744984],[-73.3005045577636,6.733206955926294],[-73.30171298207402,6.7383438276583965],[-73.3032380110921,6.741019299935081],[-73.30380879209334,6.741986873560379],[-73.30440188452674,6.74287869601605],[-73.30511526679697,6.743418261010629],[-73.30609630983905,6.743886471803269],[-73.31524191406415,6.748077994326445],[-73.32293836423742,6.74924629572241],[-73.32783890859938,6.750530557190736],[-73.32861923591419,6.750753468129553],[-73.32927469431259,6.751078960079805],[-73.32995695910593,6.751480309294232],[-73.33066594008223,6.751917301273086],[-73.33769346249696,6.7566394681522235],[-73.33966442785399,6.758191284396964],[-73.34040018438746,6.760287047599725],[-73.3406365003315,6.7619591844661215],[-73.3406588095509,6.762284731565803],[-73.33974466942558,6.767916569251801],[-73.3393032504595,6.768050361461502],[-73.33860311334885,6.768375825483602],[-73.33807695203977,6.768652278503101],[-73.3379119697575,6.768794964461482],[-73.33679721161317,6.770449344186162],[-73.33632457115242,6.771492771821075],[-73.3359544823422,6.772571847271981],[-73.335936580607,6.772794795548619],[-73.3359321726418,6.772892888671588],[-73.33592767471806,6.7731470891878685],[-73.33594998441892,6.77337451942339],[-73.3359544823422,6.773432461102899],[-73.33599460381379,6.773673270365808],[-73.33607934465554,6.77390068715471],[-73.3364895546347,6.774627539828468],[-73.33658320114687,6.7747033305118345],[-73.34402990427421,6.779693056508396],[-73.34762834979516,6.781565894332392],[-73.34882338073545,6.782016230443244],[-73.35013435406545,6.782337328745337],[-73.35106185348211,6.782444345950718],[-73.35839706426697,6.783086439194716],[-73.35966795273143,6.782881289157613],[-73.35987303560037,6.780040877715095],[-73.36312375310645,6.775278561402435],[-73.36486278603361,6.773093567763527],[-73.3677657005012,6.769343499311041],[-73.36863070285418,6.766400449020224],[-73.37008888555302,6.756684062525015],[-73.3701245035125,6.750071248637853],[-73.36886258082295,6.738838734326235],[-73.36761405264991,6.732114424581373],[-73.36674005166813,6.7239899194853505],[-73.37329942532696,6.713056222397521],[-73.3773527593894,6.706911618618075],[-73.38305145714017,6.701814867555093],[-73.3814551245834,6.700651004798534],[-73.38063019674603,6.699812712746551],[-73.37927911428754,6.698421451066549],[-73.37908736098748,6.698171728488894],[-73.37899373279001,6.6978239491330935],[-73.37902934928488,6.697404828252785],[-73.37989439659472,6.695300137065695],[-73.38049636602832,6.69387764966108],[-73.38150414167487,6.691104058159611],[-73.38195896579,6.6895969049582495],[-73.38211510056328,6.688986037210873],[-73.38187424284166,6.681918355816207],[-73.38139270647285,6.677347723189002],[-73.38027349452835,6.67369129593931],[-73.3801887709197,6.673205216881666],[-73.38012626250351,6.672638936177004],[-73.38011295135642,6.672170733954323],[-73.38011735842548,6.6719210570573475],[-73.3803136078177,6.667698251256367],[-73.38043844464363,6.667136427008669],[-73.38103591557301,6.6646304096861995],[-73.38261894023199,6.658521412778735],[-73.38277948154344,6.657914988043761],[-73.38303364922469,6.657188157211899],[-73.38329222361142,6.6567556596242845],[-73.38718060544669,6.650780435076242],[-73.3874035597616,6.650445997175425],[-73.38788067582601,6.649861889845179],[-73.38932101132977,6.648622265482613],[-73.38984713835602,6.648385933962188],[-73.39054720008949,6.648149595393802],[-73.39144799560836,6.647605564188914],[-73.39352144784064,6.646142936089041],[-73.39430621575728,6.645518697678388],[-73.39481902038712,6.645019278587596],[-73.39521589903642,6.64453325416277],[-73.39542994160321,6.644154201975106],[-73.39815446906833,6.638981635906306],[-73.39836850871723,6.63852238008722],[-73.39927817485314,6.636239344103506],[-73.39930938132473,6.6360163219575],[-73.39929148481852,6.6358201420879395],[-73.39672309593531,6.633996388134585],[-73.3908682708085,6.630937428089128],[-73.37646539637807,6.624832935664174],[-73.37069978671407,6.6206948446144205],[-73.36655278455935,6.6185678722678105],[-73.35827671221021,6.61703398294535],[-73.34879666464685,6.613395338695303],[-73.34584914931564,6.612244844017846],[-73.34411904979405,6.611402146637741],[-73.34153282539877,6.610019796759303],[-73.34099326765532,6.609506982395221],[-73.34009253248931,6.608753410976502],[-73.33823752627872,6.6073086235905825],[-73.33806363831607,6.607228400531716],[-73.33308280934699,6.605725649736095],[-73.33080861761523,6.605217373606395],[-73.31870219680863,6.602747024884591],[-73.30353680757351,6.594796437066293],[-73.3016372251945,6.5937218019597506],[-73.29854700605875,6.591180068125453],[-73.29800752236925,6.590359633769402],[-73.29752589079982,6.5894588700340195],[-73.29728062089013,6.588968397523914],[-73.29699531207827,6.5881211449447745],[-73.29691505484978,6.587345266939566],[-73.29691505484978,6.586587210372682],[-73.29736537670054,6.581454808077951],[-73.29828392245011,6.577111640487985],[-73.2996751849023,6.572701549279575],[-73.30264050688301,6.5677296852531],[-73.30369281858303,6.566369677972247],[-73.3028723649808,6.566878003429699],[-73.30235961366395,6.567096506936119],[-73.30056699903056,6.567475512404771],[-73.29876105367377,6.567462117448845],[-73.29787373092937,6.567426453912312],[-73.29220618967668,6.566998408835404],[-73.28573607089811,6.565121082925669],[-73.28259236037405,6.565299452420826],[-73.28124130152409,6.567640503023183],[-73.2810628693577,6.568046242119827],[-73.28084439548515,6.568585854517452],[-73.28067946016553,6.569276971715552],[-73.27912323132384,6.577182964685759],[-73.27391943562075,6.591211289517718],[-73.2725817314266,6.601957735286321],[-73.26713715773212,6.624155170003785],[-73.26492986485422,6.629292004833301],[-73.26371251034291,6.6328504051263515],[-73.26120650996282,6.64203167167672],[-73.26113514864957,6.6428699682197125],[-73.26102374216508,6.644698227212677],[-73.26110842189709,6.65153845426433],[-73.2614160943175,6.652822697603477],[-73.26180853576453,6.653455926525493],[-73.26271814055698,6.65417382926332],[-73.26356537989108,6.654485925693252],[-73.26487191288389,6.655368872062347],[-73.26558092360347,6.656274042803859],[-73.2659688583218,6.6568982890885104],[-73.26620516431466,6.657433399520086],[-73.26635679236087,6.658267230035971],[-73.26653073704807,6.659332955051853],[-73.26655296380375,6.660006319193048],[-73.26657528054403,6.661196915757496]]]},"id":"00060000000000000639","properties":{"continent":"America","disp_en":"Galan, Santander, Colombia","gaul0_code":185,"gaul0_name":"Colombia","gaul1_code":1940,"gaul1_name":"Santander","gaul2_code":114329,"gaul2_name":"Galan","iso3_code":"COL","map_code":"COL"}},{"type":"Feature","geometry":{"type":"Polygon","coordinates":[[[-73.38173159882177,5.760525349782116],[-73.38007724509976,5.762589923762432],[-73.37631825170386,5.773831363541528],[-73.37374086520383,5.781318137202936],[-73.36964743823603,5.788002333335531],[-73.36579921720123,5.790691222948286],[-73.36142932042976,5.7952930128590845],[-73.36034130742536,5.796639623799288],[-73.35993995733678,5.7972504892433285],[-73.35930231108341,5.798338537233398],[-73.356988005553,5.806213352735144],[-73.3570950457632,5.809865353608849],[-73.35675611490007,5.815679971448035],[-73.35658673922025,5.817120315737669],[-73.35618538219663,5.818346502480478],[-73.35041086822226,5.8328743163980254],[-73.34915341861009,5.837574149967784],[-73.3480653441808,5.846951687091238],[-73.34998728149345,5.859182951857706],[-73.35147212521494,5.872573648375416],[-73.35037074940412,5.872435425154785],[-73.34830174176616,5.871240381063671],[-73.34803413032519,5.870919307437535],[-73.34737423059008,5.87008104394233],[-73.34492171765062,5.866023210750899],[-73.33019328635356,5.851994921131029],[-73.32923906966838,5.851540116541102],[-73.3277675688754,5.851352786775017],[-73.32304092296962,5.851504394393327],[-73.31835438967182,5.852284749619647],[-73.31645475559183,5.8549290035945045],[-73.31636559878793,5.854991409448735],[-73.31630316201365,5.855036022974535],[-73.31608022479843,5.8550984685650205],[-73.31582606889917,5.8551207389594735],[-73.31186191847596,5.855352635045271],[-73.30339411228557,5.853479762237092],[-73.29474341990057,5.850648266992739],[-73.2928082210254,5.850389635984177],[-73.29007031926218,5.850358383576626],[-73.28825097107493,5.851018369002229],[-73.28471048727576,5.853305869480855],[-73.28376516093304,5.853988120337856],[-73.28322114205315,5.8548397893278405],[-73.2829580401489,5.856137418297114],[-73.28298035523366,5.857180855182821],[-73.27981878913718,5.857341400525617],[-73.27111911999256,5.853805306693523],[-73.27048148533012,5.8535466887472145],[-73.26887623238449,5.852503240152168],[-73.2648540953496,5.847076492432893],[-73.26427439479066,5.846260515304182],[-73.26393550052967,5.845266148403991],[-73.26385082187743,5.844396628876682],[-73.26401127034835,5.843085632642304],[-73.26449288502727,5.841261889401078],[-73.26484959597202,5.8402718973514585],[-73.26513053693249,5.840004378170924],[-73.26160786067891,5.832499748496736],[-73.25173541226985,5.818484743829222],[-73.2514188171256,5.818163715442282],[-73.2508168531414,5.817664264563488],[-73.24998747387073,5.81720500600215],[-73.24745908991149,5.816139303412494],[-73.24689284315726,5.815960881880572],[-73.24642909931114,5.816010002265852],[-73.24012836889862,5.817597441648381],[-73.23681526388877,5.819064419545214],[-73.23552656586463,5.819666423123178],[-73.2335957998696,5.820758881620571],[-73.2333638692263,5.821026452446035],[-73.23304283793799,5.821592734500047],[-73.22417365978811,5.824821129284411],[-73.21509495202316,5.824540243991488],[-73.20635071799902,5.826141007877823],[-73.20561046496906,5.826337221616705],[-73.20495500055672,5.826582483704169],[-73.20431735660279,5.826970472955472],[-73.20326943469686,5.827697236012673],[-73.19279498774408,5.839005539820771],[-73.18606173586974,5.848191302588533],[-73.18397940014681,5.850447615695397],[-73.18593687908665,5.854598990675493],[-73.18852320975803,5.858630018919447],[-73.19699548285752,5.871632796110808],[-73.20227947614822,5.8756459899171265],[-73.20559264269917,5.885665570914251],[-73.21664676858404,5.890164842197036],[-73.21755196744262,5.889990892996072],[-73.21868451844114,5.890080107709418],[-73.22018725706742,5.89045464240142],[-73.22098101508902,5.890704390384498],[-73.22123068961179,5.8914312144383425],[-73.22136893753337,5.892247197380383],[-73.22172562757694,5.897638252158381],[-73.22174794881235,5.909544043800303],[-73.22132429498468,5.910569654123735],[-73.22072233974876,5.911403543362172],[-73.21930439034679,5.91272786868243],[-73.21365914534762,5.917418875018356],[-73.21224115121294,5.918515800937673],[-73.20873186068279,5.9209548809974075],[-73.20830377172447,5.921503394989827],[-73.21134043135011,5.926506489689213],[-73.21377957632633,5.930497346993916],[-73.2150503982307,5.9325396532144605],[-73.21695441239709,5.935589676992102],[-73.21736016315764,5.936071239762636],[-73.21886741098392,5.93664199501147],[-73.22087399877888,5.937542750251799],[-73.22287606834763,5.938867080335695],[-73.224338727064,5.940240525516045],[-73.22473996424155,5.941141217697106],[-73.22070001841102,5.954830664899936],[-73.21969231569848,5.968199046688358],[-73.21694100136781,5.982949781099745],[-73.20281460158303,5.997941279161372],[-73.19712924497803,6.002605530388307],[-73.18109432697042,5.996652634604763],[-73.1755114989472,5.994538998444338],[-73.1773397787001,5.997655897382882],[-73.18043888116385,6.005249772757578],[-73.18193710451,6.008045592062177],[-73.18243654008769,6.008870554806521],[-73.18291364946607,6.009517098831809],[-73.18342640589155,6.010208275382149],[-73.1848890515913,6.012036495028427],[-73.19279498774408,6.018386284198338],[-73.20542315104163,6.025953366030189],[-73.20590030168461,6.027005677909703],[-73.2070463231926,6.02942253152646],[-73.2070596448031,6.029453726481205],[-73.20709087857598,6.029507246250217],[-73.20710870072686,6.029547364911485],[-73.20712652287632,6.029574116646828],[-73.2071533461087,6.02962322319274],[-73.20726928004265,6.029814948529609],[-73.20729601324717,6.029859545005198],[-73.20732724698716,6.029908557752741],[-73.20790691560838,6.030844971418914],[-73.21033268651986,6.034630804432378],[-73.21161684931265,6.0365660008557125],[-73.21894319613747,6.043869991725234],[-73.22543119214475,6.04945727535264],[-73.22584583785707,6.049131782472314],[-73.2258948896649,6.04909609084032],[-73.22645227945158,6.048966754065477],[-73.2269562061435,6.048935555593889],[-73.22739766983233,6.049020327162563],[-73.23169624750184,6.050246525918028],[-73.23423786039271,6.051062561645903],[-73.2384205685503,6.0527793029947405],[-73.24036020250672,6.053738041509629],[-73.24123866609702,6.054286462661399],[-73.24221972250727,6.054678877835599],[-73.24332550946501,6.054919713414234],[-73.24443138092585,6.0548884632537785],[-73.24592521663287,6.054384615022494],[-73.24635323349774,6.054215155988137],[-73.2467010640903,6.054072480895468],[-73.24706671310229,6.053778111165604],[-73.24741454257921,6.0533322451806715],[-73.24747249910672,6.053243094533958],[-73.25744304676347,6.054072457678652],[-73.26714156707664,6.059949547932625],[-73.27632739075972,6.069032716344921],[-73.28757316556036,6.075404773072604],[-73.29381145299072,6.075293281010557],[-73.29880568064084,6.07656858034227],[-73.30695246964747,6.0789275111195415],[-73.31115737505264,6.079912933491683],[-73.31579035209963,6.080443557647558],[-73.32135985333873,6.0808136751325845],[-73.32788343968892,6.0806308525611055],[-73.32840962555325,6.080537249591085],[-73.32943968311949,6.0802027912249965],[-73.33066594008223,6.074486191350489],[-73.33131698428481,6.071017023510907],[-73.33133929445664,6.0703972389390515],[-73.33122333551454,6.069581222337784],[-73.3309156706841,6.068145335149362],[-73.33060350738717,6.067427441833194],[-73.33120552335195,6.064127754913984],[-73.33257444678604,6.060493524693735],[-73.33564232624639,6.054781467635009],[-73.33726985105042,6.052462748806786],[-73.3377246778333,6.052007861204488],[-73.338366795202,6.051767097839777],[-73.34133213310295,6.050861909606705],[-73.34508669462925,6.051133926166818],[-73.34654035769974,6.051874131977288],[-73.36780131884235,6.059008654468791],[-73.37062396382787,6.059204843804967],[-73.37729034009521,6.058589506757107],[-73.37783880180764,6.058446861680641],[-73.3789892357574,6.058112432319551],[-73.38034922409527,6.057349894789549],[-73.38125887622702,6.056752376614937],[-73.38776474706206,6.051784916326162],[-73.38905785739937,6.049871992233764],[-73.39064082328125,6.047745019927302],[-73.39116703702611,6.047365985429464],[-73.39164414477305,6.0470315542426265],[-73.3921212514651,6.046888831248475],[-73.39783340919634,6.04847184884798],[-73.3999514961917,6.049591090348244],[-73.40236381650911,6.0511740629759325],[-73.40353210582789,6.055664317842177],[-73.40593107646997,6.050161806009638],[-73.40110190224252,6.04699584640777],[-73.39896601995648,6.045118541825595],[-73.38868336164258,6.029007874319912],[-73.38495995352011,6.021253430834518],[-73.37791012511286,6.0121658055902945],[-73.37344207490472,6.006712350117841],[-73.3707934184978,6.001682457281749],[-73.3711590407817,5.997379449776886],[-73.3725993077524,5.990548063168543],[-73.37551560992328,5.971784225436554],[-73.38022438721784,5.957100366849882],[-73.39115363662364,5.929565442174332],[-73.39314686989464,5.928187574280464],[-73.39382461717372,5.9276033991719865],[-73.39430180897773,5.927054932996072],[-73.39484582073585,5.926274650933112],[-73.39511337437034,5.925886705118317],[-73.39674980611412,5.92183780223324],[-73.39667399236565,5.919296125848893],[-73.39638422711695,5.9150465864834345],[-73.39974186478379,5.9061551829871615],[-73.40081654959485,5.904090580614162],[-73.40754530354441,5.892786755562861],[-73.40969018340441,5.890575065953748],[-73.41970971085705,5.889290841732643],[-73.42013334077791,5.889277485108959],[-73.42050346549209,5.8893621454487235],[-73.4229827270829,5.89055274814808],[-73.43180724842688,5.896291584876171],[-73.43276155217052,5.897036311071138],[-73.43380945604244,5.89833833840485],[-73.43500445942742,5.898021732170889],[-73.43604345054823,5.8979281175592115],[-73.43752833138798,5.898164439138721],[-73.43932089269808,5.8984721334445736],[-73.44059615927911,5.899042850930802],[-73.44257598589554,5.900394020403329],[-73.44843083870923,5.897727424066485],[-73.4562119147326,5.890410083773505],[-73.45609152748598,5.889433501907554],[-73.45503024667812,5.8884569766237105],[-73.45229241627592,5.884430393842738],[-73.44946535886234,5.880158579615217],[-73.44921558555298,5.879342566923826],[-73.45042848488106,5.872109929015541],[-73.45277397344243,5.865452450382536],[-73.45853962787362,5.852784183588588],[-73.45878480498348,5.852378365325542],[-73.46030989556517,5.850144385709012],[-73.46064875315086,5.849685087408601],[-73.46158512650644,5.849243624082731],[-73.46373440918138,5.848405313474506],[-73.46308790047622,5.847468902507057],[-73.46287833089963,5.846831239891676],[-73.46228081822302,5.843901674720661],[-73.46219163171504,5.843223857651099],[-73.46217823575445,5.842483646581416],[-73.46496511681501,5.833939971085388],[-73.46517917956011,5.833373728440239],[-73.46603084327296,5.831371530914717],[-73.46695388716918,5.829249014195491],[-73.46725263714956,5.8285935407591385],[-73.46801519839069,5.827300430187193],[-73.46884904995106,5.825935893713764],[-73.47156464129793,5.821597228763272],[-73.47292907663609,5.818266264504122],[-73.47347756332526,5.8168304585593855],[-73.47229149616241,5.816335486809348],[-73.46951343176205,5.815247447859317],[-73.46537535110946,5.813967669194918],[-73.45242620224464,5.807341476405223],[-73.43928969204545,5.800362948237416],[-73.43819272095858,5.799760984554891],[-73.437149244466,5.799105535754439],[-73.43589185077367,5.798195822639318],[-73.43145944308341,5.793000963991546],[-73.43101803161,5.792220671377365],[-73.43039821966686,5.790749174950448],[-73.43018861797842,5.789933154962192],[-73.42830686939119,5.77890575608289],[-73.43068362292294,5.772052109480989],[-73.42173415255128,5.7673433107883225],[-73.41366765542716,5.76575143765486],[-73.40508384971426,5.760779571019121],[-73.39370869160246,5.753930335852556],[-73.3926964761514,5.752962697444754],[-73.39048037774815,5.751067615096822],[-73.38932541821104,5.7511835886002505],[-73.38738575220476,5.752717460803906],[-73.38597220524477,5.754180068465073],[-73.38429108231969,5.756494379274134],[-73.38173159882177,5.760525349782116]]]},"id":"0006000000000000063a","properties":{"continent":"America","disp_en":"Gambita, Santander, Colombia","gaul0_code":185,"gaul0_name":"Colombia","gaul1_code":1940,"gaul1_name":"Santander","gaul2_code":114330,"gaul2_name":"Gambita","iso3_code":"COL","map_code":"COL"}},{"type":"Feature","geometry":{"type":"Polygon","coordinates":[[[-73.54032842248786,7.153994417928563],[-73.53186055570251,7.15287967789953],[-73.52904687511221,7.152371303860557],[-73.52456994804822,7.15004364839402],[-73.52399921410174,7.149678017013763],[-73.52135494304606,7.147154147463137],[-73.52114983538233,7.1469089672005985],[-73.5207842003652,7.146338208906336],[-73.52037838789417,7.145687131873938],[-73.52009301542147,7.1451564881062835],[-73.51944200520931,7.144300324341445],[-73.51899610294662,7.144014984011417],[-73.51850561835349,7.143769704275261],[-73.51769398383085,7.143404048513338],[-73.51679776670048,7.143038398631363],[-73.516387542281,7.142913581779511],[-73.51581678611582,7.14283330698164],[-73.51512558484426,7.142793172374367],[-73.51455482525552,7.142833354874729],[-73.51394388607166,7.142913595657102],[-73.51341330143386,7.143034016313544],[-73.50901217480423,7.1451832985950166],[-73.50530668637874,7.147051645319689],[-73.50114629375074,7.148590031625298],[-73.49328488375956,7.150859686114012],[-73.4912871913349,7.150899810890907],[-73.4836711024087,7.149423840328993],[-73.47996561901418,7.1483625675582205],[-73.46302991148922,7.142806580184694],[-73.45618961747324,7.140519029256523],[-73.44218360062627,7.1335003797597185],[-73.44137203338893,7.1330143899935],[-73.43892850144954,7.131382347461774],[-73.4385628144563,7.131096951657642],[-73.43771113088977,7.130321049191123],[-73.43750603217589,7.130120431655818],[-73.43729643745174,7.129554116509446],[-73.43716264199912,7.127623288459817],[-73.43720283459348,7.12658435858304],[-73.43709574424142,7.124684774765314],[-73.43668554543602,7.123231124266703],[-73.43635114560834,7.122111877228078],[-73.43527645888884,7.11950778006715],[-73.43423305808145,7.117831152282485],[-73.43352846293018,7.1170106401227775],[-73.41717699616434,7.106340071212788],[-73.40416980152558,7.1000839079570195],[-73.39466739150568,7.090122316535321],[-73.39329400311017,7.083861697965498],[-73.38852282471797,7.077088307975214],[-73.38017536983632,7.067907032062621],[-73.37887770931906,7.067006315913584],[-73.37791462216788,7.066689671857734],[-73.37324141207333,7.065762212580523],[-73.35563245816269,7.062533788348216],[-73.35040196292469,7.064451256353299],[-73.34930948704103,7.065120141720878],[-73.34819469722925,7.06508885573133],[-73.34710221026991,7.0648659465988315],[-73.34598740915877,7.063577247205053],[-73.34526507472242,7.0623509959184645],[-73.34445350258983,7.060924114868209],[-73.34403880983233,7.059332153372678],[-73.34387383206035,7.0582441745294675],[-73.34401650095879,7.0569331954119106],[-73.34435095391196,7.055617769107908],[-73.3447745516035,7.054195300230827],[-73.34525167148298,7.052969023698488],[-73.34569757612718,7.052103957683473],[-73.34611676344136,7.0515466400938465],[-73.3466205967402,7.0511541993339275],[-73.34690602080035,7.048755187863307],[-73.34501536054205,7.043310622359189],[-73.3446585998008,7.0424901395748325],[-73.34422159858104,7.0417677924352855],[-73.34349925829112,7.040853700782642],[-73.34262084249623,7.040100053947284],[-73.3414882071365,7.039217155412954],[-73.3338988317874,7.034494981510938],[-73.3263495858263,7.031025816358403],[-73.3186664804778,7.0288007040724185],[-73.30661804948895,7.024212297947388],[-73.29572441923258,7.0188480022191815],[-73.28653427362751,7.008783790148658],[-73.2836803998924,7.003687084767324],[-73.28316760390037,7.002665931932756],[-73.28215541543936,6.9992190267401195],[-73.28126361678237,6.995919354958385],[-73.27391493642742,6.981623418445656],[-73.2621830687794,6.968009774192391],[-73.24926509424381,6.962016786589377],[-73.24454288572672,6.96001905417507],[-73.2399499936524,6.958436102055075],[-73.23943718652339,6.958297883070892],[-73.23913398357824,6.95807049691965],[-73.238696953021,6.957664716596963],[-73.23762237259442,6.956590047175476],[-73.23408630043585,6.952839971775736],[-73.2298323196496,6.948006242020994],[-73.22951128328134,6.947448912058638],[-73.2284499789435,6.945611735306938],[-73.22800410721416,6.94475561279109],[-73.22765624744508,6.944082233048535],[-73.2274957727558,6.943462427265709],[-73.22717023288895,6.9420979326357735],[-73.22487820999322,6.9356724328438055],[-73.22040579056943,6.929398436119542],[-73.21885400006927,6.927619226005156],[-73.21711939499338,6.926223597580298],[-73.21459999939485,6.922959471290713],[-73.20279677909119,6.906937916128035],[-73.20237317944934,6.906438543259192],[-73.20184696424684,6.9058454386931185],[-73.20108896375272,6.905158761265013],[-73.20047804283726,6.904784245351003],[-73.19840898258823,6.903611443960825],[-73.19743250483403,6.903285974615526],[-73.19352187056421,6.902037400190256],[-73.19301354792746,6.901903667861467],[-73.19227325096222,6.901850108376068],[-73.19176492550511,6.9018233548705235],[-73.19108718644898,6.901908116916455],[-73.19058326916998,6.902068595482746],[-73.18975393661596,6.902501149644176],[-73.1841220819867,6.897475707805563],[-73.17682250729499,6.888655635346043],[-73.17664858284596,6.888339008738013],[-73.17637662307406,6.887326809668556],[-73.17626508436388,6.886702553667726],[-73.1761981971206,6.885953422279781],[-73.17615813678373,6.884330340041342],[-73.1705039765938,6.884245614792691],[-73.16165267740475,6.888000163620549],[-73.14696432889768,6.89552713794971],[-73.13963357423654,6.89791717699161],[-73.12008491252713,6.9044497573124435],[-73.11854648074198,6.905181063088467],[-73.11616979264721,6.906866608887902],[-73.1138734026061,6.908788511650947],[-73.1095881630168,6.909840831047215],[-73.10565971618493,6.910536462235358],[-73.10381807315866,6.912315660377125],[-73.09985845908066,6.91687728944683],[-73.0992341179735,6.918549431564289],[-73.10092414860493,6.9226028067548855],[-73.10235994894299,6.925527979551658],[-73.1024981793721,6.926103203983453],[-73.10250709455653,6.9265580033600225],[-73.1025115971748,6.926896916833898],[-73.10248485162099,6.927414123507952],[-73.10245360344477,6.927770898168404],[-73.10241353012897,6.928065152372595],[-73.10218605764649,6.929683828288974],[-73.10215039685684,6.929888927912618],[-73.10210131823574,6.930049469445518],[-73.10193634194988,6.930406201036599],[-73.10181594160528,6.930642513822085],[-73.10087506972165,6.932354803301693],[-73.0995462437125,6.934325790457801],[-73.09858311921457,6.93510610821699],[-73.09691990761624,6.9354048169594655],[-73.09540824684545,6.936385826036849],[-73.09090013191337,6.939832767324907],[-73.0906236570179,6.9402340278542125],[-73.09193461337132,6.941553962126604],[-73.09510503095653,6.944055539392189],[-73.09540824684545,6.94421602564204],[-73.09581844768614,6.944358729954872],[-73.0967460122003,6.944590642586],[-73.0970268924054,6.944635188716513],[-73.09757532374941,6.9446797937787865],[-73.0978830390878,6.944697640350573],[-73.09823974341694,6.944715459725212],[-73.09851620915316,6.944724359594969],[-73.09884616652137,6.9447288228180355],[-73.10242685788421,6.945843610763031],[-73.10505331108268,6.950993889113389],[-73.10667188863749,6.955858741239402],[-73.10776438150532,6.961254284436583],[-73.1096774021386,6.968134625083327],[-73.11697247017109,6.976611425302513],[-73.11830128518513,6.988838248297689],[-73.11529138250474,6.994710904916806],[-73.1136058701371,6.997604868442749],[-73.1147563205687,7.00353097568912],[-73.11581752852352,7.00827100651835],[-73.11682083150978,7.010728021308941],[-73.11708836022036,7.01063878280674],[-73.11730240097289,7.010589733590964],[-73.11771715501206,7.010585324878891],[-73.11805599931913,7.010745802684093],[-73.11861338495588,7.0113299613160445],[-73.11952302819357,7.012426890647653],[-73.12009382702706,7.013291987820599],[-73.12116401472028,7.01535206499631],[-73.12134239385615,7.01574896235261],[-73.12144495504288,7.01622163146169],[-73.12146719613699,7.01638209159608],[-73.1214493672439,7.0165827652431725],[-73.12139137830928,7.016729932031991],[-73.12105253894529,7.017510316779708],[-73.12055314841682,7.018214846806896],[-73.12037918088672,7.018384277220547],[-73.11845283281887,7.0189550490106],[-73.11769041123326,7.019137874632439],[-73.11871153511312,7.023641553854299],[-73.11936256674097,7.025616921413609],[-73.11955877632452,7.026022678925118],[-73.12027220699811,7.027329220275123],[-73.12200233241703,7.029870900591958],[-73.1217392216515,7.0340937134981845],[-73.1199912652341,7.035275317220948],[-73.1197192376394,7.035471567376288],[-73.11943388295605,7.035725689019773],[-73.11909945293696,7.036193921412383],[-73.11651314158942,7.040505869397093],[-73.11634817567887,7.041067731693728],[-73.11685649001636,7.043087689905805],[-73.11851973706017,7.0445547452586315],[-73.12232334154788,7.046623746962789],[-73.12406686797637,7.047341644939614],[-73.12533774385501,7.047462050446915],[-73.12916806729517,7.051149737634461],[-73.13310997645462,7.055929914219717],[-73.13418010312373,7.059711237522321],[-73.13402406393155,7.060250803069462],[-73.12968085519391,7.063385512363974],[-73.12866419240935,7.063822522719094],[-73.12811574548181,7.063969653686033],[-73.1277902423724,7.06400532971363],[-73.12715256107637,7.063826937569219],[-73.12709907572432,7.063822508338873],[-73.12703667613106,7.063818065187357],[-73.12690287261674,7.06381358636254],[-73.12680031388072,7.06385372146181],[-73.1258192953727,7.064491391162423],[-73.12350058127201,7.066020823279173],[-73.12297886510432,7.06720696117422],[-73.12399996535888,7.068393064906737],[-73.1240446271353,7.068018515461031],[-73.1242497470367,7.0674923516350745],[-73.12457525519395,7.067470036357421],[-73.12488293426212,7.067577043826701],[-73.12510137984583,7.067746488963953],[-73.12757170931897,7.0698646093722255],[-73.12743799616085,7.072196669358265],[-73.12542247466502,7.079835103832751],[-73.13255703819037,7.079786064925977],[-73.13712312813912,7.0784661772411495],[-73.13862136771706,7.077284495751009],[-73.13893352973436,7.076878763208008],[-73.13940172693886,7.076267872945615],[-73.13974062908383,7.075228897516746],[-73.14174278855266,7.074154249944668],[-73.14611709949432,7.073949122849828],[-73.15042019983342,7.074207766302002],[-73.15611447518819,7.076263415276586],[-73.159686165205,7.081578672115965],[-73.1622412863077,7.0854536418348735],[-73.16127365495545,7.087705458294138],[-73.1611309586909,7.088026511285098],[-73.16101941246315,7.088169183830134],[-73.16052001959837,7.088423338683636],[-73.16014099525445,7.08859277912372],[-73.16273176254897,7.096097514522006],[-73.17040143753817,7.1036333733846],[-73.16506385090791,7.111445739208008],[-73.15865163051191,7.129487248861276],[-73.15626608769439,7.140581500377551],[-73.1471650164627,7.153093685731574],[-73.14447620253625,7.1560322584283815],[-73.14385189328074,7.156794757321662],[-73.14355315340282,7.1627521501846045],[-73.14389204936461,7.166698396864393],[-73.14526986693328,7.167492156583514],[-73.14849833728778,7.1693292892437395],[-73.1508303919447,7.176017925568796],[-73.15136996090476,7.183134696376285],[-73.15240443877252,7.196569943202286],[-73.15384027543637,7.203798160911417],[-73.15657372392312,7.214067470698579],[-73.15730945628438,7.216038418622876],[-73.16361016971209,7.210660717266043],[-73.16340508530674,7.210625028827156],[-73.1627361739494,7.210428813521777],[-73.16253108875264,7.210370867938332],[-73.16239730612298,7.2102861444453445],[-73.16228134910953,7.210188073284319],[-73.16213424206761,7.210045344200125],[-73.16204061207685,7.209938293345629],[-73.1617997847594,7.209661898223586],[-73.15994031916344,7.206598500437108],[-73.15937853319924,7.20550599262542],[-73.15924916017659,7.205220594683942],[-73.15888795966958,7.204288680942839],[-73.15702405867431,7.191223498794116],[-73.15656481085125,7.187116649884806],[-73.15673875073603,7.185011985102791],[-73.16072519664499,7.172941149835388],[-73.16029260506808,7.166863449218861],[-73.16052452107132,7.1602639348234955],[-73.16443068553195,7.152438230933579],[-73.17497198749939,7.143952572829439],[-73.18336843278674,7.13794172016486],[-73.18351111501323,7.137772249336943],[-73.18356017607341,7.137544852225153],[-73.18358250110278,7.137317409110776],[-73.18358250110278,7.137130121369234],[-73.18348887999713,7.135993028273712],[-73.1833372857398,7.13441451572906],[-73.18330154764885,7.134111338883122],[-73.18207978764205,7.128969989653689],[-73.18106308958816,7.127387000591171],[-73.1801980734431,7.12707934327501],[-73.17944891222886,7.125366984168164],[-73.1793865270264,7.121732820333138],[-73.17961833342763,7.1201632567291275],[-73.18063053691944,7.114522456036832],[-73.18167847422413,7.110371023878684],[-73.18350670401833,7.105813875600248],[-73.18482657787371,7.103619993243826],[-73.18620441639155,7.101501928981459],[-73.18847414977827,7.097765160276364],[-73.19260775315131,7.090603867345883],[-73.19472583539427,7.086314180765523],[-73.19670122391528,7.081418159976854],[-73.19720503747668,7.07997337945896],[-73.19872565283694,7.068121078889999],[-73.19876129846517,7.059755835971984],[-73.19802111043356,7.05411946900183],[-73.19725859629344,7.045495625155897],[-73.19728533068964,7.045129974685743],[-73.19743250483403,7.044907029680588],[-73.20230629995984,7.042730998591436],[-73.20444220318302,7.041963995239144],[-73.21984388542114,7.042093328526361],[-73.23051453164955,7.042717592250533],[-73.23081774631378,7.043328509745381],[-73.23124579219706,7.0441399977999755],[-73.23156241602071,7.044710804108544],[-73.23320339864009,7.047167790451585],[-73.23538832670694,7.048924620139676],[-73.23586100347242,7.049290265767311],[-73.23758664315623,7.050026009825327],[-73.24652719385949,7.051836427687158],[-73.25289919702455,7.052273393945997],[-73.2602611731751,7.05635795930557],[-73.26050198471833,7.068509002517317],[-73.26047966736657,7.0809811334386845],[-73.2694067887128,7.088686456695871],[-73.28459009471128,7.101323553370415],[-73.29987582540176,7.1159182075058185],[-73.30443310460898,7.119623664689961],[-73.3065287987176,7.120493228775797],[-73.310604426989,7.120573499797858],[-73.31456860013806,7.120421906417464],[-73.31459981877441,7.120417437675304],[-73.3147336000274,7.1204040068683065],[-73.31488519469087,7.1203549817292995],[-73.31498325883871,7.120288073790739],[-73.31619169343439,7.118999415607466],[-73.31652609900216,7.118517849232237],[-73.31662425238241,7.11828599872485],[-73.31665987907968,7.118196765585828],[-73.31671340908112,7.117898053378331],[-73.31669559573756,7.117563629751261],[-73.31656181568182,7.117162250288653],[-73.31715937196303,7.111766770064388],[-73.31808683150386,7.110495890820876],[-73.33314524133361,7.117469990970088],[-73.33528114219526,7.118045144026379],[-73.3361327799465,7.118428652605939],[-73.33651186427812,7.118664954815079],[-73.33772917572,7.119480987528433],[-73.34662509444337,7.125607803030795],[-73.34897504170154,7.128260960701085],[-73.35046438995244,7.130891833184908],[-73.35153005433392,7.133821497356991],[-73.35613186187415,7.140478920589069],[-73.37900704400596,7.1469758466669155],[-73.38748378368629,7.152380255350607],[-73.39478781326542,7.156295321474332],[-73.40086556228893,7.151260999852712],[-73.40099488380251,7.1511897111296765],[-73.40111530202664,7.151189708691708],[-73.40129363598692,7.151189699744204],[-73.4014497567709,7.15118966503519],[-73.40375953975209,7.151876384886923],[-73.40566353627221,7.1528484274821],[-73.40925763000841,7.1593944272259735],[-73.41238341572563,7.159795770041336],[-73.41652594023034,7.151631143929375],[-73.41694508019549,7.150824049489558],[-73.41711009216493,7.150520827280262],[-73.41738211434443,7.150271135642093],[-73.41789936019562,7.150155160630835],[-73.41811787640978,7.150155195016878],[-73.42379427414888,7.153798221618056],[-73.42496703291287,7.156393433394921],[-73.42621558861362,7.1619583706521945],[-73.42719653375397,7.16765267301911],[-73.42727683275854,7.169579027318708],[-73.43107153335468,7.178305494964164],[-73.43455855939665,7.1800534216593155],[-73.4362842475967,7.180793623257959],[-73.43700663711495,7.1809809463349],[-73.44018147143971,7.180530551337483],[-73.44262507896052,7.178403587652305],[-73.44359713730545,7.177328884284107],[-73.44376662440948,7.175188550343011],[-73.4433652499568,7.170582340169845],[-73.45721519907939,7.160090036095663],[-73.47276410781679,7.16669840213326],[-73.48269005773939,7.1685667564470705],[-73.48792065529966,7.161708671399704],[-73.48804992408112,7.161588334855],[-73.48838433252341,7.161503579259647],[-73.48874552900514,7.161467917970338],[-73.4919070056786,7.1612806417506025],[-73.4920987477319,7.1613296803624],[-73.49227718544523,7.1614277712974435],[-73.49241984561449,7.161534776016258],[-73.49253131285049,7.161690891159647],[-73.49260268780785,7.161855841472144],[-73.49285241007595,7.162979547475092],[-73.4928256220282,7.163247119510982],[-73.49447550773408,7.165663947585589],[-73.49919326116185,7.1676526888861325],[-73.50724186480362,7.167893476547959],[-73.51496505324869,7.167674978827074],[-73.5204854361769,7.167416324361916],[-73.52594338821562,7.161659639001173],[-73.52894881893037,7.160335297257617],[-73.53146815620882,7.160219391159105],[-73.53765299140322,7.1609239136840195],[-73.54254457635037,7.162917125482871],[-73.54324018085822,7.163501262647724],[-73.54417214347936,7.164228118230761],[-73.54497037470081,7.164633902447715],[-73.54571054675218,7.1648791526836435],[-73.54646410679148,7.164968300533229],[-73.54739165144233,7.16499950377915],[-73.54804715818257,7.164883595514212],[-73.55141821335668,7.163701925351414],[-73.54032842248786,7.153994417928563]]]},"id":"0006000000000000063b","properties":{"continent":"America","disp_en":"Giron, Santander, Colombia","gaul0_code":185,"gaul0_name":"Colombia","gaul1_code":1940,"gaul1_name":"Santander","gaul2_code":114331,"gaul2_name":"Giron","iso3_code":"COL","map_code":"COL"}},{"type":"Feature","geometry":{"type":"Polygon","coordinates":[[[-72.7552189951028,7.0386909764610195],[-72.75468384525064,7.051644701997886],[-72.7498947709143,7.059109196542211],[-72.75248551620194,7.059350059547853],[-72.76112279198121,7.060179394338248],[-72.76442701717536,7.06049604017905],[-72.76572010793963,7.060500486535937],[-72.77229286171918,7.060197231910673],[-72.77304647270299,7.05991187142636],[-72.77394715971133,7.059412469280697],[-72.77496831910658,7.058698966474833],[-72.77605187606981,7.057927557802946],[-72.77703289861972,7.057165050545619],[-72.77754563667983,7.056656736669268],[-72.77794249845402,7.055796118822434],[-72.77824575777123,7.054944434906724],[-72.7785935631964,7.0541506803604355],[-72.77950324745775,7.053236576857273],[-72.78095244114596,7.052286849979008],[-72.78686969081629,7.048790897200262],[-72.78794877711819,7.049272425503372],[-72.78901893174198,7.049767425200247],[-72.79034778175064,7.050378356393565],[-72.791235150557,7.051461906350957],[-72.79227851039876,7.053397103252108],[-72.79259960573197,7.0547348780140835],[-72.7938526039018,7.06171337637042],[-72.79399976043578,7.062520462878969],[-72.79429849153587,7.063305281860104],[-72.79454375193251,7.063942928618163],[-72.79502092697425,7.06473214610621],[-72.79833849422226,7.06949003279965],[-72.80111204093824,7.073191049698092],[-72.81201008094583,7.075491984750738],[-72.81306687690052,7.075349256571361],[-72.81430651681856,7.074591202294974],[-72.8168972168576,7.072945852588106],[-72.81833311681848,7.071915776091684],[-72.81741446999943,7.068286061432475],[-72.81734766082646,7.065771122523907],[-72.82255583644422,7.0517918164068805],[-72.8228456971993,7.051435115235754],[-72.82460703341951,7.050150887482427],[-72.82554341430598,7.0496514454141215],[-72.83546940786242,7.0446528529498],[-72.83633443539405,7.044224769152146],[-72.83719504233275,7.044336240148599],[-72.83999095713058,7.045201314784514],[-72.84200198011189,7.046391900124494],[-72.84329069569989,7.0470785554277136],[-72.84476214001594,7.047439801997725],[-72.84541320756155,7.046869043507755],[-72.84598845701214,7.045758672237558],[-72.84700507929958,7.041562693076397],[-72.84729941846935,7.038262972520837],[-72.84699173711742,7.033130489273376],[-72.84598845701214,7.031511858310433],[-72.84592156551456,7.029647931591041],[-72.84621581584614,7.027601218774578],[-72.84693818808172,7.025848763080694],[-72.84794597174333,7.024519962032078],[-72.85212860338109,7.019115531776871],[-72.8568418543641,7.016185898407659],[-72.85788529466704,7.015111311931634],[-72.8589287304794,7.013537189060919],[-72.85933005768399,7.011276423812753],[-72.85897776959843,7.008583168899413],[-72.85848278053533,7.006429445530953],[-72.85622651545546,7.003303617656918],[-72.85386322452807,7.001038359844521],[-72.8528197669254,7.000391825561661],[-72.85184319472287,7.000084105102053],[-72.8515221771925,6.999705071232827],[-72.85175403825392,6.997047455213399],[-72.8519904064953,6.9956071428474385],[-72.85280642506265,6.992494730715686],[-72.85465688033477,6.985716925304752],[-72.85538373480077,6.983175210650282],[-72.85614177777468,6.981739377667728],[-72.8630533905178,6.972330664419252],[-72.86563969573726,6.969387699810948],[-72.86878782767333,6.964790314222957],[-72.87055360851353,6.961954329099623],[-72.87272969548665,6.954677117544266],[-72.87297046012942,6.95369610071549],[-72.87277422479471,6.952594685559645],[-72.87227034004036,6.95106522782173],[-72.87179773304486,6.950356197795556],[-72.87062500026973,6.9491522952921585],[-72.87009433907282,6.948523546353757],[-72.869505715727,6.947502406047421],[-72.86901967221496,6.946557082415987],[-72.8689884831877,6.94483584084749],[-72.8692024794962,6.933897681588682],[-72.86962614475478,6.932033786998205],[-72.87065618908589,6.929291461851788],[-72.87668934648308,6.920881596561102],[-72.88238803631377,6.911232028369424],[-72.88153191640771,6.909328017547665],[-72.88109934845573,6.908182077516348],[-72.88101020276555,6.905992649327923],[-72.88168794354067,6.904307066329259],[-72.88373025819175,6.899205902971941],[-72.88471129858613,6.897997447843252],[-72.89152925669751,6.891170555727833],[-72.89650113728905,6.8879288107203305],[-72.89968933472008,6.8855521342369554],[-72.90221765433941,6.8833804974860575],[-72.90783165079979,6.877976092289407],[-72.90821964791479,6.877075366369899],[-72.90851841878434,6.876014066944686],[-72.90859421549774,6.875603819761597],[-72.90859421549774,6.875501274156405],[-72.90858529293699,6.875371959657152],[-72.9085585252528,6.875108913091112],[-72.9085317575656,6.874868060732326],[-72.90843369948057,6.874154619363168],[-72.9084291931338,6.874118962013299],[-72.90731891683127,6.8684916069310695],[-72.90610156357018,6.864821710907609],[-72.90694876350264,6.859680365793504],[-72.90928539750118,6.8557786603362025],[-72.91634860624715,6.848336410890381],[-72.91815900941825,6.847279603545501],[-72.91974192935511,6.843039052932738],[-72.92358121467217,6.836631305656447],[-72.92532919962854,6.834490919303784],[-72.93310143140114,6.819882914099148],[-72.93381038576285,6.816097148139335],[-72.93566544449067,6.810474188241247],[-72.93674449896722,6.808382876445707],[-72.93686940006326,6.808146560017283],[-72.9372350012355,6.807526760003148],[-72.93741334086909,6.807272562728841],[-72.93789050461835,6.806648306093703],[-72.9334938032508,6.8059482512216],[-72.9282855865887,6.80526155377469],[-72.9210128359656,6.8045079158320565],[-72.91983115078857,6.803914903912669],[-72.91753472468754,6.802001896582526],[-72.91745000857425,6.801926120407782],[-72.91666521149405,6.801127935130433],[-72.91658932721174,6.8010432038167465],[-72.91587590563246,6.800182605414575],[-72.91536760497802,6.799536012078811],[-72.91427953152578,6.7978995215429565],[-72.91379799458228,6.796945332430275],[-72.90857637037594,6.79842130780471],[-72.90240052656019,6.8051767961317635],[-72.89562271490156,6.8130916849626475],[-72.89359825723923,6.814910995368307],[-72.89082026727338,6.816716973341665],[-72.88929078628003,6.817434860299263],[-72.88826514796322,6.817207465027804],[-72.88708798848597,6.816480616358165],[-72.88484506012395,6.814536435724555],[-72.8863879093669,6.818197395045171],[-72.88790397874169,6.82325843423547],[-72.88941562200147,6.830321665858076],[-72.88948250147325,6.83096828477105],[-72.8893799289065,6.831512261797901],[-72.88651274659335,6.837340280903374],[-72.88566105797794,6.838994629372211],[-72.87787548043532,6.838646800050185],[-72.87079888237558,6.836961254287127],[-72.84604191610683,6.827869182762426],[-72.83826525231424,6.837139623848295],[-72.83653511773639,6.8391462234099665],[-72.83528657517815,6.840961129186566],[-72.8316212377626,6.852144527045026],[-72.8298866383783,6.861686962035073],[-72.82611871066155,6.875920440591938],[-72.8206072239465,6.883514326870293],[-72.8042423421184,6.894876099146282],[-72.79895830708529,6.897337514709031],[-72.77895029544928,6.900802194259683],[-72.7666699693915,6.901377457164235],[-72.76551945792171,6.9019125523509],[-72.76080625499642,6.904842199634728],[-72.75547755124943,6.911713684041848],[-72.74700530097249,6.924466666142015],[-72.7431437537064,6.930981429126801],[-72.7424213472242,6.932238919873928],[-72.74220282110524,6.9332064794135295],[-72.74223853566357,6.934281199309163],[-72.7425149625644,6.936613234997799],[-72.74380816740626,6.941906215297904],[-72.74539555611912,6.947671870804578],[-72.74769198038055,6.953138697890587],[-72.74816464631064,6.9558230935473695],[-72.7468536973437,6.957628998916952],[-72.74607331146821,6.969597230640095],[-72.7459172881116,6.971122226731225],[-72.74485605613079,6.9757285365531345],[-72.7444056602266,6.976535635994147],[-72.74350486597385,6.977788627193847],[-72.73881397324591,6.984178466589712],[-72.73776605910781,6.985159519841359],[-72.7367716233899,6.985966599221792],[-72.73533579047147,6.986501727512876],[-72.73403821249664,6.98682721710785],[-72.73464916719844,6.987616472881408],[-72.7375252519833,6.991478014008961],[-72.73950951378932,6.994697512613415],[-72.74120398384521,6.997930369211786],[-72.74185505483511,7.004070533044347],[-72.74388834426198,7.012199515852137],[-72.74577010298265,7.016243867620255],[-72.74694731101712,7.018433293188437],[-72.7552189951028,7.0386909764610195]]]},"id":"0006000000000000063c","properties":{"continent":"America","disp_en":"Guaca, Santander, Colombia","gaul0_code":185,"gaul0_name":"Colombia","gaul1_code":1940,"gaul1_name":"Santander","gaul2_code":114332,"gaul2_name":"Guaca","iso3_code":"COL","map_code":"COL"}},{"type":"Feature","geometry":{"type":"Polygon","coordinates":[[[-73.48174029285559,6.163623681584974],[-73.47379859954128,6.155757776437594],[-73.46896052958813,6.156346410014516],[-73.46813557888821,6.1566674500742575],[-73.46512119114351,6.1581701489270335],[-73.46411794407992,6.158946066139025],[-73.4634758418973,6.1598155345316155],[-73.46150933571026,6.163284715138641],[-73.45935562511048,6.167899954797214],[-73.45474047042491,6.172327792363004],[-73.44596940503973,6.175422429412391],[-73.43765763080582,6.176555022551669],[-73.43537455844441,6.1761893797684975],[-73.4317671447372,6.175725679062928],[-73.42829796730621,6.175859456092686],[-73.41400209065272,6.1774870244621685],[-73.41176363985272,6.1778972399559935],[-73.40975259332359,6.17903432553908],[-73.40847282664599,6.180131243929266],[-73.40518196307795,6.183096531873373],[-73.40445065322693,6.183827811176873],[-73.40412960274104,6.185196735630195],[-73.40375953975209,6.186980447058451],[-73.40302822506797,6.188991487066099],[-73.40169940589999,6.19127449487431],[-73.3997775677879,6.193967833597286],[-73.39932269128818,6.194516297831839],[-73.39794933254984,6.1958406782569035],[-73.39269206933896,6.200723365446421],[-73.39081925584165,6.202457944786707],[-73.39035995358412,6.2028682206908075],[-73.38990514715479,6.203140174792846],[-73.38940123454209,6.202680937458851],[-73.38862535251553,6.201905017796337],[-73.38726082945419,6.20012138409149],[-73.3862084715795,6.198703430380479],[-73.38557090264062,6.197651053886668],[-73.38516510238696,6.195412594614869],[-73.38170038980866,6.191475222583815],[-73.38023778829817,6.190012593890978],[-73.37494924380138,6.185526722095793],[-73.37189037344248,6.184059725569915],[-73.3686486018994,6.1835513346970865],[-73.36517939754242,6.182771020923442],[-73.36385952026397,6.1816740615193035],[-73.36075596910905,6.177692125868085],[-73.36039032929258,6.179199296021202],[-73.35878501480029,6.1852770707825],[-73.35828120967243,6.186418561177905],[-73.35731803104015,6.187239060063752],[-73.35576621427643,6.188563387119904],[-73.35389344129443,6.190115191634692],[-73.35306849856886,6.191024817741521],[-73.3507765248225,6.1963266953420195],[-73.3507765248225,6.197374607618256],[-73.35213651011642,6.205418832994008],[-73.35473169359679,6.209079709922902],[-73.3510485405517,6.2188228730891035],[-73.34649133271093,6.225667592198172],[-73.3449573397351,6.235540010155348],[-73.34706649858228,6.237867648869137],[-73.35069178969455,6.240708146102111],[-73.35223905512763,6.241644510685273],[-73.3595386065066,6.246041235235163],[-73.36390413393808,6.248609624068549],[-73.36510807004679,6.249242819000565],[-73.36537557052104,6.2494479469074635],[-73.36572339260141,6.249742243103385],[-73.36579471989474,6.249942904442695],[-73.36692291127778,6.25461163040194],[-73.36694962513799,6.256845609070329],[-73.36691400665697,6.257117628923567],[-73.3667980666618,6.257434205694023],[-73.36580362456151,6.259498749500613],[-73.36285175248918,6.2647604801285794],[-73.3596634552979,6.274860359804993],[-73.35945387479325,6.276202536875261],[-73.36251283060821,6.278311695534922],[-73.36476024698001,6.2809247562967645],[-73.365817026534,6.284068436514219],[-73.3669719316585,6.287015926980976],[-73.36800648397129,6.288817330938349],[-73.37226489827688,6.290436044443593],[-73.37983647504885,6.293004499520231],[-73.3831762923855,6.294685540881021],[-73.38351518193865,6.29489508318932],[-73.38370693131245,6.295082418569382],[-73.3838362631111,6.295403432548204],[-73.38381395832799,6.295697796609636],[-73.383684626516,6.29600993154544],[-73.37804836454166,6.30697481793531],[-73.37773617895273,6.310916662584894],[-73.38188764381978,6.314265491396597],[-73.39707086760026,6.315821714064246],[-73.40698342799617,6.316223031525176],[-73.40798226688459,6.310640175999817],[-73.41410469624674,6.30801376131656],[-73.4262467911728,6.295657601167927],[-73.42696471854174,6.294904070413777],[-73.44055156149287,6.27737084128467],[-73.44512665239412,6.259828758490562],[-73.44688795038229,6.2511557807576565],[-73.44788678303277,6.245367868053123],[-73.44504636009282,6.24292878664318],[-73.44333854558137,6.238059438852168],[-73.44327164975752,6.237238925612029],[-73.4438558186298,6.2360706707783065],[-73.44505526148045,6.233809919053283],[-73.44756130202744,6.231517903752899],[-73.44831485273694,6.230902547153828],[-73.44988892984956,6.231317280087249],[-73.45084764833732,6.231932594590886],[-73.45153438411043,6.232347302315833],[-73.4522166221717,6.232485580693565],[-73.45300585056218,6.232209069091765],[-73.45375947193597,6.2314911811103215],[-73.45430791816986,6.230670695385922],[-73.45681393985281,6.225426780956608],[-73.45753625986076,6.223647631543553],[-73.45774583469938,6.221725739243731],[-73.45788411262234,6.219910901777502],[-73.45915495265568,6.217752686005949],[-73.47098944875798,6.2016553119056805],[-73.47877500330021,6.189258979820915],[-73.48087080251935,6.186003860102322],[-73.48112494362258,6.1798056932452265],[-73.48327420822366,6.170205304683132],[-73.48174029285559,6.163623681584974]]]},"id":"0006000000000000063d","properties":{"continent":"America","disp_en":"Guadalupe, Santander, Colombia","gaul0_code":185,"gaul0_name":"Colombia","gaul1_code":1940,"gaul1_name":"Santander","gaul2_code":114333,"gaul2_name":"Guadalupe","iso3_code":"COL","map_code":"COL"}},{"type":"Feature","geometry":{"type":"Polygon","coordinates":[[[-73.37773617895273,6.310916662584894],[-73.37804836454166,6.30697481793531],[-73.383684626516,6.29600993154544],[-73.38381395832799,6.295697796609636],[-73.3838362631111,6.295403432548204],[-73.38370693131245,6.295082418569382],[-73.38351518193865,6.29489508318932],[-73.3831762923855,6.294685540881021],[-73.37983647504885,6.293004499520231],[-73.37226489827688,6.290436044443593],[-73.36800648397129,6.288817330938349],[-73.3669719316585,6.287015926980976],[-73.365817026534,6.284068436514219],[-73.36476024698001,6.2809247562967645],[-73.36251283060821,6.278311695534922],[-73.35945387479325,6.276202536875261],[-73.35827671221021,6.275698710517171],[-73.34691492624088,6.272474726938501],[-73.34441779046801,6.272287484596382],[-73.3327973671982,6.277669589521679],[-73.32891799780231,6.28434484917988],[-73.32625143680535,6.29510025511301],[-73.3200398906584,6.295657647165742],[-73.30844183427423,6.296197207729375],[-73.29817694342354,6.304428690059102],[-73.29647354959532,6.302988367216277],[-73.2958091756422,6.302582641588988],[-73.29518933740925,6.302417615044069],[-73.29474791866929,6.302332865706751],[-73.29412807744887,6.302475573351126],[-73.29312925575144,6.303095431963162],[-73.28658772098476,6.30910626830499],[-73.28494677323903,6.310840890760189],[-73.28400594689639,6.311946724403227],[-73.28331922031614,6.313123946660625],[-73.28191462745752,6.317386797336352],[-73.27971180115033,6.325060935375386],[-73.2786505566985,6.331892320880359],[-73.27785232546674,6.334688120107842],[-73.28271725304243,6.334469620486998],[-73.28351987570925,6.334456279606731],[-73.28648964417451,6.3350849902997055],[-73.28695339413869,6.335294608833264],[-73.2906187301251,6.3373814260720485],[-73.29835086304249,6.342130342444101],[-73.30033513850184,6.343454704483106],[-73.30438847878403,6.346848073801485],[-73.30519111244887,6.348172498565366],[-73.3084997747986,6.357037129244175],[-73.31788170935157,6.362031336234287],[-73.31822061062869,6.361754855627792],[-73.3187066051211,6.361531941832017],[-73.31922831478052,6.361398170408735],[-73.31993292223287,6.361344635869453],[-73.32016926030764,6.361375891053124],[-73.32046353549082,6.3615006980094755],[-73.324445522946,6.363208535257311],[-73.32499393793667,6.363529637123917],[-73.32568962052626,6.363984468468915],[-73.32761148503499,6.3655629696128555],[-73.32860142353938,6.366450286327753],[-73.328940308219,6.3667669235851525],[-73.32947539769215,6.367368907279373],[-73.32965370058477,6.367614169901766],[-73.33147306547943,6.370592836134007],[-73.33404150720907,6.36979467030963],[-73.33477728269888,6.369464678456821],[-73.3353435735534,6.369099060341388],[-73.33586524352694,6.36873783487019],[-73.33641371982164,6.368291936442131],[-73.3369265713477,6.367810374465383],[-73.33728325478049,6.36735549114123],[-73.33751516616756,6.366940835703552],[-73.33771577201733,6.36655291199561],[-73.33778270056474,6.366147130061015],[-73.34186278436125,6.359913299585582],[-73.34621931128811,6.354031729139542],[-73.34643331229705,6.353857836706075],[-73.34669193030179,6.353652728574216],[-73.34706649858228,6.353434233134863],[-73.34744556390483,6.353322693299214],[-73.35136508223711,6.35240862296699],[-73.35246645301515,6.3512982566844665],[-73.35575281168367,6.346830265010874],[-73.363039022792,6.332815328727041],[-73.3627001012034,6.328869010295598],[-73.36248161882664,6.328423124925894],[-73.36197332488776,6.327165657681717],[-73.36093883376054,6.324409897206654],[-73.36068904762409,6.3223720879420275],[-73.36064893070252,6.32149365109614],[-73.36055979195565,6.319027775755227],[-73.36055979195565,6.318546215024896],[-73.36079167854892,6.317774803142574],[-73.36092543148683,6.317355609695885],[-73.36170132282912,6.315032413958222],[-73.3619198059911,6.314524105482621],[-73.36237017384084,6.31415840863402],[-73.36289636637042,6.31377940355348],[-73.36637001458357,6.3119690113324864],[-73.36702994659015,6.311661337543638],[-73.36753382135947,6.311451795519506],[-73.36814023246244,6.311344762853345],[-73.37168521198954,6.311090600327809],[-73.37773617895273,6.310916662584894]]]},"id":"0006000000000000063e","properties":{"continent":"America","disp_en":"Guapota, Santander, Colombia","gaul0_code":185,"gaul0_name":"Colombia","gaul1_code":1940,"gaul1_name":"Santander","gaul2_code":114334,"gaul2_name":"Guapota","iso3_code":"COL","map_code":"COL"}},{"type":"Feature","geometry":{"type":"Polygon","coordinates":[[[-73.6631008888444,5.927349242754527],[-73.66750197922165,5.929320196795056],[-73.66812629764384,5.929654637139132],[-73.67017743652153,5.932811682095587],[-73.66912065843215,5.937551676012006],[-73.67207703660833,5.949564471682968],[-73.67625519636799,5.954197531685034],[-73.68209217200297,5.9611983029545765],[-73.6864576472341,5.969242508888312],[-73.68642199311914,5.969670598070944],[-73.68685002170352,5.971538917566596],[-73.68781761804017,5.974553304957461],[-73.68813868226331,5.975021500061273],[-73.69072055902774,5.976778408907109],[-73.69118423184551,5.977068238111955],[-73.69204484817902,5.977500752169561],[-73.69272710607889,5.977607802795767],[-73.6932621699706,5.977607751795784],[-73.69691867157015,5.977358076246327],[-73.69939348120035,5.977144016484219],[-73.7024390415306,5.976787302346874],[-73.71369385492673,5.9790570182225835],[-73.71430474153458,5.979342376611832],[-73.7169177134143,5.980925352377663],[-73.71799238134888,5.983007742776148],[-73.72286171920886,5.990619411116568],[-73.73812967357709,5.996188869380178],[-73.74737785880451,5.997883348648486],[-73.7497411707721,5.998458568392614],[-73.75124840395368,6.001401517574217],[-73.75670632849125,6.000968997941957],[-73.76089782178563,5.984314301427407],[-73.7608086744618,5.9804259356074425],[-73.75824466195587,5.969541244559559],[-73.75592149108046,5.963677582295376],[-73.75538192480164,5.962509292677144],[-73.75401298208119,5.9560792222089525],[-73.76075067930337,5.945747484431802],[-73.76326115404987,5.943022958163278],[-73.76667687176516,5.939772275499323],[-73.76772918979263,5.937569482882743],[-73.7660392121081,5.931603276647093],[-73.7570051081581,5.909588693455081],[-73.7574688082921,5.90449191881574],[-73.750753445913,5.89309888562626],[-73.74874235770562,5.893647366242743],[-73.74354306271584,5.895252675516261],[-73.73960116949965,5.898770857043014],[-73.73736721017384,5.901334834658753],[-73.73650211778283,5.90303824753825],[-73.73564151102633,5.904853068440534],[-73.72338790381266,5.910342210421875],[-73.71539720297388,5.911234087162366],[-73.7127039327432,5.904630123633013],[-73.71140626888663,5.9015488842471155],[-73.7111031112844,5.900915718720147],[-73.71043420535943,5.900532229485744],[-73.70993483677505,5.900264716511366],[-73.70704977150072,5.8994397076316325],[-73.70601967614171,5.899381800970388],[-73.70535084322317,5.899417458290674],[-73.70082035804293,5.900068450248254],[-73.69986171415654,5.900429691391724],[-73.69884945313608,5.90115646205879],[-73.6970123373511,5.9031853699712515],[-73.69471585187755,5.906453905107641],[-73.6945821318971,5.907145059736034],[-73.69397118582908,5.908598713780736],[-73.6935699343465,5.909459325100252],[-73.69249522666013,5.910970945746818],[-73.69069819709284,5.912977605635785],[-73.6901453446193,5.913494804931152],[-73.68415673158466,5.916268413647391],[-73.67916701410097,5.918118917111791],[-73.66830458416823,5.923162141807146],[-73.6631008888444,5.927349242754527]]]},"id":"0006000000000000063f","properties":{"continent":"America","disp_en":"Guavata, Santander, Colombia","gaul0_code":185,"gaul0_name":"Colombia","gaul1_code":1940,"gaul1_name":"Santander","gaul2_code":114335,"gaul2_name":"Guavata","iso3_code":"COL","map_code":"COL"}},{"type":"Feature","geometry":{"type":"Polygon","coordinates":[[[-73.53705542076615,6.042001669167046],[-73.53954805825053,6.043575752016731],[-73.54152794710136,6.044592406416106],[-73.54482316678526,6.045332594636555],[-73.54861342304385,6.045836466132667],[-73.552087097712,6.047762859999373],[-73.55706344735856,6.051000153558066],[-73.57052546182189,6.060297356748301],[-73.57094465588155,6.061193630497726],[-73.5722065462128,6.065081967505964],[-73.57296010037149,6.0678688965232555],[-73.57309839244921,6.070566634916776],[-73.57564451377952,6.0751863022982535],[-73.57862766386681,6.080296430988339],[-73.58169999680185,6.07719292239121],[-73.58536980798918,6.0693537698803635],[-73.59208522720711,6.055936356901392],[-73.5955900722405,6.049033668451124],[-73.5954696750408,6.047120720254367],[-73.59512187049828,6.04613523187833],[-73.59246421479703,6.040155597399908],[-73.59067610249856,6.035286237667323],[-73.58950785959885,6.031014399991789],[-73.59002513270575,6.028325627467427],[-73.59074744399126,6.025061531237437],[-73.59086344125257,6.024736047534623],[-73.59188459172297,6.02272941410453],[-73.59620984716501,6.019336075319269],[-73.59598244083747,6.017641567033653],[-73.59615189496381,6.017164492555664],[-73.59645962545892,6.01658923270696],[-73.59711057502797,6.015438801493774],[-73.59747625594437,6.014943864980686],[-73.59785532351444,6.014444437849717],[-73.59818084128366,6.014025250666435],[-73.59992432478596,6.012705364871608],[-73.60049512039188,6.012553736672012],[-73.60860621348586,6.008924043685936],[-73.61660136459116,6.004968808995882],[-73.61990105291804,5.992701833822799],[-73.61969155046806,5.992452122299641],[-73.61833148628713,5.991266022564119],[-73.61772058195686,5.990766598032407],[-73.6171275538302,5.990766631075683],[-73.61498712226184,5.991208073446599],[-73.61420236665388,5.991435440869334],[-73.61349783595041,5.99164502515563],[-73.61066630260927,5.992541292970894],[-73.60949799292318,5.993058599608162],[-73.6077767814812,5.994489926098239],[-73.60689838132537,5.995756301374081],[-73.60660854529014,5.996077365043626],[-73.60578799983955,5.996425160136279],[-73.60408463662787,5.996955823995838],[-73.60345590077618,5.997147550070412],[-73.60207802998156,5.997374960516346],[-73.59180875810829,5.998231166718559],[-73.5901678161148,5.99834263346091],[-73.58888806462265,5.998017127670339],[-73.58817014959835,5.997700495373171],[-73.58598961348117,6.006324394838017],[-73.58580236017607,6.006632107081563],[-73.58479016507997,6.008183841424961],[-73.58073684257027,6.01240663979723],[-73.57582288038347,6.014359671572337],[-73.57382076263252,6.0145693128585505],[-73.57154662246542,6.014979543460016],[-73.56994128451161,6.01574643808205],[-73.5661555493536,6.018002809603827],[-73.56494709016934,6.019371750227985],[-73.56073324383705,6.024513070725416],[-73.54996900150623,6.031134838612895],[-73.53947229545,6.038278348756731],[-73.53705542076615,6.042001669167046]]]},"id":"00060000000000000640","properties":{"continent":"America","disp_en":"Guepsa, Santander, Colombia","gaul0_code":185,"gaul0_name":"Colombia","gaul1_code":1940,"gaul1_name":"Santander","gaul2_code":114336,"gaul2_name":"Guepsa","iso3_code":"COL","map_code":"COL"}},{"type":"Feature","geometry":{"type":"Polygon","coordinates":[[[-73.43809012689934,6.525430638941566],[-73.43806342186444,6.525430683588995],[-73.43770222919606,6.525007035417209],[-73.43711804349631,6.52424008849388],[-73.43678364434513,6.523593476814169],[-73.43532995956863,6.520637149105395],[-73.43504456251024,6.518612696865136],[-73.43582045677381,6.51127298799906],[-73.43314055695213,6.5107290183193385],[-73.42922989670002,6.511883931722677],[-73.42884647892254,6.512017651418877],[-73.42736153783484,6.51313693534599],[-73.42700032710113,6.513498125925797],[-73.42613978525924,6.514965165201721],[-73.42582766938594,6.5156830508115595],[-73.42574287378206,6.516066543330852],[-73.42562246936212,6.51664177860007],[-73.42567156631823,6.51710553326761],[-73.42357135753785,6.5217206498587075],[-73.42064617375722,6.525484120840864],[-73.41788155516095,6.528690282495391],[-73.4154602365393,6.530612089644966],[-73.41415820221191,6.531267595547726],[-73.40239951907854,6.5338226375363035],[-73.40168159952356,6.533978707371864],[-73.40092797476763,6.534001003594313],[-73.40037507511927,6.533916321520848],[-73.39866276792111,6.533305441987691],[-73.39825699228803,6.533073543979701],[-73.38483961621604,6.523776350064908],[-73.37527033768743,6.518032988066124],[-73.36225423141799,6.5108717029236045],[-73.34823031877846,6.499202245175796],[-73.34235322407747,6.494662826020427],[-73.3318208517634,6.489374357434038],[-73.33158902428902,6.48926289162944],[-73.32895362249884,6.4879964655728894],[-73.32756245579412,6.487555005410138],[-73.32720125838725,6.487452515725494],[-73.32690690230095,6.487398974118604],[-73.3260820374291,6.487514944948189],[-73.31664206573178,6.489084514516488],[-73.31430553571751,6.489695398408336],[-73.31089430654139,6.491300684054225],[-73.30598033753608,6.4908056970653405],[-73.30932911435514,6.499795252464544],[-73.31090321344894,6.504058193500424],[-73.31208935839315,6.507995584107299],[-73.31258877171948,6.5097033946600265],[-73.31321746769338,6.51533966583156],[-73.31327549692469,6.5161155535494695],[-73.31315503002271,6.517096600075349],[-73.3130435598431,6.517765420791602],[-73.31290087073312,6.517814529700914],[-73.31256645963693,6.517538029128132],[-73.31247280284629,6.51708318002844],[-73.31180838729028,6.512860447011766],[-73.31131347061734,6.509681100835245],[-73.3110548107595,6.5087491394707495],[-73.31080514747713,6.5080668947070475],[-73.31056430086313,6.507469368181503],[-73.30937373917627,6.504486221089105],[-73.30846855529435,6.503482927682066],[-73.30438847878403,6.504419369893139],[-73.30272526062814,6.504825134660618],[-73.30151684188095,6.505123911159424],[-73.29588052575792,6.506849609555889],[-73.29263429702803,6.508744712984415],[-73.28933007490491,6.511348838847254],[-73.28809494912196,6.512757848972278],[-73.28799678300385,6.514421124052297],[-73.28835354600118,6.516690829721882],[-73.28899562796398,6.518764297251724],[-73.2950288216062,6.532311065160194],[-73.29617033475441,6.5347546222725],[-73.29710229167925,6.536970777055273],[-73.29789604450401,6.541238121699868],[-73.29939428789561,6.553982275724073],[-73.29975993979032,6.558575111476351],[-73.29961274338218,6.559386727444125],[-73.2997376264047,6.563792296532271],[-73.30000070827495,6.565022977341574],[-73.30028610316275,6.565513505128358],[-73.3009193329943,6.566102106728466],[-73.301445493593,6.566472194853315],[-73.30177992162281,6.566592636692107],[-73.3020295951633,6.5665703148807895],[-73.30369281858303,6.566369677972247],[-73.30264050688301,6.5677296852531],[-73.2996751849023,6.572701549279575],[-73.29828392245011,6.577111640487985],[-73.29736537670054,6.581454808077951],[-73.29691505484978,6.586587210372682],[-73.29691505484978,6.587345266939566],[-73.29699531207827,6.5881211449447745],[-73.29728062089013,6.588968397523914],[-73.29752589079982,6.5894588700340195],[-73.29800752236925,6.590359633769402],[-73.29854700605875,6.591180068125453],[-73.3016372251945,6.5937218019597506],[-73.30353680757351,6.594796437066293],[-73.31870219680863,6.602747024884591],[-73.33080861761523,6.605217373606395],[-73.33308280934699,6.605725649736095],[-73.33806363831607,6.607228400531716],[-73.33823752627872,6.6073086235905825],[-73.34009253248931,6.608753410976502],[-73.34099326765532,6.609506982395221],[-73.34153282539877,6.610019796759303],[-73.34411904979405,6.611402146637741],[-73.34584914931564,6.612244844017846],[-73.34879666464685,6.613395338695303],[-73.35827671221021,6.61703398294535],[-73.36655278455935,6.6185678722678105],[-73.37069978671407,6.6206948446144205],[-73.37646539637807,6.624832935664174],[-73.3908682708085,6.630937428089128],[-73.39672309593531,6.633996388134585],[-73.39929148481852,6.6358201420879395],[-73.40353660234908,6.6310979882571575],[-73.4054852059321,6.627017878568367],[-73.40620760926589,6.6254081369010525],[-73.40640374499446,6.624850764160036],[-73.4073535753693,6.621970208901949],[-73.4139440883452,6.611473424277782],[-73.41774774758046,6.595679321964957],[-73.42137742848166,6.590346270039379],[-73.42556896625614,6.587697529594477],[-73.42982300596205,6.581557378773627],[-73.43031792183278,6.580554019080259],[-73.43055431928948,6.579956537185017],[-73.43080843052846,6.578427027865426],[-73.43066572903118,6.577084865757566],[-73.43025102193457,6.575854192658668],[-73.42986760598569,6.574837513864058],[-73.42965350780364,6.573999137111608],[-73.42941719927182,6.57262133569341],[-73.42884647892254,6.5692502293341],[-73.4288018786862,6.568456525310968],[-73.42955099956843,6.562597283878264],[-73.43102693358189,6.558535022772592],[-73.43373806134747,6.552903139165976],[-73.43420626264724,6.552243230069994],[-73.43496876228234,6.551288991337623],[-73.43641795368241,6.550156379555501],[-73.43728303992698,6.549759490405411],[-73.43962858304018,6.5375995706810315],[-73.43879470701857,6.535802491859392],[-73.43855391279807,6.535120283119938],[-73.43847361802567,6.5341660575918805],[-73.4381704218158,6.528601104178301],[-73.43809012689934,6.525430638941566]]]},"id":"00060000000000000641","properties":{"continent":"America","disp_en":"Hato, Santander, Colombia","gaul0_code":185,"gaul0_name":"Colombia","gaul1_code":1940,"gaul1_name":"Santander","gaul2_code":114337,"gaul2_name":"Hato","iso3_code":"COL","map_code":"COL"}},{"type":"Feature","geometry":{"type":"Polygon","coordinates":[[[-73.7438730167914,5.870500209841029],[-73.74614712635761,5.873354037272909],[-73.74273590747069,5.877960226569247],[-73.74181732674293,5.879467401381696],[-73.7432888854792,5.882758229416007],[-73.74490749786874,5.885928694301495],[-73.74688738032668,5.887065710205198],[-73.74850605351928,5.888876165013729],[-73.75050367703534,5.891506979985051],[-73.750753445913,5.89309888562626],[-73.7574688082921,5.90449191881574],[-73.75894034212018,5.903689248927705],[-73.76026023350765,5.903296884272714],[-73.76521877105131,5.905254441681061],[-73.77011039575045,5.907992279540603],[-73.77844443820752,5.911653190417914],[-73.78272515230974,5.910025651528691],[-73.78405395304068,5.909445965083591],[-73.78443743019838,5.90871915444249],[-73.78528023356164,5.906774997355246],[-73.78997568451014,5.901094096321854],[-73.80103422851792,5.893375398352173],[-73.80408426107545,5.89198862202393],[-73.80757126311,5.8854470955458975],[-73.80602397521719,5.8828652651830255],[-73.80373196724774,5.878441849019856],[-73.8027376425998,5.875739593209347],[-73.80335292531873,5.874268082420101],[-73.80696478944371,5.8735234738465545],[-73.81086209317859,5.872645034601228],[-73.81178062578111,5.872092088417122],[-73.8154906141353,5.8692783578188035],[-73.8169085875316,5.86592958381293],[-73.81755963667064,5.864168218655934],[-73.81803674824702,5.8624827380967774],[-73.81824631438721,5.861836182206535],[-73.8192808588481,5.859249896184487],[-73.82017718444855,5.858028094225299],[-73.82061856969165,5.8576624569398135],[-73.82211243335301,5.85653425940922],[-73.82981770093271,5.851080810663897],[-73.83099936534435,5.850278154529775],[-73.83285436768521,5.849074186364649],[-73.83509282168902,5.847736429216165],[-73.83549414869209,5.847544741703965],[-73.83644837395663,5.847179103209452],[-73.83775043125807,5.846858017962813],[-73.83830341488259,5.846817931242284],[-73.84149609774094,5.846724288131944],[-73.84254846835164,5.846706394623023],[-73.84289180899417,5.846764412281118],[-73.8432530070126,5.846973992653663],[-73.84365431742665,5.847259339326414],[-73.84449704869084,5.8479683508961875],[-73.85943956241334,5.85790771448478],[-73.87229959394963,5.862986591677834],[-73.88168149614485,5.867427877702578],[-73.89249930812566,5.869920483642384],[-73.8974890716956,5.86883248395938],[-73.89815788662077,5.868640739269394],[-73.89961159797265,5.867780127259157],[-73.89980331409608,5.867512569419955],[-73.90022245135714,5.866901695445251],[-73.90064607333335,5.866134698704257],[-73.90207742795035,5.864065684840013],[-73.90232718502239,5.863856121566096],[-73.90424009469241,5.862669974753581],[-73.90456565438619,5.862500569820802],[-73.90660790333156,5.861599847322427],[-73.90914962786081,5.861046848821629],[-73.9094750896454,5.861046901780924],[-73.9097069853206,5.861104847449531],[-73.91961060155876,5.863619773976328],[-73.92102863046969,5.864725638524072],[-73.9233919291967,5.867557187898789],[-73.92386465725419,5.8681457744264165],[-73.9240786851767,5.868663029557502],[-73.9240742001011,5.869006406264399],[-73.92455132186176,5.86918476079736],[-73.92631268845417,5.869755472473192],[-73.92703056006027,5.8694879694343935],[-73.93219865494255,5.865358810581632],[-73.93357210215807,5.864074634130404],[-73.93686736706965,5.860146174176737],[-73.93765220196818,5.859116079756398],[-73.93824966100959,5.85782295788811],[-73.93913701120441,5.855789613710098],[-73.93696100925197,5.8548353818705134],[-73.9352888078014,5.855143022584829],[-73.93285416505414,5.856074989230872],[-73.93005827522094,5.8562890400939125],[-73.92573295339326,5.854327015073807],[-73.91949918968912,5.850567975262815],[-73.91577134043973,5.844133502520941],[-73.91469675715976,5.841957440820209],[-73.90669258914252,5.8449183301528045],[-73.89892933106424,5.846545895797508],[-73.88994426802597,5.851829895156883],[-73.88236821956448,5.853475342487193],[-73.88158343105448,5.853595721983665],[-73.88095915094723,5.8535466426837415],[-73.88048201226576,5.853354915680644],[-73.88014761972161,5.853163178263823],[-73.87974180798702,5.852877799181599],[-73.8794296652473,5.852543410358156],[-73.8786672058403,5.85115656215025],[-73.87905067897013,5.847972808501823],[-73.87851557493848,5.8301586971285495],[-73.8753273510473,5.820326399004805],[-73.87521582418142,5.819983030387333],[-73.87458712729945,5.818297469791757],[-73.87438201753379,5.817878302553361],[-73.87303085383452,5.8170088194077785],[-73.8727901215869,5.817026653640431],[-73.86995407069304,5.818707728881761],[-73.86693529318494,5.8209105139185615],[-73.86613707342079,5.821369767804796],[-73.86276604862746,5.823064252114988],[-73.86014852719907,5.823626086152459],[-73.8600325948966,5.823590466861196],[-73.8598229833774,5.823247105690515],[-73.85957774838405,5.822756613174755],[-73.85931914313113,5.822132303356079],[-73.85838719230304,5.819862661117227],[-73.84926387309137,5.811796106501042],[-73.83128035399699,5.797192557951567],[-73.82712444534201,5.791832750277286],[-73.82648231251342,5.79029880021985],[-73.8254566905867,5.7905618522148075],[-73.82481015474752,5.790824995295834],[-73.82370877733969,5.791493847791181],[-73.82318258745354,5.791926353456396],[-73.82280358268329,5.792546161603188],[-73.82237099761676,5.793290848297835],[-73.82210794594525,5.793932982828613],[-73.82079250285,5.797571575642461],[-73.82077024515817,5.798120016875582],[-73.82100655350865,5.8013752201899065],[-73.82126960664283,5.802333896961557],[-73.82193850135361,5.804509943995536],[-73.82124286157726,5.808072762536752],[-73.82004785605258,5.81092212347327],[-73.81930320645665,5.812643359307332],[-73.81430894693476,5.818573940798332],[-73.81364011623033,5.818886066963625],[-73.81075061961474,5.820174798793959],[-73.80883769837457,5.820125678684597],[-73.80217127564214,5.824357418635427],[-73.8010431145287,5.83663328273347],[-73.79936652370709,5.8406509556139925],[-73.79829184301073,5.842563941863696],[-73.79587946754337,5.84452590998987],[-73.78232829671074,5.849707363370136],[-73.76990526753079,5.8533861225989545],[-73.76339940700201,5.859437146973618],[-73.760072960643,5.865015459029195],[-73.74996418597308,5.867784592816572],[-73.7438730167914,5.870500209841029]]]},"id":"00060000000000000642","properties":{"continent":"America","disp_en":"Jesus Maria, Santander, Colombia","gaul0_code":185,"gaul0_name":"Colombia","gaul1_code":1940,"gaul1_name":"Santander","gaul2_code":114338,"gaul2_name":"Jesus Maria","iso3_code":"COL","map_code":"COL"}},{"type":"Feature","geometry":{"type":"Polygon","coordinates":[[[-73.10353269866316,6.703067885875738],[-73.10245810606408,6.704739989404911],[-73.10201216621826,6.705408883537098],[-73.10055853318562,6.707281732661195],[-73.10001893419269,6.707589355034817],[-73.09926086390601,6.707790058707704],[-73.09848054779351,6.707901521094376],[-73.09522093205783,6.708182453397103],[-73.09473049078987,6.708204753312904],[-73.09408389199947,6.708137884690541],[-73.09105169765157,6.707705352750244],[-73.09047200094065,6.707571556767205],[-73.07594425469507,6.708391983977107],[-73.06612531388305,6.709105474453093],[-73.05793838657326,6.709600446019947],[-73.05387620429556,6.709484487140633],[-73.04980053001174,6.707040887850973],[-73.04589880807106,6.705292958322541],[-73.04086007911775,6.7032997087493875],[-73.03661942388455,6.70375899728009],[-73.03578115615646,6.710380789178222],[-73.03599959608188,6.713056259156806],[-73.03684236692122,6.715134176651243],[-73.03744435709285,6.715803020486038],[-73.03810876939704,6.7164095211670585],[-73.04434709043736,6.720926522065408],[-73.05125421249853,6.725626420681812],[-73.05896400878984,6.730393189965619],[-73.06204075812803,6.732096591853587],[-73.06654889665244,6.735976000445985],[-73.06763248323448,6.737157718933467],[-73.06819881754772,6.736774204780197],[-73.06933139194744,6.736029489236545],[-73.07379498699197,6.733692995425766],[-73.07742911463895,6.7328680217148245],[-73.0864989183329,6.733180196918692],[-73.09417754987561,6.733496725192427],[-73.10894610857295,6.726830390831838],[-73.12217620866701,6.729983025843135],[-73.13723459606248,6.730103364010582],[-73.14532343805483,6.730179179967789],[-73.14555978108743,6.72680363171569],[-73.14836895806232,6.718768334606196],[-73.14877924391196,6.710755379081309],[-73.14649614725857,6.703424557222243],[-73.14514948942588,6.700173896435711],[-73.13751551659666,6.691376068154789],[-73.13712312813912,6.691117464874145],[-73.13635617692579,6.6907607348395235],[-73.13601285782467,6.6906626028747125],[-73.13098744615539,6.692120791208069],[-73.13016248758943,6.692486386111919],[-73.12765643929983,6.694158537716568],[-73.12693411745515,6.69475607469179],[-73.12383500485086,6.693989147325247],[-73.11852423936371,6.690181019713864],[-73.11745845159302,6.689382850639343],[-73.11729348636413,6.689146543769089],[-73.11710618945352,6.6887139698148435],[-73.11704378713144,6.688232456599476],[-73.11715085257688,6.687808810061804],[-73.11811398909974,6.6864042057168955],[-73.11565697442423,6.686381898340174],[-73.10976204870033,6.687318325050533],[-73.10293070049612,6.690082921079804],[-73.09841814040078,6.691536617698962],[-73.09251430639657,6.690546705727442],[-73.0826640995911,6.688290360510482],[-73.0807199632369,6.686876830791691],[-73.083279479679,6.6902702556476985],[-73.08492486809644,6.6914563235608915],[-73.09475273447636,6.696428231943482],[-73.10348812293681,6.702577329071057],[-73.10351045582706,6.70277803021257],[-73.10353269866316,6.703067885875738]]]},"id":"00060000000000000643","properties":{"continent":"America","disp_en":"Jordan, Santander, Colombia","gaul0_code":185,"gaul0_name":"Colombia","gaul1_code":1940,"gaul1_name":"Santander","gaul2_code":114339,"gaul2_name":"Jordan","iso3_code":"COL","map_code":"COL"}},{"type":"Feature","geometry":{"type":"Polygon","coordinates":[[[-74.07911271588274,5.832834151556194],[-74.07703026637765,5.832156402896949],[-74.07609829242513,5.831920053651743],[-74.07502371124835,5.831835333416327],[-74.07460450730825,5.832062724580888],[-74.07400702580632,5.832566599067271],[-74.07098373685442,5.835353524076503],[-74.06781779148548,5.838546244085872],[-74.06319816433916,5.843188208212096],[-74.05434241353865,5.842051152666607],[-74.04527701796013,5.845007496781558],[-74.03086963596779,5.840316486720747],[-74.02752532859395,5.8381627876390025],[-74.01648017146911,5.830805295710262],[-74.00386534447941,5.827559066550211],[-74.00243402631365,5.822145710453168],[-73.99793924291815,5.819809143013567],[-73.99623134463023,5.8213519683137775],[-73.99185702195535,5.828334892935657],[-73.99663718145031,5.834354677330733],[-73.98614935064744,5.841627515032716],[-73.97162155734883,5.847232589738771],[-73.97054692535578,5.847388651839977],[-73.9673453240837,5.847076509833869],[-73.96289958382086,5.845761095188393],[-73.9415939983714,5.841899479086712],[-73.92878302392873,5.84074015229738],[-73.92006100267726,5.841333168336342],[-73.91710014115877,5.841547264052651],[-73.91588284415006,5.841645316076099],[-73.91473237037464,5.841837093602161],[-73.91469675715976,5.841957440820209],[-73.91577134043973,5.844133502520941],[-73.91949918968912,5.850567975262815],[-73.92573295339326,5.854327015073807],[-73.93005827522094,5.8562890400939125],[-73.93285416505414,5.856074989230872],[-73.9352888078014,5.855143022584829],[-73.93696100925197,5.8548353818705134],[-73.93913701120441,5.855789613710098],[-73.93824966100959,5.85782295788811],[-73.93765220196818,5.859116079756398],[-73.93686736706965,5.860146174176737],[-73.93357210215807,5.864074634130404],[-73.93219865494255,5.865358810581632],[-73.92703056006027,5.8694879694343935],[-73.92631268845417,5.869755472473192],[-73.92455132186176,5.86918476079736],[-73.9240742001011,5.869006406264399],[-73.92036419981527,5.871913750631261],[-73.91656505170224,5.876841005662425],[-73.91192760791326,5.883226450099215],[-73.91142372239476,5.884015747549784],[-73.91085300341418,5.885045802728676],[-73.91037136265878,5.886263118510812],[-73.90836476753344,5.892653028412012],[-73.90817305982708,5.893272800328586],[-73.90833803432226,5.894088827240538],[-73.90893558351314,5.894735372626099],[-73.90989429582302,5.895234828597442],[-73.91072813038056,5.895475637470042],[-73.9116110312461,5.895332943273024],[-73.91256973038554,5.895118897065161],[-73.9172963253066,5.900599109090947],[-73.92056935098333,5.915100138570662],[-73.92309761727671,5.9211288225390994],[-73.92888115497921,5.927973524858043],[-73.9293805102965,5.928356998749823],[-73.93007612527101,5.9288519838257585],[-73.93488750600957,5.930220918023315],[-73.93840573017496,5.930698030599285],[-73.93864656079552,5.930711383699282],[-73.94966946574688,5.929413857710983],[-73.96142365646286,5.927144140385996],[-73.96245367683724,5.926881084464152],[-73.96495969298489,5.925993702337992],[-73.96562854438045,5.925467533759016],[-73.96694399916325,5.9241298003328176],[-73.96730514678852,5.923674968080475],[-73.9754965679023,5.925494293548807],[-73.98670227163629,5.9307381936681995],[-73.9870367495024,5.931407039926975],[-73.9876252677218,5.933382394626773],[-73.98774121357908,5.936512688253829],[-73.98775466437006,5.936980896553284],[-73.9877947477216,5.9387824254299995],[-73.98760751266552,5.942501255620841],[-73.98754061733783,5.942893703420041],[-73.98727303579385,5.9444097849924225],[-73.98713924488199,5.945051882283493],[-73.98689847480911,5.945506723215597],[-73.98660416997471,5.9459080398878035],[-73.98606909357625,5.946389615749422],[-73.98552953203803,5.950251196053622],[-73.98521289649895,5.955410372822881],[-73.98521738015508,5.955642225153404],[-73.98524858639891,5.955865211695742],[-73.985511687115,5.957787092535618],[-73.9904568194888,5.965461205264147],[-73.9955981980209,5.970914703694459],[-73.99739523139692,5.972216763658832],[-73.99755573602813,5.972230097775307],[-73.99777864894097,5.972091868539498],[-73.99788571160738,5.971962589845832],[-73.99838067391069,5.971137668132577],[-74.00012415050445,5.971137660114618],[-74.00478834758513,5.971512180358457],[-74.00563558053679,5.971891209889931],[-74.01642216242179,5.977933273290296],[-74.02394023906004,5.982726871310666],[-74.024435223549,5.9830746714847125],[-74.02872488585645,5.985486995574995],[-74.02910384755619,5.985629735065067],[-74.029326813314,5.985634170543721],[-74.0295497788108,5.985571729829915],[-74.02963450025202,5.985478061385107],[-74.03579252742122,5.970455357575312],[-74.0397967653167,5.957889616625835],[-74.04945075018784,5.944525717185304],[-74.05669681041795,5.934002245204856],[-74.05721851176493,5.932749230244022],[-74.05737457369291,5.932459415941997],[-74.05779372617295,5.931933244909886],[-74.05805233454383,5.931603219676261],[-74.05834222648868,5.931411497026281],[-74.05869889874607,5.931179600989657],[-74.05935890648283,5.930849678457501],[-74.06126738528896,5.930283346870149],[-74.06885673939654,5.92984191842446],[-74.0701722000661,5.929966718894075],[-74.07360126433903,5.93064005182405],[-74.08755377746535,5.92972593212281],[-74.08807548325872,5.929654602047028],[-74.08925718052608,5.929534216167312],[-74.08986357610966,5.929516381875677],[-74.09026042986282,5.929547555746083],[-74.09082676058877,5.929757155030808],[-74.09133062232249,5.930011348855405],[-74.09640062235805,5.9338060269731345],[-74.10939893632313,5.944048616579531],[-74.1122348549165,5.9486102169106],[-74.10429765202932,5.960872786627291],[-74.09682873988116,5.974874348176098],[-74.09614197688461,5.976336922285064],[-74.09584766192174,5.977206479157903],[-74.09570946636926,5.977665770371673],[-74.09561581238655,5.978423784819854],[-74.0956426090811,5.980002293046665],[-74.09609743533788,5.982151613348705],[-74.09859004294148,5.990396489888415],[-74.10222865479894,5.99586777462811],[-74.10538568790813,6.0001262815378995],[-74.1095906216106,6.005026788320531],[-74.11046014806503,6.006904077441798],[-74.11100867443,6.008687684094872],[-74.11173992093784,6.0151756802911445],[-74.11116917252893,6.017458800888239],[-74.1130821451623,6.02242174718378],[-74.11755457341205,6.0293422551055205],[-74.11853114706999,6.029382437338124],[-74.12243282077831,6.02982830634774],[-74.12352980183368,6.030399110112313],[-74.12641927042282,6.032882767882243],[-74.12727097681802,6.03369434160884],[-74.12849274981593,6.033819232105822],[-74.12930430375057,6.033533836880779],[-74.13072677717017,6.032597386755788],[-74.13178356710932,6.031580774008856],[-74.13239448466624,6.030193977221654],[-74.13239448466624,6.028932031144874],[-74.13222952457814,6.027835098074523],[-74.13166322919737,6.02677832386183],[-74.1308873479782,6.025516372166349],[-74.12991522940851,6.023518668829864],[-74.12917948399175,6.021770720039893],[-74.12857303619629,6.019777538532165],[-74.12763665830047,6.016602644124199],[-74.12743155059303,6.015340711383704],[-74.12775699880353,6.014239323654885],[-74.12856855593043,6.0134678437141265],[-74.12987060627607,6.012366461224074],[-74.13210909734964,6.010533821125814],[-74.13324616384776,6.009882764881343],[-74.13442336535735,6.009356620330045],[-74.1353999405824,6.009312029713322],[-74.14365371920236,6.005325591177755],[-74.14837144652657,6.0014149578454274],[-74.15174254816192,5.997102964414487],[-74.15512254804202,5.9912660441310255],[-74.16316671159007,5.978374757111773],[-74.16959673918115,5.970294836089042],[-74.17055100245572,5.964074427911059],[-74.17025223580139,5.955700188747591],[-74.17055100245572,5.949181029519183],[-74.17108609367557,5.947504379348013],[-74.17407372515245,5.939727710944351],[-74.17497000521412,5.9382918655919585],[-74.17759638095544,5.936138106581287],[-74.18094070548578,5.928303502062343],[-74.17956734768593,5.9283034983116725],[-74.17753394247958,5.928125166468439],[-74.17604016062232,5.927465198734929],[-74.17496552606417,5.926568895749289],[-74.17412720645304,5.924655952494546],[-74.17359212400235,5.92316217862845],[-74.17431004609286,5.922502214958132],[-74.18123497592286,5.920348483012072],[-74.18272880548938,5.919929280649894],[-74.18416466569275,5.91951017868278],[-74.18506089695323,5.9186138655137635],[-74.18535972932065,5.917597212827755],[-74.18499846099303,5.9161613646646005],[-74.18308550971223,5.913650884952204],[-74.18194400003327,5.912495996369784],[-74.18041451115565,5.911086920164078],[-74.17963865397056,5.910676715179598],[-74.17866661078651,5.910007820523078],[-74.17527763297458,5.9075731095129855],[-74.17341824202994,5.905107296272618],[-74.17100134636603,5.901901158878588],[-74.16424580426511,5.897384088265791],[-74.16035754730733,5.894820116712446],[-74.15715584025406,5.893156845537655],[-74.15460523983874,5.891966292214349],[-74.15130550717195,5.891061063643423],[-74.1461909404266,5.888323166949],[-74.1423873356147,5.885219652364551],[-74.1398055314993,5.882062634018387],[-74.13926595994309,5.880769459140975],[-74.1386327543361,5.879931149849267],[-74.13757600313663,5.878776246049927],[-74.13681788753988,5.878053916567762],[-74.13618476323322,5.8775990815690475],[-74.13393736070068,5.876207800207711],[-74.13333531888749,5.875922472230496],[-74.12029251535596,5.875418561540688],[-74.11294835331341,5.875637079495416],[-74.11130735671185,5.875958096945711],[-74.10882818079472,5.876493183432872],[-74.10817264769261,5.876965877138752],[-74.10004366790807,5.8715926209948455],[-74.09245431337862,5.858906491685763],[-74.08965842712762,5.850581350894161],[-74.08751362550797,5.841337688353015],[-74.08179260116509,5.837578632209653],[-74.08136902049218,5.83722191637282],[-74.0796254821615,5.834488464711778],[-74.0792241245809,5.833302351183209],[-74.07914838818424,5.832976853072326],[-74.07911271588274,5.832834151556194]]]},"id":"00060000000000000644","properties":{"continent":"America","disp_en":"La Belleza, Santander, Colombia","gaul0_code":185,"gaul0_name":"Colombia","gaul1_code":1940,"gaul1_name":"Santander","gaul2_code":114340,"gaul2_name":"La Belleza","iso3_code":"COL","map_code":"COL"}},{"type":"Feature","geometry":{"type":"Polygon","coordinates":[[[-73.57876145937757,6.24077502269577],[-73.57869011376336,6.241497365535019],[-73.57769127259148,6.251606189067172],[-73.57712490702647,6.253465588302395],[-73.58035774369561,6.255677310600603],[-73.58623931424259,6.259436386736514],[-73.59232602547162,6.261295785545936],[-73.60544470486552,6.268608692165621],[-73.61057708940672,6.275707605120269],[-73.61232505022619,6.277763253803825],[-73.61396599606253,6.279181236666408],[-73.6305270933192,6.289169604763185],[-73.6367476039323,6.2904850480891605],[-73.63669406483001,6.288300131373935],[-73.63705527383846,6.288019181861421],[-73.63777760011878,6.287631212599668],[-73.63867392435859,6.28735031546513],[-73.63916439477528,6.287301234273729],[-73.65388389010879,6.286850938705891],[-73.65701420426021,6.292531771276567],[-73.65667970755317,6.292763646187076],[-73.6563720671074,6.293303239280217],[-73.65611346913094,6.293896263631174],[-73.65588154805567,6.294458151945342],[-73.65562294945914,6.300785596921125],[-73.65582810377371,6.301169075943128],[-73.65672434906261,6.302404244806027],[-73.65885581261033,6.304798767079682],[-73.66134392911543,6.30685439743172],[-73.66196377538247,6.307242361033179],[-73.66399270112679,6.308401760054568],[-73.66591903470069,6.3093514977362455],[-73.66740838967482,6.309971308985813],[-73.6701283969659,6.31105486657512],[-73.67059211668828,6.3124416684317834],[-73.66978952073995,6.31691414016789],[-73.66927666961637,6.319509332147878],[-73.6685008338903,6.321230609965248],[-73.6644608358978,6.329016166172447],[-73.66052791359299,6.335236616379822],[-73.65880227928459,6.339013431187561],[-73.65915904809688,6.343771307343656],[-73.66254347050848,6.350223657902605],[-73.66444305182596,6.353853324824039],[-73.66423350504459,6.358374900403946],[-73.66317669618348,6.362178493823168],[-73.66261038593852,6.362258729936331],[-73.66212428301385,6.3625129033352055],[-73.6618389260465,6.363257614508486],[-73.66155796985171,6.364055807364086],[-73.66132614477223,6.364853950841605],[-73.66091144578536,6.3674491529330846],[-73.6609872539368,6.368247330140195],[-73.66485774364375,6.383417202711171],[-73.66513869529993,6.3841083442759],[-73.66549536322988,6.384523046450974],[-73.66606166547504,6.384777200628798],[-73.6667037721791,6.384884253173934],[-73.66742617348837,6.3848842243271084],[-73.66878618154766,6.384625623065509],[-73.67050742033115,6.380179909211011],[-73.67947911078329,6.370713192462625],[-73.6850753047789,6.366378974222262],[-73.6889948211098,6.362744838265486],[-73.69312395873784,6.356725054013454],[-73.70143128348732,6.344257341030907],[-73.70482470149024,6.337568686721149],[-73.7108444930657,6.324151322602693],[-73.71643174037658,6.309271263896291],[-73.71960661738912,6.29891724119],[-73.70992145680502,6.283693853293779],[-73.70871743547896,6.282614775956992],[-73.70276457270982,6.278677407172096],[-73.69817610637709,6.276505785235377],[-73.69258889448201,6.265964501307152],[-73.68606967264947,6.253447804992714],[-73.6822839179135,6.250357602323084],[-73.68035315857186,6.24246055001975],[-73.6799116445599,6.240583284685854],[-73.67912686810453,6.236623619795284],[-73.67916252349774,6.219554111454701],[-73.6803977050911,6.21336494354837],[-73.68133856840956,6.211291413159531],[-73.68313559089141,6.209967112325996],[-73.68409431372102,6.207880233809578],[-73.68606518219855,6.200772393492654],[-73.68612319881673,6.200286342324403],[-73.68631494092782,6.198226246819962],[-73.68661373494848,6.194944370487092],[-73.68653784651774,6.178445701747625],[-73.68615436253515,6.175747926462203],[-73.68561927992894,6.17225200402141],[-73.6853741006209,6.171792685382461],[-73.68521801195509,6.171534069154806],[-73.68462940033906,6.170945502699394],[-73.6687103762914,6.155253925251938],[-73.66041204541204,6.147677892190505],[-73.64510393438047,6.140266887210114],[-73.63491936145263,6.142286857164676],[-73.63169097176831,6.13676651893319],[-73.63640867243345,6.130719966068859],[-73.63555249286412,6.128958568015704],[-73.63468750622935,6.128271902869745],[-73.62686616934548,6.123166197212713],[-73.62143503199017,6.122426006036269],[-73.62025779952423,6.122840686641984],[-73.619437308358,6.1229699866932],[-73.61908505225173,6.122978969227412],[-73.6183582582296,6.122947732596337],[-73.61803717436818,6.122885317031086],[-73.61702495736552,6.122363555976876],[-73.61583880556431,6.121752705130484],[-73.6066308265621,6.115603619187129],[-73.59915730167162,6.103951966164391],[-73.59073414608265,6.099524092437577],[-73.59010536967267,6.096286728121299],[-73.58688589315469,6.090793159624431],[-73.58631514989469,6.0899325325275635],[-73.58602528503692,6.089508943187292],[-73.58570873346012,6.089281530793674],[-73.58531185275643,6.089031830037185],[-73.58490158315755,6.088817795208518],[-73.58132089968574,6.087332861768824],[-73.57924748949037,6.086579283565616],[-73.57541259203687,6.0869850663342175],[-73.56982096229308,6.087908119870455],[-73.56530833465187,6.089482168261808],[-73.56357821950918,6.090793129245906],[-73.56125049869063,6.0966568799165355],[-73.55668439522984,6.101267580949634],[-73.55325977451815,6.104326533897413],[-73.55175261086833,6.105374422528418],[-73.54551885358617,6.108379859703034],[-73.54276754750452,6.1103863993636605],[-73.5446492671911,6.112357326967914],[-73.54507291690553,6.112896936215665],[-73.54562579916225,6.1136593888451145],[-73.54692792456615,6.115648192856566],[-73.54823884903028,6.117908946147689],[-73.55362103924685,6.127598595397877],[-73.55389297591633,6.1393616771138015],[-73.55450388853036,6.142277929540068],[-73.557170476889,6.14961314274179],[-73.55931977280447,6.154723294543823],[-73.55845464724179,6.163119736796788],[-73.55574350183471,6.169906526308916],[-73.55080288818398,6.179841361630211],[-73.54994671415632,6.182133398017947],[-73.55120864173276,6.184055219328117],[-73.55336680599922,6.184675057153473],[-73.55624297566675,6.185638211460749],[-73.55726851984477,6.186084120566014],[-73.5579195921997,6.186632611492804],[-73.55863752180288,6.187421894431433],[-73.56023827395343,6.195582014595974],[-73.55468676655416,6.198730156910904],[-73.55535564043812,6.218167406486786],[-73.5554893610381,6.218849614885346],[-73.55589959876887,6.220735790893476],[-73.55630983569316,6.2215607519953915],[-73.55931977280447,6.224922871415931],[-73.561683101052,6.226809093128183],[-73.56294945078824,6.227803471866067],[-73.56390819427429,6.228285098338957],[-73.56685116504227,6.229043085670492],[-73.56788123991578,6.229145681818273],[-73.56911196737468,6.229078763556369],[-73.57318753193333,6.2319281725233],[-73.57814603525703,6.238755067079001],[-73.57869451670499,6.23981633414148],[-73.57876145937757,6.24077502269577]]]},"id":"00060000000000000645","properties":{"continent":"America","disp_en":"La Paz, Santander, Colombia","gaul0_code":185,"gaul0_name":"Colombia","gaul1_code":1940,"gaul1_name":"Santander","gaul2_code":114341,"gaul2_name":"La Paz","iso3_code":"COL","map_code":"COL"}},{"type":"Feature","geometry":{"type":"Polygon","coordinates":[[[-73.76838910761658,6.194917649269723],[-73.76475051037478,6.197802690028429],[-73.75614449941477,6.203991861804341],[-73.74915256746627,6.208022927340318],[-73.74753389948238,6.208843402539273],[-73.74629876866018,6.208945967818155],[-73.73969481549877,6.214778452830712],[-73.72933189869678,6.229912662853264],[-73.72894840595886,6.230813386778923],[-73.72604107449988,6.237956834226223],[-73.72819479705603,6.240146258311659],[-73.72981344099182,6.241894243166752],[-73.73114672261717,6.244926441454633],[-73.73183791733825,6.249403346925476],[-73.7318601849386,6.250687629353399],[-73.73142318283224,6.254981703728343],[-73.73365271869488,6.259712787106988],[-73.73560586557588,6.261460748680283],[-73.73696586522993,6.261924521146418],[-73.73917756222103,6.26228572139841],[-73.73958779149622,6.2622857125592075],[-73.74010064425303,6.262031561459921],[-73.74028344649533,6.261643637613335],[-73.74048851521782,6.261411741719246],[-73.74089883160511,6.2615410120747645],[-73.74161674859273,6.262080598404877],[-73.74208048425439,6.262802988726891],[-73.74246395198718,6.264706994045529],[-73.74163901511167,6.270361174232174],[-73.7408140748532,6.273188211560076],[-73.73903938237538,6.275114518675585],[-73.7368811068218,6.277143449606242],[-73.73541408037396,6.278222559460103],[-73.73356355928313,6.2787888375171645],[-73.72901529949995,6.282538977729414],[-73.72734313389758,6.2867795470091545],[-73.72741891724901,6.287448383215525],[-73.72813688227941,6.290016892606407],[-73.72841774634324,6.290378066005206],[-73.73797811490165,6.287301285407017],[-73.74319524115313,6.28763569169743],[-73.74987054475741,6.291573056664262],[-73.74894301852709,6.297641932710598],[-73.74351181805694,6.314604333309334],[-73.74119305577292,6.319745689025579],[-73.73651100665974,6.329252497530599],[-73.7335011566502,6.334625718647651],[-73.72980006233833,6.340226367579063],[-73.71405941730933,6.359828568042163],[-73.70862826505866,6.373116710100845],[-73.69941575237425,6.388353431839995],[-73.69394002330948,6.397169083035436],[-73.6933469466646,6.397298381520128],[-73.6891331249594,6.3987341727884735],[-73.68622576066164,6.399813282407034],[-73.68483901596186,6.400763072086388],[-73.68319360834518,6.403460875619685],[-73.6831177186384,6.404785213892205],[-73.68310882741646,6.405208858700408],[-73.68362613422822,6.409957784738478],[-73.68393373357519,6.411179576541912],[-73.68411209607837,6.41180382233598],[-73.68627479634152,6.414795886541487],[-73.68751891559712,6.416468019150702],[-73.68829476868706,6.417489216108954],[-73.69186649263607,6.421738735338879],[-73.6923703960346,6.422024113625222],[-73.69304816254427,6.422287158426914],[-73.69406485297014,6.422492310555318],[-73.69542935290352,6.422755421817261],[-73.72363761653811,6.44175113338746],[-73.74823401606089,6.463382283044527],[-73.75071771336077,6.47277310640488],[-73.754704187997,6.480086039330487],[-73.75698724243935,6.483113812768263],[-73.7611342011542,6.486895085670879],[-73.76210180053936,6.490185945613048],[-73.76171388154735,6.495875758648255],[-73.76160686927948,6.4967720248973615],[-73.76408169290085,6.4964955407265],[-73.76487089728288,6.496388516361601],[-73.7655888183037,6.496272560924057],[-73.76623096806253,6.496156636520932],[-73.7686343655975,6.495461061184735],[-73.7721303364067,6.492905938503399],[-73.77559060775407,6.4900744448312695],[-73.77928268873447,6.48903097682983],[-73.78143198004184,6.489842557998306],[-73.78385772591415,6.495893550292035],[-73.78429919179484,6.49845305289294],[-73.78490115650698,6.50318866631578],[-73.78334498513735,6.520133252112592],[-73.78192255345938,6.527107272858426],[-73.77985791794494,6.535936269792265],[-73.77965728809481,6.545946979979625],[-73.78099499615439,6.552345807144378],[-73.7871574757124,6.558048929401133],[-73.79165675275519,6.560354305355885],[-73.79571897657692,6.561870382739471],[-73.79623177527937,6.562044299088316],[-73.79709239089225,6.562307443988901],[-73.79783263582488,6.562508048487754],[-73.79843455964894,6.562548189541024],[-73.79925953161869,6.562534836900064],[-73.80213115418154,6.562080005397341],[-73.80893131194352,6.559997577725069],[-73.81083534670924,6.557375672888809],[-73.81258777135281,6.553933227095215],[-73.81273936321061,6.553496258915685],[-73.81274385083044,6.5527248350628],[-73.8124584380066,6.551850807194794],[-73.81225335338127,6.550820804942651],[-73.81220425869336,6.550022577869852],[-73.81261451758598,6.548560000967687],[-73.81325660560498,6.547712766324016],[-73.8165519186794,6.543806607444135],[-73.82213020348676,6.5387945870996464],[-73.82843096158047,6.5327837137811375],[-73.83529797240112,6.524685960643335],[-73.84170572876307,6.516387615810346],[-73.8488759447597,6.515901576578175],[-73.85170296731543,6.518189048653925],[-73.86025997289292,6.521176699052936],[-73.86131233298062,6.521176639593973],[-73.86324314066674,6.520614828688003],[-73.86627534441037,6.519147792979443],[-73.86673905847849,6.518608184238106],[-73.87075227493769,6.513012085753148],[-73.80686228919761,6.460920803213116],[-73.84488947253051,6.377896804897097],[-73.85814195551936,6.330987099389049],[-73.92168633115688,6.277054222452756],[-73.98523074144975,6.223121408834709],[-73.99201304772603,6.218104968523808],[-73.99414449051433,6.217828512187796],[-74.01301098427717,6.216455082781829],[-74.02731580873683,6.21631687070634],[-74.05051651228754,6.214956805596178],[-74.05989395656486,6.213975819322992],[-74.06932498564439,6.217369221920269],[-74.08397313926451,6.221667735590969],[-74.08809331856266,6.222256367035273],[-74.08983238702588,6.222452560986882],[-74.09076877427998,6.222305430099892],[-74.0933149568904,6.221837238086454],[-74.09458579474384,6.221119308107083],[-74.09532149660069,6.220633245236823],[-74.09539731611939,6.2205128339898454],[-74.09540179717746,6.220334500236254],[-74.09539283506122,6.220205146924372],[-74.09533493978,6.2200937046267875],[-74.09527247379872,6.219986662329414],[-74.09496928496083,6.219638891918785],[-74.09490233778831,6.219456020752219],[-74.09488898419951,6.219268767759347],[-74.09496928496083,6.218970029753678],[-74.09537500044861,6.218537488090608],[-74.09545530100254,6.218506294022052],[-74.09552215835724,6.218484002103247],[-74.09564700051229,6.218457227368224],[-74.09570946636926,6.218452725499668],[-74.09580760135374,6.218475070336173],[-74.09817976377529,6.219019068968945],[-74.10010165135893,6.220120450135157],[-74.10106926435971,6.221444798848448],[-74.10110493250335,6.220035692927465],[-74.10091323855643,6.217743739615182],[-74.09909836486094,6.210925773298999],[-74.0986525078212,6.209378519355184],[-74.09810842637154,6.207688450123042],[-74.09770271677814,6.2066539457018255],[-74.0918701526025,6.19791855964633],[-74.08924821811736,6.195127213133918],[-74.08308126288236,6.191858689412382],[-74.07145636982874,6.190199850671683],[-74.07009637040692,6.188162115821471],[-74.06833058841994,6.1869402887196205],[-74.06386254856528,6.185085336279744],[-74.06270767303111,6.184728532495883],[-74.061704366951,6.184599289476934],[-74.06075456921548,6.18490696661358],[-74.05988060049978,6.18539741128513],[-74.05923843260874,6.186012823929098],[-74.0587257006805,6.186784181491826],[-74.05805681648822,6.187992637616396],[-74.05751727926071,6.189455228349895],[-74.05566675977886,6.192799546367316],[-74.04994127580386,6.199586281441144],[-74.0490672572387,6.200357686547429],[-74.047756311488,6.20094630321925],[-74.02807830929274,6.207296059573013],[-74.02160363671835,6.20462060208724],[-74.02050229830084,6.202975188921359],[-74.01990921901212,6.20259169883218],[-74.01898619927921,6.2021547260579215],[-74.01695724366114,6.201356522956998],[-74.01104894198384,6.200455812101013],[-74.00370036191266,6.20297522227511],[-74.00059238657761,6.204901566769287],[-73.99627599927602,6.208401953321448],[-73.99207545799877,6.2128610717308765],[-73.98938220312097,6.215407169868584],[-73.98606909357625,6.2176278514361405],[-73.97862234690382,6.22156968534465],[-73.97509525997057,6.222943094377668],[-73.96830401643211,6.224673159620304],[-73.96759499708732,6.2247445381556785],[-73.96676562229902,6.224677694866082],[-73.96440679919031,6.2237457371197875],[-73.9638761452121,6.223446945222295],[-73.9626499047358,6.222653210555092],[-73.96225305423177,6.222385718489409],[-73.96195422750543,6.221819361724982],[-73.95733912536456,6.220356813472777],[-73.95272839730569,6.219759246053897],[-73.95096700179651,6.219558626256462],[-73.9495089211773,6.220124944025761],[-73.94611996462162,6.222381195058139],[-73.94386367680724,6.224508215882404],[-73.94142456744575,6.226818047462902],[-73.93736230675074,6.230189139236582],[-73.93130239286882,6.227384332843659],[-73.92857788143534,6.226737784246008],[-73.92619231037409,6.2272772927107685],[-73.92251796232267,6.228998496472045],[-73.9220542012335,6.229823481093802],[-73.92151464027562,6.230438804720272],[-73.9210241453237,6.2309025587697535],[-73.92053813429135,6.231161174332014],[-73.91997183751177,6.231183459173442],[-73.91642681628235,6.231054177594942],[-73.91413932427704,6.230336218302478],[-73.9092878684482,6.2275805505174775],[-73.90790106242073,6.225988631864174],[-73.9076156979791,6.225498158012137],[-73.90741053315689,6.223955257970757],[-73.90741053315689,6.223339926065685],[-73.90743726649532,6.221721307582043],[-73.90723219119455,6.217708073892268],[-73.90630917025118,6.212696077383143],[-73.90289792897005,6.201641904810473],[-73.90115438260598,6.19850273572697],[-73.9004855779491,6.197552914489547],[-73.90028040562504,6.19726753454104],[-73.89814900498888,6.1958050135529055],[-73.8889008539372,6.190168686668733],[-73.87865383720337,6.1863338504692855],[-73.87143894692204,6.181910395172787],[-73.87161732153272,6.181397630633304],[-73.87174661610642,6.1805236343556835],[-73.87174661610642,6.179725436551301],[-73.87169762594488,6.178004245022335],[-73.87085034544658,6.1745306384175205],[-73.86977129797384,6.171293329897634],[-73.86491972819753,6.168666886058593],[-73.86371134835402,6.168100602962775],[-73.86276156214426,6.1677928765228],[-73.86170920981485,6.167663628602771],[-73.86114292205087,6.167766129045923],[-73.86101362049621,6.167868698282373],[-73.86121874422763,6.171007885307252],[-73.86034476848721,6.1737814666179895],[-73.85926566330703,6.174838300661102],[-73.856309265244,6.176479231139495],[-73.85410201014413,6.177406741455654],[-73.84926835988233,6.1788157664753305],[-73.84688271872236,6.178918345498893],[-73.8458036294962,6.178994134696704],[-73.84348928848895,6.180795657811018],[-73.83976151812368,6.184264851625737],[-73.83172180422282,6.192175243782455],[-73.82745444067545,6.198293144048432],[-73.82693714559733,6.199398978269364],[-73.81997650551348,6.203175887632748],[-73.80720560198543,6.208745269414935],[-73.79908557959371,6.211697174895905],[-73.79142929593147,6.213342638381641],[-73.78220792031448,6.210792009630261],[-73.77255396387771,6.207135528813777],[-73.7707301779424,6.2057175392148585],[-73.76767568527298,6.197285360060265],[-73.76838910761658,6.194917649269723]]]},"id":"00060000000000000646","properties":{"continent":"America","disp_en":"Landazuri, Santander, Colombia","gaul0_code":185,"gaul0_name":"Colombia","gaul1_code":1940,"gaul1_name":"Santander","gaul2_code":114342,"gaul2_name":"Landazuri","iso3_code":"COL","map_code":"COL"}},{"type":"Feature","geometry":{"type":"Polygon","coordinates":[[[-73.16361016971209,7.210660717266043],[-73.16837693435393,7.212546909850371],[-73.17160984700077,7.213068586238387],[-73.17379033319598,7.211516878476458],[-73.17687156980945,7.209068823179978],[-73.1795202996039,7.20797632022102],[-73.18604391205058,7.2109193310485535],[-73.19070812337762,7.213273750295185],[-73.19611702560826,7.217215577992114],[-73.20198963475798,7.2194049926985135],[-73.21280298543275,7.219993607981344],[-73.21638808823383,7.220033752999208],[-73.21667350067,7.2200337095357074],[-73.21692768034468,7.2200025393397],[-73.21729328813836,7.219904402990263],[-73.21752964578862,7.219801881588141],[-73.21783287806736,7.219619070661447],[-73.21805132386223,7.219418412687516],[-73.22193524909089,7.221433869248577],[-73.22696061628456,7.224207458582903],[-73.23052794186454,7.227146004841408],[-73.2352991372049,7.232229347176336],[-73.24560411344848,7.2368846396525734],[-73.24580480299302,7.236483320542481],[-73.24605453972951,7.2361132566313575],[-73.24624181959915,7.235930453826068],[-73.24657624111747,7.235729801604252],[-73.24691066213303,7.235649477948823],[-73.24712916945722,7.23564953183242],[-73.24741454257921,7.235747618838192],[-73.24759732157662,7.235850170518156],[-73.248003106613,7.236220240474622],[-73.2481191093405,7.236371886016251],[-73.24840448119227,7.236804414151471],[-73.2488369929885,7.237544661622061],[-73.24967087623672,7.239154342870699],[-73.24990719958437,7.2396537801838345],[-73.25018806946635,7.240460899807411],[-73.25035752715684,7.241045036677729],[-73.25050466636377,7.241597976730709],[-73.25077221648861,7.243390528932068],[-73.2507900351535,7.243742802781414],[-73.25080344414786,7.244161904076983],[-73.25080344414786,7.244478548774838],[-73.25078562548404,7.2452009181362556],[-73.24989829021672,7.253971922144398],[-73.2522125539574,7.271625542060942],[-73.2530106975792,7.274827156753947],[-73.25595369803621,7.28109663342894],[-73.25804058326254,7.284298289349742],[-73.26361001397119,7.289956882985892],[-73.27177456979675,7.297795978292402],[-73.27367863866475,7.299766880690306],[-73.27384807840365,7.300025571351784],[-73.27393284321636,7.300516031757829],[-73.27467304921295,7.306504626875766],[-73.27635852483604,7.3140271264195995],[-73.27938624781527,7.327190404167838],[-73.28368930790138,7.333727412343767],[-73.28511620433567,7.345031276029412],[-73.29276809165174,7.351247273035032],[-73.303666096982,7.355590396938727],[-73.30952092904622,7.354257110233598],[-73.31906340824025,7.3466410101493835],[-73.32226498399956,7.343345737856775],[-73.32543988395565,7.3384808252743206],[-73.32581448870468,7.33757121362902],[-73.32639861533907,7.336813150246708],[-73.32688908978668,7.336202196737818],[-73.32744649484856,7.335591322103148],[-73.32817779446081,7.335221248515998],[-73.32886447078522,7.334984889504249],[-73.32953783070944,7.334922506276484],[-73.33054998078282,7.334940314319989],[-73.33314964935505,7.33509637511706],[-73.3345542743485,7.335243497853228],[-73.34007912893182,7.336014976888858],[-73.34127411131558,7.336211169052348],[-73.34231760156737,7.336465318360589],[-73.34333428011074,7.336737355549257],[-73.34501976832365,7.337232270822229],[-73.34578231319865,7.33757561807501],[-73.34636197865078,7.337874389256524],[-73.34671873660263,7.338231118319442],[-73.34687030908054,7.3386636343524705],[-73.34700856827554,7.341981242991835],[-73.34700856827553,7.342360220957742],[-73.34697735426845,7.342850735042818],[-73.34685249819543,7.343595389585526],[-73.34658938267752,7.344295487466552],[-73.34617919169767,7.3453076811249645],[-73.34568867063685,7.34611927629517],[-73.34419488192803,7.348335428422293],[-73.34239334437227,7.350614056002669],[-73.34757482736775,7.370880672567556],[-73.34352156721759,7.380588134620705],[-73.34316039621184,7.381011742218773],[-73.3420232658572,7.385568958065824],[-73.34198314549428,7.3862690412974965],[-73.3418805956542,7.387963514188844],[-73.3421615281275,7.3942864798472785],[-73.34325844767731,7.39689509091313],[-73.3447834571312,7.397345432230781],[-73.34645121317058,7.398027647918448],[-73.3471289265664,7.3984825245640975],[-73.34756151422413,7.398897195704579],[-73.34787365325629,7.399543792160809],[-73.3484042885841,7.40112227447925],[-73.34857367063466,7.40777973390354],[-73.34850233768945,7.411654686135129],[-73.34862278510795,7.4193823409439235],[-73.35225245793693,7.425607195624258],[-73.35566367092827,7.426614974476065],[-73.36386392766364,7.423538153857101],[-73.37061505935908,7.418004477127121],[-73.37065067723209,7.41291212623898],[-73.37575188768164,7.407142081958227],[-73.37652331882629,7.406825444516496],[-73.3774597895493,7.406727349155772],[-73.37827573538144,7.407048430183234],[-73.3788286916324,7.407632562504014],[-73.37929692251222,7.408368304026585],[-73.37962691404677,7.409402809490437],[-73.37971163787549,7.410102940235113],[-73.3945782667694,7.40887670440453],[-73.39523370594713,7.408582379466066],[-73.39565288739539,7.408016036416615],[-73.39663837878065,7.40350792672362],[-73.39206774002248,7.403044129478895],[-73.38324770386949,7.402406527460917],[-73.37275985649687,7.397309793579568],[-73.37222028632289,7.396012152113006],[-73.37168080474883,7.393497238059058],[-73.37173423129343,7.39290418441619],[-73.37214455391221,7.390728088017927],[-73.3723496249868,7.389818459020817],[-73.37260380491773,7.389461724108233],[-73.3729739213044,7.3890782418795],[-73.3731433741365,7.388940006161589],[-73.37344657205254,7.388841923340645],[-73.37373636806211,7.388890960758279],[-73.37390582029774,7.38902922500887],[-73.37398613917203,7.3892967811185715],[-73.37482890092815,7.3912052799141765],[-73.37806617286763,7.388181959337944],[-73.37919439028943,7.3861263559696],[-73.3819901747658,7.378733109763285],[-73.38209279560256,7.378238209819497],[-73.38213731558234,7.377792296004104],[-73.38217302149887,7.377364173511354],[-73.38219982341724,7.376873714432127],[-73.38214181254948,7.376458967269117],[-73.38202588070664,7.375964045133581],[-73.38192334977755,7.375642996569529],[-73.38169148579546,7.37499638925163],[-73.38153535071629,7.374653040912298],[-73.37797254422827,7.371558466940088],[-73.3746861623214,7.369676679282908],[-73.37164509710142,7.368115986515287],[-73.37227380267788,7.362524305605435],[-73.36978568293871,7.351666397988855],[-73.36641013044775,7.337869920625642],[-73.36789054456015,7.330311740160697],[-73.3701290007292,7.3252952392204],[-73.37059275321339,7.315360408512678],[-73.37016911589795,7.311918009431136],[-73.36617824985682,7.2989598057584395],[-73.36049736782657,7.287977096106049],[-73.3565287214982,7.282947181896358],[-73.36166120609455,7.2708050870332155],[-73.36817144343001,7.257922752695053],[-73.37808847824355,7.243265641434258],[-73.38405922087713,7.232791219025339],[-73.39698615058228,7.209523596439822],[-73.4006069190288,7.206393358194128],[-73.40699682741412,7.202241934014474],[-73.4126777456904,7.200538510332018],[-73.42357135753785,7.195125171025105],[-73.42789665373698,7.192476521658473],[-73.43243155220537,7.189310519576565],[-73.43429096498147,7.186215929173149],[-73.43700663711495,7.1809809463349],[-73.4362842475967,7.180793623257959],[-73.43455855939665,7.1800534216593155],[-73.43107153335468,7.178305494964164],[-73.42727683275854,7.169579027318708],[-73.42719653375397,7.16765267301911],[-73.42621558861362,7.1619583706521945],[-73.42496703291287,7.156393433394921],[-73.42379427414888,7.153798221618056],[-73.41811787640978,7.150155195016878],[-73.41789936019562,7.150155160630835],[-73.41738211434443,7.150271135642093],[-73.41711009216493,7.150520827280262],[-73.41694508019549,7.150824049489558],[-73.41652594023034,7.151631143929375],[-73.41238341572563,7.159795770041336],[-73.40925763000841,7.1593944272259735],[-73.40566353627221,7.1528484274821],[-73.40375953975209,7.151876384886923],[-73.4014497567709,7.15118966503519],[-73.40129363598692,7.151189699744204],[-73.40111530202664,7.151189708691708],[-73.40099488380251,7.1511897111296765],[-73.40086556228893,7.151260999852712],[-73.39478781326542,7.156295321474332],[-73.38748378368629,7.152380255350607],[-73.37900704400596,7.1469758466669155],[-73.35613186187415,7.140478920589069],[-73.35153005433392,7.133821497356991],[-73.35046438995244,7.130891833184908],[-73.34897504170154,7.128260960701085],[-73.34662509444337,7.125607803030795],[-73.33772917572,7.119480987528433],[-73.33651186427812,7.118664954815079],[-73.3361327799465,7.118428652605939],[-73.33528114219526,7.118045144026379],[-73.33314524133361,7.117469990970088],[-73.31808683150386,7.110495890820876],[-73.31715937196303,7.111766770064388],[-73.31656181568182,7.117162250288653],[-73.31669559573756,7.117563629751261],[-73.31671340908112,7.117898053378331],[-73.31665987907968,7.118196765585828],[-73.31662425238241,7.11828599872485],[-73.31652609900216,7.118517849232237],[-73.31619169343439,7.118999415607466],[-73.31498325883871,7.120288073790739],[-73.31488519469087,7.1203549817292995],[-73.3147336000274,7.1204040068683065],[-73.31459981877441,7.120417437675304],[-73.31456860013806,7.120421906417464],[-73.310604426989,7.120573499797858],[-73.3065287987176,7.120493228775797],[-73.30443310460898,7.119623664689961],[-73.29987582540176,7.1159182075058185],[-73.28459009471128,7.101323553370415],[-73.2694067887128,7.088686456695871],[-73.26047966736657,7.0809811334386845],[-73.26050198471833,7.068509002517317],[-73.2602611731751,7.05635795930557],[-73.25289919702455,7.052273393945997],[-73.24652719385949,7.051836427687158],[-73.23758664315623,7.050026009825327],[-73.23586100347242,7.049290265767311],[-73.23538832670694,7.048924620139676],[-73.23320339864009,7.047167790451585],[-73.23156241602071,7.044710804108544],[-73.23124579219706,7.0441399977999755],[-73.23081774631378,7.043328509745381],[-73.23051453164955,7.042717592250533],[-73.21984388542114,7.042093328526361],[-73.20444220318302,7.041963995239144],[-73.20230629995984,7.042730998591436],[-73.19743250483403,7.044907029680588],[-73.19728533068964,7.045129974685743],[-73.19725859629344,7.045495625155897],[-73.19802111043356,7.05411946900183],[-73.19876129846517,7.059755835971984],[-73.19872565283694,7.068121078889999],[-73.19720503747668,7.07997337945896],[-73.19670122391528,7.081418159976854],[-73.19472583539427,7.086314180765523],[-73.19260775315131,7.090603867345883],[-73.18847414977827,7.097765160276364],[-73.18620441639155,7.101501928981459],[-73.18482657787371,7.103619993243826],[-73.18350670401833,7.105813875600248],[-73.18167847422413,7.110371023878684],[-73.18063053691944,7.114522456036832],[-73.17961833342763,7.1201632567291275],[-73.1793865270264,7.121732820333138],[-73.17944891222886,7.125366984168164],[-73.1801980734431,7.12707934327501],[-73.18106308958816,7.127387000591171],[-73.18207978764205,7.128969989653689],[-73.18330154764885,7.134111338883122],[-73.1833372857398,7.13441451572906],[-73.18348887999713,7.135993028273712],[-73.18358250110278,7.137130121369234],[-73.18358250110278,7.137317409110776],[-73.18356017607341,7.137544852225153],[-73.18351111501323,7.137772249336943],[-73.18336843278674,7.13794172016486],[-73.17497198749939,7.143952572829439],[-73.16443068553195,7.152438230933579],[-73.16052452107132,7.1602639348234955],[-73.16029260506808,7.166863449218861],[-73.16072519664499,7.172941149835388],[-73.15673875073603,7.185011985102791],[-73.15656481085125,7.187116649884806],[-73.15702405867431,7.191223498794116],[-73.15888795966958,7.204288680942839],[-73.15924916017659,7.205220594683942],[-73.15937853319924,7.20550599262542],[-73.15994031916344,7.206598500437108],[-73.1617997847594,7.209661898223586],[-73.16204061207685,7.209938293345629],[-73.16213424206761,7.210045344200125],[-73.16228134910953,7.210188073284319],[-73.16239730612298,7.2102861444453445],[-73.16253108875264,7.210370867938332],[-73.1627361739494,7.210428813521777],[-73.16340508530674,7.210625028827156],[-73.16361016971209,7.210660717266043]]]},"id":"00060000000000000647","properties":{"continent":"America","disp_en":"Lebrija, Santander, Colombia","gaul0_code":185,"gaul0_name":"Colombia","gaul1_code":1940,"gaul1_name":"Santander","gaul2_code":114343,"gaul2_name":"Lebrija","iso3_code":"COL","map_code":"COL"}},{"type":"Feature","geometry":{"type":"Polygon","coordinates":[[[-73.00417060887047,6.824243888193462],[-73.0037960120799,6.827989566087994],[-73.00409033817999,6.829648360380307],[-73.0053032244833,6.831811020533672],[-73.0053254767397,6.8318466789508],[-73.00535223349866,6.831882342639739],[-73.00537899025456,6.831922491112515],[-73.00541016142087,6.8319581568533785],[-73.00544142267312,6.831993825874475],[-73.00547709833337,6.8320294969185875],[-73.00554394513678,6.832100833845517],[-73.00562871982903,6.832172188627506],[-73.00570448549509,6.832234642138759],[-73.00592745803262,6.832408550064138],[-73.00596313361895,6.832435330517352],[-73.02204713431225,6.844822664964683],[-73.03429629970425,6.851627270513501],[-73.0427774373907,6.858244541813493],[-73.04476620924748,6.861352549334994],[-73.04604157602154,6.864424873182395],[-73.04659445196366,6.866930925190914],[-73.04692439343131,6.867546244501401],[-73.04718749957298,6.8679074192675404],[-73.04919415824641,6.869775832723412],[-73.05308249420682,6.872941775506083],[-73.06265610309049,6.879492163506847],[-73.06604506454038,6.881485425603188],[-73.06692798591101,6.881984792644602],[-73.06852431504471,6.882881073467789],[-73.07741128232654,6.886586624482387],[-73.08556698967152,6.889485055333673],[-73.09049433509607,6.894109132137387],[-73.1005941942226,6.905216728293696],[-73.10565971618493,6.910536462235358],[-73.1095881630168,6.909840831047215],[-73.1138734026061,6.908788511650947],[-73.11616979264721,6.906866608887902],[-73.11854648074198,6.905181063088467],[-73.12008491252713,6.9044497573124435],[-73.13963357423654,6.89791717699161],[-73.14696432889768,6.89552713794971],[-73.16165267740475,6.888000163620549],[-73.1705039765938,6.884245614792691],[-73.17615813678373,6.884330340041342],[-73.17428528559834,6.882247893242052],[-73.1712263399666,6.875345237418982],[-73.16821641733986,6.853673953670466],[-73.16774377824675,6.849032052696593],[-73.16962550616228,6.841857345089181],[-73.17107023621286,6.838464032890212],[-73.17178818655256,6.837219903275103],[-73.17673329451203,6.830196861663846],[-73.18307865705958,6.816141735278104],[-73.18591464430982,6.809783032987042],[-73.19018197089453,6.805007390829582],[-73.19665216571829,6.799995347799963],[-73.1981370490823,6.798996518679146],[-73.19905114402037,6.797275289857484],[-73.19948366130436,6.795455943331344],[-73.20083926679428,6.787135316621373],[-73.2011335203185,6.785124203597169],[-73.20099084926358,6.7830195414600505],[-73.20061630355823,6.778903747733321],[-73.19943019303172,6.772634328696769],[-73.19843580686197,6.768184101731365],[-73.19798096396205,6.7657003909300695],[-73.1977981444014,6.765196531304746],[-73.19753503159694,6.764527634758424],[-73.19709800981973,6.764023775977807],[-73.1950780670268,6.762650342004272],[-73.19415504434798,6.762579042297699],[-73.18619550448777,6.759872354595706],[-73.1796406588471,6.756349614698176],[-73.17612239755583,6.749950811595465],[-73.17435658458186,6.744158449653916],[-73.17130664243228,6.738111931025906],[-73.17085624605929,6.7373762064409615],[-73.17028989587875,6.736823284966168],[-73.1696522438349,6.736555680564631],[-73.159686165205,6.73357705675092],[-73.15408111120814,6.73198959707878],[-73.15093744151996,6.73111559016593],[-73.14646940685508,6.730370895625354],[-73.14532343805483,6.730179179967789],[-73.13723459606248,6.730103364010582],[-73.12217620866701,6.729983025843135],[-73.10894610857295,6.726830390831838],[-73.09417754987561,6.733496725192427],[-73.0864989183329,6.733180196918692],[-73.07742911463895,6.7328680217148245],[-73.07379498699197,6.733692995425766],[-73.06933139194744,6.736029489236545],[-73.06819881754772,6.736774204780197],[-73.06763248323448,6.737157718933467],[-73.06523797616926,6.740800737033511],[-73.0574657900012,6.75252817373551],[-73.04924766170116,6.759555784117322],[-73.04014658288706,6.764902224774388],[-73.02532903937674,6.782105387428778],[-73.02527994446355,6.7859046031703745],[-73.02408049397297,6.7912822225437965],[-73.02190444174155,6.797846047013967],[-73.01531832809574,6.805725317371166],[-73.01045343937544,6.813970185303982],[-73.00861185055692,6.817158393733483],[-73.0083264489396,6.817983357955651],[-73.00817933363935,6.819057959299557],[-73.00832203458106,6.819989935849099],[-73.00846023099099,6.820814856528996],[-73.00838888057311,6.8217869777202065],[-73.0078136620796,6.822790277165187],[-73.00687727362173,6.823829262409208],[-73.00536565692202,6.824435668927482],[-73.00473691736067,6.824493633409752],[-73.00464772791825,6.8245025323325486],[-73.00417060887047,6.824243888193462]]]},"id":"00060000000000000648","properties":{"continent":"America","disp_en":"Los Santos, Santander, Colombia","gaul0_code":185,"gaul0_name":"Colombia","gaul1_code":1940,"gaul1_name":"Santander","gaul2_code":114344,"gaul2_name":"Los Santos","iso3_code":"COL","map_code":"COL"}},{"type":"Feature","geometry":{"type":"Polygon","coordinates":[[[-72.6234346826319,6.440698782585749],[-72.61095366924992,6.4467810095652185],[-72.60146915552254,6.455088331969543],[-72.59670235773403,6.462093591906669],[-72.58782880815936,6.472180045104734],[-72.58494371764603,6.47488675782444],[-72.58462271887956,6.475167694821775],[-72.58319577211527,6.476144172272079],[-72.56894004138675,6.482770457621157],[-72.56654994605998,6.48377821880161],[-72.56158250623909,6.485740157845893],[-72.55628509286896,6.486747915002133],[-72.55573219536768,6.486814842632504],[-72.55530411868055,6.486850491863862],[-72.5483300610839,6.487095753182172],[-72.53923796408651,6.487974197867354],[-72.53438644183915,6.496049637091708],[-72.53688803332993,6.497574645144011],[-72.54339828712986,6.5016324036196655],[-72.54365245524163,6.5018865983289125],[-72.54439266430361,6.502675890988721],[-72.54462453767795,6.50297904765631],[-72.5448787045969,6.503589977381438],[-72.54503476079641,6.5042275867561905],[-72.54548072539636,6.509092490878154],[-72.54946711505858,6.5214709357074465],[-72.54941810576969,6.522233503964372],[-72.54921737517927,6.522946951513846],[-72.549065834312,6.523303658824055],[-72.5475719922632,6.526161909221312],[-72.54663114988935,6.5278474611033825],[-72.5431842838867,6.533390104341957],[-72.5390417386807,6.53811677291643],[-72.53642869544622,6.542303881097623],[-72.53673639505304,6.551837439691417],[-72.53684344446476,6.552599960201851],[-72.5371243361363,6.5536434034406135],[-72.53725367978987,6.554102642583788],[-72.53756128816629,6.5546868074012705],[-72.54009859217526,6.559038891471377],[-72.54527556913884,6.5698566592005845],[-72.54229685903633,6.579577503395893],[-72.54221661878488,6.583465851168594],[-72.5480758975241,6.586645207001498],[-72.54981938597456,6.5879561582146575],[-72.5500646124626,6.588103285019594],[-72.55077366500844,6.588477867006966],[-72.55195529462765,6.589062002529247],[-72.55249926485027,6.589258235629111],[-72.5526018852877,6.58928498288338],[-72.55279810050591,6.58931617823053],[-72.55381031236075,6.589445506900943],[-72.56013332082696,6.590029640622618],[-72.56486442061357,6.586243879237714],[-72.56691112866196,6.582105800162452],[-72.57404126856353,6.576286682389539],[-72.58485455637553,6.567974900667446],[-72.59441485186953,6.563547068031389],[-72.59994863384715,6.558539498195957],[-72.60203549115403,6.55537795481849],[-72.60628946573638,6.536542745951139],[-72.60640090806093,6.535423495051836],[-72.6065703724911,6.534331015522005],[-72.60806414518015,6.528556501734821],[-72.60834062843323,6.528030265907158],[-72.60867955462653,6.527401602894218],[-72.6090808332774,6.5269155008243676],[-72.60977645965968,6.526139651518329],[-72.61070841017691,6.5253414511806875],[-72.61691552225703,6.521689494832544],[-72.63389130438797,6.510421282205262],[-72.63810956269347,6.507942047207446],[-72.63748087050128,6.507090382010904],[-72.63694131999785,6.506479465867267],[-72.63662029593011,6.506229788967895],[-72.63270959852063,6.503638998020232],[-72.63005202610758,6.502551016496804],[-72.62776445618391,6.500736131663431],[-72.62698857437566,6.4991487198847135],[-72.62612796449825,6.495255898582453],[-72.62499539821428,6.486623053336401],[-72.62701537251894,6.4710296297284],[-72.62925377453072,6.46661512537834],[-72.63362820229449,6.461977624831034],[-72.63386450696491,6.461736839159016],[-72.63438177793805,6.461219590310324],[-72.63510864429375,6.460684531996524],[-72.63606729989944,6.460131578931317],[-72.63628582776093,6.460015632308953],[-72.63653106235563,6.459922010438344],[-72.6452798644346,6.443637318455512],[-72.64907010379234,6.436400268761946],[-72.64124433888924,6.436765912877744],[-72.62960611714671,6.439535002799587],[-72.62557954751097,6.440328679826178],[-72.6234346826319,6.440698782585749]]]},"id":"00060000000000000649","properties":{"continent":"America","disp_en":"Macaravita, Santander, Colombia","gaul0_code":185,"gaul0_name":"Colombia","gaul1_code":1940,"gaul1_name":"Santander","gaul2_code":114345,"gaul2_name":"Macaravita","iso3_code":"COL","map_code":"COL"}},{"type":"Feature","geometry":{"type":"Polygon","coordinates":[[[-72.75349774561393,6.783666111969665],[-72.75373853728485,6.783148827987425],[-72.75592350811422,6.776607370102741],[-72.75680640114199,6.773566224951398],[-72.7570427706424,6.768371407088913],[-72.75698027388297,6.762289140352949],[-72.75601711837159,6.758053030608005],[-72.75502275558749,6.753678678973626],[-72.75488008503372,6.752960745722744],[-72.75482209691543,6.752563846300851],[-72.75483544410405,6.752162549692734],[-72.75488008503372,6.751814740835109],[-72.75496476750253,6.7511859893858475],[-72.75501833658927,6.750900670204603],[-72.75504954012607,6.750748988303035],[-72.75540621611343,6.749371152035663],[-72.75551326390148,6.74907686814216],[-72.75768487207877,6.7452643658344975],[-72.76312941062852,6.737639276585294],[-72.76553289471451,6.735284893029476],[-72.76971999830512,6.731846872298433],[-72.77428162504665,6.7259519597149335],[-72.77534733012588,6.724462593858338],[-72.77246672359304,6.7210201545859185],[-72.77219925760993,6.72068579166479],[-72.77199852266658,6.720382550187301],[-72.7708391985309,6.718237705177851],[-72.7707321573617,6.717983512995307],[-72.77067417295164,6.717787338140606],[-72.77065640789638,6.717430614334482],[-72.77065640789638,6.7171363505742345],[-72.7710354255245,6.712726244760575],[-72.77156152231194,6.710670610697803],[-72.77159281394368,6.704882721271714],[-72.7716105789317,6.695848578172343],[-72.771548176024,6.692557776405742],[-72.7706652453352,6.685579270285536],[-72.77039326850212,6.683608303639221],[-72.77033528401265,6.683291737252311],[-72.77011678246286,6.682787831695447],[-72.76998746696862,6.682542649296274],[-72.76323194605148,6.68482569239978],[-72.75876390537165,6.685342890496504],[-72.74728623190241,6.686502287934304],[-72.7418193402218,6.687617082773523],[-72.73518868928304,6.690823154249288],[-72.73155451381419,6.683617288826017],[-72.73216538440296,6.6817578477509185],[-72.73198256532396,6.679648659688755],[-72.72558381326859,6.675867314139784],[-72.72437087750416,6.6751583201646385],[-72.72393388366407,6.674984461517792],[-72.7230019883683,6.674681223632199],[-72.72110237959326,6.674351234157605],[-72.71567568409438,6.673686801111326],[-72.71498891664487,6.673633292623915],[-72.70764929906606,6.673610994136546],[-72.70858125144339,6.677700007886446],[-72.70765371890258,6.684723088145301],[-72.70729255486265,6.6944484352623395],[-72.70778306673662,6.701435794743869],[-72.70879078691104,6.712516707997765],[-72.70743074256364,6.7177427853913665],[-72.70726576520164,6.7238160468213115],[-72.70551784639689,6.738143174322611],[-72.7147838060646,6.747779235039151],[-72.71509598177558,6.748091415828784],[-72.7155419206318,6.748479313270364],[-72.71574252069999,6.7486532653677775],[-72.71775356358938,6.75031202604387],[-72.7227299594316,6.754387666786356],[-72.7297263125296,6.759417493768369],[-72.73497466636903,6.762744012314082],[-72.73951844252589,6.76524552300728],[-72.74301442416056,6.76797004765946],[-72.7486551681607,6.772429137660109],[-72.75047448261668,6.774150346275465],[-72.75071527721705,6.774386716649985],[-72.75091142994945,6.774698880263404],[-72.7510631212897,6.775015474425097],[-72.7511700807641,6.775554999005678],[-72.75120579403536,6.7759429123905015],[-72.75121021310139,6.776161428066061],[-72.75117459001581,6.776513694377817],[-72.75112552935288,6.776803523249597],[-72.75104526464446,6.777093395784055],[-72.75096941898046,6.777365371023282],[-72.75088473514991,6.777699840543952],[-72.7508178177682,6.77807437466791],[-72.7508178177682,6.778399915724298],[-72.75086687849186,6.779238253858492],[-72.75089808255004,6.779586058982959],[-72.75099620395602,6.779956167820971],[-72.751357395011,6.781088730051285],[-72.75153127156644,6.781409781555446],[-72.75166059668489,6.7816371830974544],[-72.75192366577328,6.7819850428207085],[-72.75216896820334,6.782279332503314],[-72.75334614594408,6.78358135797993],[-72.75349774561393,6.783666111969665]]]},"id":"0006000000000000064a","properties":{"continent":"America","disp_en":"Malaga, Santander, Colombia","gaul0_code":185,"gaul0_name":"Colombia","gaul1_code":1940,"gaul1_name":"Santander","gaul2_code":114346,"gaul2_name":"Malaga","iso3_code":"COL","map_code":"COL"}},{"type":"Feature","geometry":{"type":"Polygon","coordinates":[[[-73.07072713027671,7.199548600381224],[-73.06709740051066,7.20171130341342],[-73.05679242603952,7.220702575489119],[-73.05528968967455,7.232523711411008],[-73.05516043803989,7.242989190848981],[-73.0583129864495,7.246783865922166],[-73.05977111903266,7.248763754625488],[-73.06072089531175,7.252339886689022],[-73.05785372097273,7.265859934382913],[-73.05758612342984,7.267068304976136],[-73.05752370497503,7.267331447766241],[-73.057403281444,7.267616779701532],[-73.05710451913014,7.268299020412214],[-73.05696184805512,7.268584455666646],[-73.05181608324524,7.277136945404029],[-73.05171799465407,7.277243979302274],[-73.05085293975563,7.277770192620992],[-73.05062550652373,7.277899455550754],[-73.05001463327072,7.278220556651391],[-73.04980053001174,7.278318629800143],[-73.04767804175826,7.279054388743897],[-73.04688431047704,7.279326395904789],[-73.04664795601727,7.279326374728813],[-73.0464205186672,7.279277322676132],[-73.0461664190912,7.279170348148154],[-73.04586764231122,7.279027664312897],[-73.04564020419734,7.278893895633327],[-73.03298528717804,7.277359918697771],[-73.02124890158309,7.2803207759679704],[-73.00814807275225,7.29431787709019],[-72.99584987869267,7.298620934107233],[-72.99185896243192,7.304627359485473],[-72.98817133416799,7.309728524908439],[-72.98752029464984,7.3104687758496025],[-72.98689601219202,7.31091915470488],[-72.98649021419217,7.31120453628646],[-72.98598638941462,7.3115389229860765],[-72.98216937717083,7.313469760548124],[-72.98183492953096,7.313612438266707],[-72.9810456600513,7.3139200911056115],[-72.98025197304354,7.314156467417348],[-72.9788607393208,7.314535490775065],[-72.97833455332466,7.314606782337123],[-72.97863774111813,7.321732475520136],[-72.97946269826485,7.3287956892102875],[-72.97950279276651,7.329063245497466],[-72.97953847236224,7.329232634351212],[-72.97967227079815,7.329790046746707],[-72.9805462385121,7.332336160527676],[-72.98066219666539,7.332545777643324],[-72.98102340549683,7.33302735190833],[-72.98125523117766,7.333294904279129],[-72.98144696246628,7.333504448611353],[-72.98180817009532,7.333834425125812],[-72.9824592254016,7.334387349139396],[-72.9830522553927,7.334851124880166],[-72.98383710333401,7.33544421583163],[-72.98557608496357,7.336634762555234],[-72.99292028230624,7.3400593872840565],[-72.99729461745758,7.338864298996488],[-73.00199455172249,7.3442999562867355],[-73.00501781883742,7.3497177902715105],[-73.01128729363394,7.35446670483822],[-73.01708410219393,7.3587875510427585],[-73.01295499324252,7.365868626566769],[-73.00965525717241,7.37000669009625],[-73.00524971095116,7.383401831461092],[-73.00374249820383,7.388605569845805],[-73.00227545648325,7.394745751317099],[-73.00035803606343,7.41329559628264],[-73.00779131997024,7.423399980358579],[-73.01600946885387,7.434672531963553],[-73.02326893588034,7.445097932701512],[-73.0233046088228,7.445329794298118],[-73.02338036876584,7.445673178225219],[-73.02345621876744,7.445900580429606],[-73.02395113491883,7.447300736665883],[-73.02588637852067,7.449392074886322],[-73.02676485833538,7.45025265851734],[-73.02716617261382,7.450618305017561],[-73.02854405809046,7.451675132481651],[-73.031874965318,7.453672786109584],[-73.03321715154912,7.454381773126005],[-73.03530401058418,7.455287020385116],[-73.0421041209029,7.457677103575451],[-73.0452255006239,7.458889939439858],[-73.07851274024813,7.45728021111996],[-73.08205772389769,7.457347060503531],[-73.08876865497504,7.457877706971652],[-73.08669965894732,7.448116736126674],[-73.08484462528851,7.447153557848541],[-73.08314123769784,7.446020948259448],[-73.08260619091637,7.445637519868847],[-73.08229845514883,7.44536993660453],[-73.081647498534,7.444602945802917],[-73.08162957648717,7.4442774821468936],[-73.08162957648719,7.444121418343973],[-73.08166974348461,7.443376763156689],[-73.08240994974713,7.4374460995796765],[-73.08289600432468,7.434864340493721],[-73.08417134109888,7.431078520445524],[-73.08723919913938,7.422472433711151],[-73.08737293574657,7.422187059130311],[-73.08750667227612,7.4219016853919415],[-73.08766274315816,7.421687643110002],[-73.08873740493394,7.420599664051438],[-73.08931269319514,7.420046708186771],[-73.0897540647576,7.419645424782196],[-73.09036942590062,7.419302071021584],[-73.09125234423874,7.418749095354876],[-73.0920594316605,7.418004430413645],[-73.09244298180924,7.417567455458007],[-73.09273278283577,7.417148280724179],[-73.09309841070747,7.4166132256631165],[-73.0954484114387,7.41247071724984],[-73.09960874085219,7.401929418860865],[-73.10685919408186,7.394812627631214],[-73.10797401851265,7.393746937999376],[-73.1087409749507,7.392649985424511],[-73.10898176830594,7.392199613554273],[-73.10911107981636,7.3916020686305215],[-73.11032836941362,7.383089646945853],[-73.1089772658147,7.379357445521802],[-73.10625279215151,7.374456846655261],[-73.10173120205786,7.371540602473778],[-73.10029098517857,7.363652477007206],[-73.10547691232084,7.353342988048092],[-73.11445754259196,7.337143086094465],[-73.11877834923276,7.328140196066298],[-73.11818530570417,7.325228357422619],[-73.1131019609419,7.3222229854298435],[-73.10883903929083,7.3180982926496645],[-73.1087320600086,7.317928808227671],[-73.1087320600086,7.317710364135658],[-73.11070738658078,7.3118376835494425],[-73.11252222987046,7.293706970806757],[-73.10605657116564,7.289493154664767],[-73.10359069212046,7.289702703391301],[-73.10312251160188,7.289653646199819],[-73.09450301069855,7.288480899712722],[-73.09140399980161,7.2880216329178],[-73.09103386639343,7.2878521728638965],[-73.09076630729861,7.287615843953841],[-73.09048091659166,7.2873126394911845],[-73.08998154954573,7.286728548735146],[-73.08155824852831,7.274350011893396],[-73.08125501439625,7.273899667420381],[-73.08083587158028,7.273244147337035],[-73.08045239216116,7.272642226293766],[-73.08020274293406,7.272223030048554],[-73.08006891210435,7.271870791223812],[-73.0799173391395,7.271469454088715],[-73.07986825577542,7.270880880015221],[-73.07987275883677,7.270546454223435],[-73.07987275883677,7.270212016681247],[-73.07987275883677,7.26945842902067],[-73.08004216394131,7.268941139359431],[-73.08029631639535,7.26841940129846],[-73.08063080293313,7.267853104790426],[-73.08091620584467,7.267434001847098],[-73.08158949954331,7.266613500550109],[-73.08202205998725,7.260473300476088],[-73.08178123838698,7.247394774290182],[-73.08418466991144,7.230637466826077],[-73.08472421599458,7.228795901241617],[-73.08782331684041,7.222156237177132],[-73.09045867249203,7.21670725189921],[-73.0904541696376,7.215748508638477],[-73.09039617286454,7.215449754891207],[-73.09031151916335,7.215159970454917],[-73.09019111272835,7.2148165702623],[-73.09007511903503,7.214633770149382],[-73.08978531466066,7.21424135536593],[-73.08965599226768,7.214107622530514],[-73.08953558548968,7.2140139786850295],[-73.08460830960657,7.210593808516491],[-73.08392601876226,7.210174689543147],[-73.08288708838002,7.209550380684009],[-73.08209780076017,7.209104496619265],[-73.08032756758139,7.208261699019751],[-73.075948757833,7.206339829064455],[-73.07229668411368,7.20524286182144],[-73.07209160787944,7.205109138970913],[-73.07189094461592,7.204895070200586],[-73.07175719903151,7.20473903287427],[-73.07100804219891,7.203842759317133],[-73.07086537969437,7.203651000784637],[-73.07053087900694,7.203111410578463],[-73.07032580120554,7.202750254600703],[-73.07025446975369,7.202045686526928],[-73.07025446975369,7.2017603028184745],[-73.07029454866559,7.200971064338694],[-73.07030796834464,7.200707962811767],[-73.07034363406504,7.200395832616281],[-73.07044171476781,7.2001193930497385],[-73.07060671361558,7.199735928504165],[-73.07072713027671,7.199548600381224]]]},"id":"0006000000000000064b","properties":{"continent":"America","disp_en":"Matanza, Santander, Colombia","gaul0_code":185,"gaul0_name":"Colombia","gaul1_code":1940,"gaul1_name":"Santander","gaul2_code":114347,"gaul2_name":"Matanza","iso3_code":"COL","map_code":"COL"}},{"type":"Feature","geometry":{"type":"Polygon","coordinates":[[[-73.00123201702678,6.358584498963773],[-72.99578744372289,6.3582722935504545],[-72.98925933917451,6.358276813928349],[-72.98396639441552,6.3584150406347915],[-72.97768799166471,6.3596858917227745],[-72.97293008671215,6.362218615828137],[-72.97044639809792,6.363707977018679],[-72.96823470840488,6.365108140038782],[-72.9676951632674,6.3654960461103505],[-72.9635659983559,6.3679975909992885],[-72.95772903516128,6.371212663945528],[-72.95168692670093,6.372875856090721],[-72.94696472436279,6.373611658869267],[-72.92276967162816,6.381303545490823],[-72.91249145010504,6.378886723455471],[-72.91361513105723,6.383707074675239],[-72.91358836393513,6.404811926281765],[-72.91185381199323,6.411233072172498],[-72.91109576396678,6.413186121761159],[-72.9101281699912,6.4154692036044105],[-72.90955739946938,6.416503710736622],[-72.90717624518744,6.419799039891942],[-72.90608822465369,6.420855833877877],[-72.89840073950766,6.4273839010277545],[-72.89266628533612,6.432694702204582],[-72.88036364764818,6.4487965509419025],[-72.8760873986246,6.455378189532771],[-72.87330929697202,6.473861113170935],[-72.87323348914295,6.4770137440529405],[-72.87346091255884,6.480313445800798],[-72.87454006664993,6.48161108161162],[-72.87479867711717,6.481753717668487],[-72.87564589712987,6.482204112181242],[-72.8760204252975,6.482248722031159],[-72.8767517225455,6.48218181228265],[-72.88000246658484,6.491916051915365],[-72.88139815303137,6.49865371116725],[-72.89242995687721,6.504191908091818],[-72.88977678895515,6.509694509348517],[-72.88333789499765,6.514742161422066],[-72.88010945988358,6.516146829636342],[-72.87295261236555,6.515214816704893],[-72.86996056936017,6.516124466966616],[-72.86827942751164,6.520547896696721],[-72.86790047038392,6.521890131634419],[-72.86735195503117,6.524734997558932],[-72.86744119590458,6.52593900497122],[-72.86783800189458,6.527588851172124],[-72.86724495608198,6.529943223519283],[-72.86541226496537,6.53669434687508],[-72.86160423262284,6.5440339820665825],[-72.8569533652181,6.550249995319167],[-72.85471935222297,6.554816119792647],[-72.85406389240453,6.56170544621785],[-72.84911872412135,6.565571498060819],[-72.84873964689058,6.565803318553179],[-72.84669298022546,6.56636519746794],[-72.84574766556476,6.566574809756675],[-72.83667783108952,6.567988267616199],[-72.83439476802826,6.567957064550452],[-72.83380614827874,6.567912527673188],[-72.83296338007986,6.573464061249375],[-72.83853724411088,6.587791162276957],[-72.84533297363252,6.597828620290799],[-72.8552767305655,6.602617680863165],[-72.8651268719465,6.608900576160872],[-72.86534096181373,6.609105711420582],[-72.86592508815143,6.609850383841337],[-72.86625951787367,6.610577177384737],[-72.87106191375267,6.623958954174011],[-72.87277422479471,6.630518281162292],[-72.8742056483818,6.630179417519459],[-72.88082289755786,6.628404631008529],[-72.88305693984393,6.627704610957832],[-72.88421627208731,6.627704550829473],[-72.8977317884943,6.630767966511199],[-72.89792358708902,6.631940736576481],[-72.89787455588389,6.633831384640007],[-72.89774521800614,6.634223785057593],[-72.8968266016125,6.635655140358877],[-72.90178963005071,6.644983633187056],[-72.9125806742425,6.649357962053136],[-72.91621035605915,6.64880060770212],[-72.91654480601827,6.648742638587601],[-72.91672316111386,6.647908802344729],[-72.91676777239792,6.6468474777295805],[-72.91691043832728,6.640627050288135],[-72.91654480601827,6.63611894295444],[-72.91593836164901,6.634036545136817],[-72.91584021647282,6.632703256749446],[-72.91628173426267,6.631147023818859],[-72.91723145888812,6.628587458578499],[-72.91827049188163,6.625840718466722],[-72.91856474405152,6.625185186787367],[-72.92349208476026,6.615393046256597],[-72.93297211256316,6.605627542621634],[-72.93347154423114,6.605123691828971],[-72.9352685703768,6.60375921247949],[-72.93661518210685,6.6030457435066605],[-72.93831413871494,6.602425962947774],[-72.94040985928677,6.60225649022045],[-72.94371858384066,6.602198550834506],[-72.94426250898775,6.6022475461910854],[-72.94585895274545,6.6029030720219435],[-72.94851203904122,6.604766955576934],[-72.94866369714443,6.605101430040381],[-72.94932367459522,6.607148153509339],[-72.94989444007031,6.609226079566166],[-72.95629324524687,6.612713058655319],[-72.97660885324208,6.60702773497281],[-72.98039469094067,6.603215176337694],[-72.98257959745608,6.6002454232860215],[-72.98331984819997,6.597003643217711],[-72.98224965534565,6.58573105783333],[-72.98144696246628,6.580973205560747],[-72.98146930707998,6.574841944344826],[-72.98153616071,6.573709301260523],[-72.98237002750719,6.571956896539547],[-72.98521046831775,6.569731824644558],[-72.9882917033032,6.567805448123172],[-72.98891598205957,6.5674085896814285],[-72.99065952105697,6.565259301074486],[-72.99404844746668,6.560131338845352],[-72.99546193473007,6.5563723784380405],[-72.99663468394691,6.553059204408195],[-72.99476631878937,6.546308162458879],[-72.99320119791946,6.539860309699598],[-72.99374518941943,6.539035334179199],[-72.99707172681094,6.537229415524832],[-72.99869033694021,6.536457975274732],[-73.00217293259094,6.5349686538191785],[-73.00718042461435,6.533724595086535],[-73.00842014142806,6.533662184508354],[-73.0099584946593,6.533729026029762],[-73.01106432619682,6.533885067292267],[-73.01213006358445,6.534839364119665],[-73.01989781823647,6.538513631561767],[-73.02910138955517,6.53850474738165],[-73.02976132161525,6.537693160987365],[-73.02889186118594,6.5344380156281385],[-73.02901220940383,6.532462675297018],[-73.02944027381928,6.5299655340471885],[-73.02988175946513,6.5298228938561325],[-73.03082706380941,6.5298719290629865],[-73.03192405884316,6.529827292380936],[-73.032285188695,6.529791662112587],[-73.03254831139007,6.529755941806848],[-73.03448798760168,6.5293055916121405],[-73.0355047054994,6.528997965978075],[-73.03694055186766,6.52849852179363],[-73.03720357922656,6.528378145630185],[-73.03832729721606,6.52757993475563],[-73.03881776801667,6.527196458404208],[-73.04160023569014,6.5245611344213925],[-73.04224680110805,6.523820889099475],[-73.042978125861,6.522924614252336],[-73.0433259074005,6.522456445352125],[-73.04369602709477,6.521943633173855],[-73.04411965083551,6.521301513403374],[-73.04458786091,6.520405210084572],[-73.04478854781748,6.519950392369527],[-73.04492230896791,6.519268172725426],[-73.04493564004132,6.518947146818466],[-73.04790097419378,6.512971906367357],[-73.05223969217617,6.5076923048624336],[-73.06023488415278,6.504767151396122],[-73.06131399687331,6.504339063046038],[-73.06272752695341,6.503456179750521],[-73.06575522998232,6.501092868848517],[-73.0667763142556,6.499014917647217],[-73.06981297080819,6.49039995048755],[-73.07119087343645,6.486034497154936],[-73.0751059490051,6.481829543747813],[-73.07479829329559,6.481495129494252],[-73.07408481146888,6.480621132542234],[-73.07391540199127,6.480322356828666],[-73.07373698602748,6.479805097383124],[-73.07358540890402,6.4793413465253895],[-73.07284517433304,6.476875516579096],[-73.0662144797867,6.449795397970724],[-73.0661966466087,6.4410287436939715],[-73.07321083375572,6.42390584900818],[-73.07632774160757,6.412691188385206],[-73.08111686126176,6.403987027326726],[-73.08200864098922,6.3990418775836515],[-73.07468679501864,6.3929507156561804],[-73.07172594668515,6.390168265167965],[-73.07008947065447,6.38287764484814],[-73.06778856755945,6.386043614697542],[-73.06707956740074,6.386832884199651],[-73.06607181432436,6.387831736056995],[-73.06398496161698,6.389503881392911],[-73.0624510183074,6.390217323905486],[-73.05767529262185,6.390957562795547],[-73.05416155015494,6.389133738330932],[-73.04318322785748,6.386511794773743],[-73.03450140935173,6.3874527128610445],[-73.02367917438957,6.392121322805696],[-73.0226044812896,6.393499242454686],[-73.02027680339859,6.394498027237699],[-73.01927803609085,6.394707635332285],[-73.01786000799814,6.394614002146012],[-73.01751218847325,6.394569432539401],[-73.0170975249448,6.394364321693191],[-73.01088595209426,6.38999436138923],[-73.00928066914665,6.385530830927942],[-73.00641349238452,6.3739550001668155],[-73.00228878999144,6.362611064119246],[-73.00189644218703,6.361518587102956],[-73.00161103239614,6.360706979398747],[-73.00141039847487,6.360011368106029],[-73.00123201702678,6.35930683377386],[-73.00123201702678,6.358584498963773]]]},"id":"0006000000000000064c","properties":{"continent":"America","disp_en":"Mogotes, Santander, Colombia","gaul0_code":185,"gaul0_name":"Colombia","gaul1_code":1940,"gaul1_name":"Santander","gaul2_code":114348,"gaul2_name":"Mogotes","iso3_code":"COL","map_code":"COL"}},{"type":"Feature","geometry":{"type":"Polygon","coordinates":[[[-72.81094877227378,6.542375217335357],[-72.80940147679866,6.542437690780698],[-72.80885301000747,6.5425982012605415],[-72.80808607411431,6.542959335165466],[-72.80737260338333,6.543579205344381],[-72.8068152057485,6.544462117015694],[-72.80642731683801,6.54513541666546],[-72.80603491906427,6.5462367914195605],[-72.80567813589307,6.548626893313275],[-72.80562015970584,6.549746150694501],[-72.80557561811565,6.550700400927204],[-72.8056246679635,6.552649004414887],[-72.80579850631587,6.553982275631965],[-72.80614636298108,6.554437088086132],[-72.80776950723579,6.555908601728067],[-72.80580743265948,6.560233913728305],[-72.79774987794138,6.566855695889691],[-72.79350923831363,6.569022838213535],[-72.78299027928985,6.576795065179239],[-72.77759027351654,6.579804901300375],[-72.76995626531205,6.580027892406929],[-72.77088374640063,6.586899318824924],[-72.77110675616237,6.5888613413785695],[-72.77116915918143,6.590190195210452],[-72.77078572304104,6.591938132683974],[-72.77004103280916,6.594568997583256],[-72.76971999830512,6.59545636778874],[-72.76891732004451,6.596655853647255],[-72.76811463918094,6.597641290581506],[-72.76612149766747,6.610117885722678],[-72.76838219975798,6.615455471359831],[-72.76845353116062,6.628083613897928],[-72.76846245885683,6.640395211117868],[-72.7670712674007,6.649919850663785],[-72.76469007273016,6.657246133471793],[-72.76417730802731,6.659966148642715],[-72.76469007273016,6.665196746918727],[-72.76606793097888,6.670913272046848],[-72.76795862967832,6.676919705784812],[-72.76998746696862,6.682542649296274],[-72.77011678246286,6.682787831695447],[-72.77033528401265,6.683291737252311],[-72.77039326850212,6.683608303639221],[-72.7706652453352,6.685579270285536],[-72.771548176024,6.692557776405742],[-72.7716105789317,6.695848578172343],[-72.77159281394368,6.704882721271714],[-72.77156152231194,6.710670610697803],[-72.7710354255245,6.712726244760575],[-72.77065640789638,6.7171363505742345],[-72.77065640789638,6.717430614334482],[-72.77067417295164,6.717787338140606],[-72.7707321573617,6.717983512995307],[-72.7708391985309,6.718237705177851],[-72.77199852266658,6.720382550187301],[-72.77219925760993,6.72068579166479],[-72.77246672359304,6.7210201545859185],[-72.77534733012588,6.724462593858338],[-72.78156778906285,6.725885112476178],[-72.78746275153374,6.728547191017592],[-72.7906063913417,6.728944016404373],[-72.798164560422,6.727967458273948],[-72.80015329538124,6.7272585137534655],[-72.802084127389,6.726050033543226],[-72.8078898766325,6.720770517525963],[-72.81419056851121,6.716155324423711],[-72.81540793283891,6.715276867646612],[-72.817062211442,6.714286988630373],[-72.82219907733854,6.711268166564104],[-72.82369291809493,6.710612632537713],[-72.82672510996055,6.7102336003644085],[-72.82777300695413,6.7101265761526285],[-72.82870937570135,6.71023806645637],[-72.82970380150857,6.709743165722597],[-72.83064467064501,6.7086461951340315],[-72.83158553615323,6.7072148390865065],[-72.83269579966594,6.705230484422659],[-72.83363674741662,6.703522700985261],[-72.83452404961471,6.7010434060340645],[-72.83475150931065,6.699335585101294],[-72.83481389615804,6.6969633342567585],[-72.83470688287099,6.694649046779093],[-72.83443488679849,6.69244182669448],[-72.83483174672705,6.689632581350111],[-72.83577259607945,6.687924743364768],[-72.83660201181377,6.686711877147486],[-72.83710146297007,6.686051963572983],[-72.83781935459838,6.685226986372648],[-72.83881374324939,6.685338495050085],[-72.84437422120766,6.687724079602637],[-72.84944866957682,6.689226831145559],[-72.85022007309101,6.689284807823653],[-72.85529457963247,6.688085252887821],[-72.85650741164083,6.68775529550834],[-72.85833124571023,6.68649334107395],[-72.8617557654013,6.685561437636654],[-72.86730742472446,6.684562617677424],[-72.86792724258868,6.684482338327144],[-72.86850685558841,6.684567003841021],[-72.870736414635,6.686310520371636],[-72.87160149675783,6.687385177419102],[-72.87188688213686,6.6881298676525995],[-72.8724264633002,6.688834442379963],[-72.87337176404756,6.689913509216823],[-72.87676064628722,6.692196544481889],[-72.87923990134578,6.6935655392510265],[-72.88043494636668,6.694024774459145],[-72.88188417162867,6.694564321430015],[-72.88614265134949,6.695897586153325],[-72.88709240509814,6.695531986681054],[-72.88833653447846,6.694952313245396],[-72.88974560261117,6.694087256046453],[-72.89119477186338,6.692852024206083],[-72.89160947530323,6.69173726132732],[-72.89364287282486,6.689757472566859],[-72.89675080118221,6.687032937640959],[-72.89807518718574,6.686292748863487],[-72.90312732734552,6.684442156660227],[-72.9070201444666,6.683171324911456],[-72.90896427615856,6.682761132901476],[-72.90795206065692,6.67597880562638],[-72.90303818981803,6.673432651807609],[-72.89540414531908,6.668750631071662],[-72.88578589558107,6.659266125577057],[-72.88365887031148,6.652769221206974],[-72.88096558483947,6.645344819579156],[-72.87363488276415,6.63523157557087],[-72.87309972116773,6.63432191590257],[-72.87276530090568,6.633505903375458],[-72.87270734068923,6.632743335688949],[-72.87276088403121,6.630536149723209],[-72.87277422479471,6.630518281162292],[-72.87106191375267,6.623958954174011],[-72.86625951787367,6.610577177384737],[-72.86592508815143,6.609850383841337],[-72.86534096181373,6.609105711420582],[-72.8651268719465,6.608900576160872],[-72.8552767305655,6.602617680863165],[-72.84533297363252,6.597828620290799],[-72.83853724411088,6.587791162276957],[-72.83296338007986,6.573464061249375],[-72.83380614827874,6.567912527673188],[-72.83366794098497,6.566565859043153],[-72.83327549675502,6.563435598652863],[-72.83311502087142,6.562632889240077],[-72.83290541035876,6.561830268631049],[-72.83059111801461,6.5547135443205],[-72.8270283090454,6.548207739096822],[-72.82354577937818,6.545911265304214],[-72.81905548148951,6.544042941755646],[-72.81094877227378,6.542375217335357]]]},"id":"0006000000000000064d","properties":{"continent":"America","disp_en":"Molagavita, Santander, Colombia","gaul0_code":185,"gaul0_name":"Colombia","gaul1_code":1940,"gaul1_name":"Santander","gaul2_code":114349,"gaul2_name":"Molagavita","iso3_code":"COL","map_code":"COL"}},{"type":"Feature","geometry":{"type":"Polygon","coordinates":[[[-73.07008947065447,6.38287764484814],[-73.07172594668515,6.390168265167965],[-73.07915929269812,6.389548420708025],[-73.08262402282709,6.389303182731397],[-73.0839751012624,6.389294318140906],[-73.08496944742208,6.389445913732335],[-73.08571414603283,6.389807055964556],[-73.08678881690301,6.390788051194258],[-73.08752900671928,6.391563935013331],[-73.08918337053659,6.393704362178028],[-73.08956683542242,6.394560513445902],[-73.08985664007191,6.395171410821406],[-73.09018660986867,6.395666359501028],[-73.09126125985952,6.396344091414949],[-73.09281752570212,6.396446719463378],[-73.09608600090253,6.396477920040015],[-73.09709380290057,6.39606766397038],[-73.10108471302503,6.393838149973229],[-73.10843327417307,6.388995516980705],[-73.11478747702002,6.384866405082156],[-73.11706161636805,6.384139557423488],[-73.1182076371616,6.384072647243264],[-73.11884525337881,6.3841172394735235],[-73.11972373991934,6.384353636539102],[-73.12063337873938,6.384710336061472],[-73.1215875861514,6.385156218580888],[-73.12246606215267,6.385735941714124],[-73.1238573357563,6.386828441941091],[-73.12523518441593,6.388059091715443],[-73.1306796852755,6.395438910339623],[-73.13246780800121,6.398172342565713],[-73.13308764645463,6.3993896666036125],[-73.13577200291438,6.402386173941273],[-73.1360707530044,6.402649273849247],[-73.13704731551385,6.403335973112857],[-73.13758691717722,6.403599118024072],[-73.13822006737358,6.4037418032505355],[-73.1437538439789,6.403813139138698],[-73.14538142090156,6.403527775576003],[-73.14653180112502,6.403028343844702],[-73.14722299883968,6.4026225587094885],[-73.1476064564542,6.4020384292592185],[-73.14814603307235,6.401333826840761],[-73.14864095146345,6.400749691932058],[-73.14926083590272,6.400245821923842],[-73.14948826149073,6.400138840177042],[-73.1519050269387,6.399759826477578],[-73.15565963706159,6.400642726409064],[-73.15890587566042,6.4017128868002375],[-73.16152330568039,6.402707252659909],[-73.16060032586252,6.401414125292109],[-73.16044871625475,6.401200128530894],[-73.16035508556746,6.400986044192401],[-73.16019897431629,6.40058918030955],[-73.1601142564585,6.400326141242023],[-73.1599760609477,6.3998712453545785],[-73.15990025594769,6.399309457919567],[-73.15983336386603,6.396714253585348],[-73.16005186592236,6.394970688299],[-73.16034167116776,6.393191564829592],[-73.16173289323848,6.38789859690698],[-73.16348980193392,6.383916621767913],[-73.16385990788994,6.381780684410046],[-73.16377960278132,6.368126967556578],[-73.16359684553336,6.365888498016452],[-73.16333369284285,6.364167289763056],[-73.16289669484964,6.362486206622953],[-73.16209408921092,6.359980173125116],[-73.16189791629536,6.359601101349667],[-73.15965051340483,6.355614703107458],[-73.15976197027663,6.35517325290677],[-73.15980653500405,6.354722859452425],[-73.15975755881828,6.354272479821754],[-73.15965492486527,6.353768599402314],[-73.15915552899374,6.3522168638365395],[-73.15649350626366,6.346041016423011],[-73.15630615155231,6.345675390426479],[-73.15579783520324,6.345077882235221],[-73.15377338156729,6.343200532015568],[-73.15262744961515,6.342179454185457],[-73.14781155514281,6.338424833702592],[-73.14386530865484,6.335423856731083],[-73.14221989361317,6.332694920322085],[-73.14105607604037,6.329528925862132],[-73.13991899369232,6.321145851769702],[-73.14053881187104,6.319420140039808],[-73.14281737647869,6.310818553777589],[-73.1456712448781,6.2987477507040905],[-73.14584960483658,6.297797962698883],[-73.14591650103934,6.297383330210673],[-73.14591650103934,6.296910610804251],[-73.14591199927665,6.296473646813207],[-73.14519855879897,6.294591886975798],[-73.14460108218883,6.293722374238119],[-73.1441596363613,6.2932631300627975],[-73.1410426605006,6.291109337138816],[-73.13950878189517,6.290547501380809],[-73.12614480129264,6.289361360288777],[-73.11928224592668,6.29036465120001],[-73.11951411367139,6.302221388685682],[-73.12025879023581,6.311407146429679],[-73.11431481698925,6.316981020820627],[-73.10965506984901,6.314854060016133],[-73.10898176830594,6.314738121420608],[-73.10803192079662,6.314755919784321],[-73.10240461494091,6.315754776180997],[-73.09502028893328,6.329582486875072],[-73.09400806511411,6.330434160286335],[-73.09220658387115,6.332931282543435],[-73.09029368784786,6.335909905086734],[-73.08684672452642,6.344694360443359],[-73.08551799756954,6.350709705703355],[-73.08335531009858,6.358838664114783],[-73.08267751855098,6.360617828163595],[-73.07653290414227,6.372140099155937],[-73.07008947065447,6.38287764484814]]]},"id":"0006000000000000064e","properties":{"continent":"America","disp_en":"Ocamonte, Santander, Colombia","gaul0_code":185,"gaul0_name":"Colombia","gaul1_code":1940,"gaul1_name":"Santander","gaul2_code":114350,"gaul2_name":"Ocamonte","iso3_code":"COL","map_code":"COL"}},{"type":"Feature","geometry":{"type":"Polygon","coordinates":[[[-73.22977876861943,6.307451928701895],[-73.23151786550986,6.307220068260054],[-73.23194591005038,6.3072289978339615],[-73.23567371487388,6.308655918799832],[-73.24921154788427,6.313864133605036],[-73.25445992972142,6.3168071070703755],[-73.25794690332438,6.320459116529825],[-73.2665173290041,6.326893652139458],[-73.27094517890995,6.329542355353264],[-73.27337539249895,6.331134204913011],[-73.27785232546674,6.334688120107842],[-73.2786505566985,6.331892320880359],[-73.27971180115033,6.325060935375386],[-73.28191462745752,6.317386797336352],[-73.28331922031614,6.313123946660625],[-73.28400594689639,6.311946724403227],[-73.28494677323903,6.310840890760189],[-73.28658772098476,6.30910626830499],[-73.29312925575144,6.303095431963162],[-73.29412807744887,6.302475573351126],[-73.29474791866929,6.302332865706751],[-73.29518933740925,6.302417615044069],[-73.2958091756422,6.302582641588988],[-73.29647354959532,6.302988367216277],[-73.29817694342354,6.304428690059102],[-73.30844183427423,6.296197207729375],[-73.3200398906584,6.295657647165742],[-73.32625143680535,6.29510025511301],[-73.32891799780231,6.28434484917988],[-73.3327973671982,6.277669589521679],[-73.34441779046801,6.272287484596382],[-73.34691492624088,6.272474726938501],[-73.35827671221021,6.275698710517171],[-73.35945387479325,6.276202536875261],[-73.3596634552979,6.274860359804993],[-73.36285175248918,6.2647604801285794],[-73.36580362456151,6.259498749500613],[-73.3667980666618,6.257434205694023],[-73.36691400665697,6.257117628923567],[-73.36694962513799,6.256845609070329],[-73.36692291127778,6.25461163040194],[-73.36579471989474,6.249942904442695],[-73.36572339260141,6.249742243103385],[-73.36537557052104,6.2494479469074635],[-73.36510807004679,6.249242819000565],[-73.36390413393808,6.248609624068549],[-73.3595386065066,6.246041235235163],[-73.35223905512763,6.241644510685273],[-73.35069178969455,6.240708146102111],[-73.34706649858228,6.237867648869137],[-73.3449573397351,6.235540010155348],[-73.34649133271093,6.225667592198172],[-73.3510485405517,6.2188228730891035],[-73.35473169359679,6.209079709922902],[-73.35213651011642,6.205418832994008],[-73.3507765248225,6.197374607618256],[-73.3507765248225,6.1963266953420195],[-73.35306849856886,6.191024817741521],[-73.35389344129443,6.190115191634692],[-73.35576621427643,6.188563387119904],[-73.35731803104015,6.187239060063752],[-73.35828120967243,6.186418561177905],[-73.35878501480029,6.1852770707825],[-73.36039032929258,6.179199296021202],[-73.36075596910905,6.177692125868085],[-73.36414492169415,6.167922204142765],[-73.36879125453855,6.156792312679921],[-73.36994614382331,6.153956329659712],[-73.37157377173268,6.149889646171413],[-73.37170302083884,6.149497237233536],[-73.37178334052984,6.1491939867377265],[-73.37183235981153,6.148966582518123],[-73.37185016864872,6.148765929981541],[-73.37177884334749,6.148605383332406],[-73.37025834064129,6.147089299719002],[-73.36592855969587,6.146380321148801],[-73.35436163605203,6.139861131602364],[-73.34967514549153,6.1410293718289015],[-73.34546126566987,6.146001311130637],[-73.34012374748238,6.1543710008882035],[-73.33203936490074,6.166914439851333],[-73.32788793777827,6.17154302457927],[-73.32716554344313,6.171574228490252],[-73.32691580855753,6.171551892170317],[-73.32379445828641,6.169353590103473],[-73.32186365379057,6.167253365671124],[-73.3217477797893,6.167066036464075],[-73.31944684049563,6.159485629586367],[-73.31904109681666,6.157657386883883],[-73.31931756038503,6.1559851836480295],[-73.31969208564537,6.154379893857692],[-73.3207489037714,6.15318041005891],[-73.32160509634635,6.152409002641693],[-73.32172546863916,6.152235114132162],[-73.32187265021669,6.151989851901746],[-73.32201083527522,6.151673242418345],[-73.32221595356067,6.15054952942898],[-73.32222486000818,6.150322143536492],[-73.32221595356067,6.1501615869244155],[-73.32216692311079,6.149907420846606],[-73.32124388910633,6.146857442667528],[-73.32066865522565,6.145274437006955],[-73.31905890996956,6.142812991299312],[-73.31887160189542,6.142576656267041],[-73.31857732457368,6.142322500198743],[-73.31692303064156,6.141555547780561],[-73.30071860347383,6.135651699788993],[-73.2982884211465,6.135388610919889],[-73.29471669721248,6.135749822324311],[-73.28782294518794,6.137448689884436],[-73.28356450576291,6.144663514030692],[-73.28025132961213,6.14429347278429],[-73.27344234064965,6.142656938795272],[-73.27043685263465,6.140449670435983],[-73.26526434821285,6.133422185471735],[-73.26105937784794,6.130920611866008],[-73.25628369538026,6.130336457072147],[-73.25139649886076,6.130256158693411],[-73.2471068507618,6.129685459926884],[-73.23999013259514,6.128178217555532],[-73.2369802318179,6.12712141669784],[-73.23396588039674,6.126925242498346],[-73.23291350728844,6.126974275513222],[-73.23215102193515,6.127500472568969],[-73.23186121921717,6.128312018728043],[-73.23152677561274,6.129266256235251],[-73.23075537538799,6.137297112738455],[-73.23022022672849,6.143490785767589],[-73.23069732451067,6.144235456134059],[-73.23284222689841,6.147802753676384],[-73.23772938087755,6.156564905434622],[-73.23796571690372,6.157354165695521],[-73.23794339728971,6.158335166233281],[-73.23784529895977,6.159365238307106],[-73.23705601082571,6.1599136712231815],[-73.23524117750938,6.1597665464494],[-73.23430923033672,6.159481172343179],[-73.23299378770048,6.159454396371009],[-73.23129484281883,6.159548023518903],[-73.23000170282357,6.160069715299634],[-73.22897613163971,6.160832213753965],[-73.22693838557261,6.162887893565446],[-73.22602872454273,6.1639625296706395],[-73.22528844655761,6.165086250385138],[-73.2246419501119,6.166330322852692],[-73.22077589294919,6.175533910939445],[-73.22041470111544,6.177063392967693],[-73.22034332673192,6.177950725414573],[-73.22041470111544,6.17886036360646],[-73.21913940936113,6.184264807963115],[-73.21596892462411,6.191002506157415],[-73.2120181993066,6.195541895581038],[-73.20859360496051,6.2007278533288925],[-73.20617672635244,6.224320948229725],[-73.2067743101348,6.228414394200492],[-73.20717557878545,6.235504389480265],[-73.20718899039913,6.23719879611436],[-73.2069883561755,6.244462726884138],[-73.20686792154862,6.245265303325211],[-73.20674307631784,6.245974301521576],[-73.2066226415593,6.2464469527977595],[-73.2064487401347,6.246852730906015],[-73.20623469357922,6.24709355336425],[-73.20568184404586,6.247481502284486],[-73.20528498329196,6.2479675229200335],[-73.20474536315513,6.248837103768431],[-73.20268525346611,6.253287261267566],[-73.20104431716481,6.257304899852237],[-73.20056724621581,6.264591105186976],[-73.20032646002194,6.270249690743487],[-73.2005047768505,6.275489133231292],[-73.20052710019918,6.27590829851827],[-73.20064744821411,6.276425498564691],[-73.20119598950899,6.277879176341407],[-73.20150365451927,6.278525769343099],[-73.20219927473265,6.279921433244357],[-73.20374208930757,6.2825523216191295],[-73.2090306043645,6.297530456104762],[-73.20926697073153,6.298261774538113],[-73.20978866804595,6.2996351789040235],[-73.21011864367092,6.300486873169146],[-73.2104039740844,6.301048708602393],[-73.21063142806871,6.301445548732797],[-73.21142963041078,6.302448851496189],[-73.21233476034446,6.303282678527743],[-73.21508604126537,6.305699552477024],[-73.21593328172995,6.306252472294105],[-73.21666900031904,6.306671641054477],[-73.21715953803987,6.306832170310618],[-73.2193890859392,6.30753221411278],[-73.22138675854828,6.3080271532130405],[-73.22197539127339,6.308085109884459],[-73.22253720106227,6.30805394477236],[-73.22505218710997,6.307848835902325],[-73.22977876861943,6.307451928701895]]]},"id":"0006000000000000064f","properties":{"continent":"America","disp_en":"Oiba, Santander, Colombia","gaul0_code":185,"gaul0_name":"Colombia","gaul1_code":1940,"gaul1_name":"Santander","gaul2_code":114351,"gaul2_name":"Oiba","iso3_code":"COL","map_code":"COL"}},{"type":"Feature","geometry":{"type":"Polygon","coordinates":[[[-72.81094877227378,6.542375217335357],[-72.81905548148951,6.544042941755646],[-72.82034413798047,6.541296121947811],[-72.82221692883004,6.5356687404168925],[-72.81879681170953,6.524940171555235],[-72.81533210696028,6.5133777216335575],[-72.81149281638943,6.499407320089987],[-72.81409247223318,6.4950017779894305],[-72.81565317214289,6.492455598057941],[-72.8167679259416,6.486761346359099],[-72.81732088305566,6.477718294492775],[-72.81771326275769,6.468412158269937],[-72.81759289818713,6.466347572222641],[-72.81735207870754,6.464349845791695],[-72.81699089412436,6.462838280369468],[-72.81572448985027,6.454646875746272],[-72.81497091939684,6.446397499419168],[-72.8148505534779,6.444868097086457],[-72.81600092466127,6.4419696250885154],[-72.81612579807921,6.432904305162109],[-72.8153855727725,6.42671950426391],[-72.8151760372123,6.4121427604912205],[-72.8181546891705,6.405248942347097],[-72.82070973543374,6.400914691230778],[-72.83360997143137,6.393352042975693],[-72.83737345606625,6.388928637170645],[-72.84044126833314,6.386547516962009],[-72.84494054820273,6.38430904891665],[-72.84752677607719,6.383118422877371],[-72.84877092867255,6.382690368956797],[-72.85006402566881,6.3826457931086695],[-72.85187447610514,6.383702579532789],[-72.87199838606105,6.387862911749771],[-72.87529804963029,6.388348956031215],[-72.87749644821933,6.388308858326381],[-72.8803190296025,6.387787099617637],[-72.88204470537518,6.386931000361396],[-72.8879841985557,6.381682601943084],[-72.89512771084496,6.374137798843466],[-72.90321204852397,6.373727585737304],[-72.90985616867101,6.373598226434502],[-72.91015484737378,6.371877026964053],[-72.91365974292073,6.365571839575611],[-72.91745000857425,6.360363652964957],[-72.92056691091555,6.356591275965492],[-72.92229256774547,6.353581327265914],[-72.92277417770487,6.352529036510133],[-72.92282320381395,6.351142204726795],[-72.92244865850482,6.348943923764962],[-72.9214007215895,6.3464022268720806],[-72.92054456056778,6.344489222964027],[-72.91973300720994,6.343481461595733],[-72.91578677284755,6.333711633442266],[-72.91023073369578,6.317146034313625],[-72.90961084448513,6.315375765153597],[-72.90689973414135,6.310154157580092],[-72.90627992644302,6.309199900570903],[-72.90527662229154,6.308477539173693],[-72.90398796694645,6.307946929360421],[-72.90212401000878,6.307607991140494],[-72.90054548015368,6.307844312365273],[-72.89867717021647,6.308080713154036],[-72.89605075018034,6.308361642391847],[-72.89494933968692,6.30816541417705],[-72.88903210122156,6.303898064410008],[-72.88721724195942,6.301980649516554],[-72.88393540809362,6.294605304138648],[-72.88317736211225,6.291350156283705],[-72.87728687604888,6.274352053214419],[-72.8831817787961,6.269005605707304],[-72.88884038566961,6.262035970235525],[-72.89109670669855,6.2457825647732985],[-72.89028956037244,6.243700180364964],[-72.87847742383464,6.237988047102013],[-72.87356349189712,6.236712793833023],[-72.86887256092973,6.2323562092293985],[-72.86682579377806,6.221462638310344],[-72.86700860271732,6.220610941534715],[-72.86883235770753,6.218791658593175],[-72.87077652739956,6.217012428420249],[-72.87363488276415,6.215099523210258],[-72.87500825144743,6.2124017506894305],[-72.87756774778508,6.20616343567055],[-72.87778624341546,6.204370904150532],[-72.87717979135994,6.20286374497594],[-72.87599816094372,6.202212714921009],[-72.8742056483818,6.201780160443788],[-72.87508405871951,6.193994608307757],[-72.87649311416999,6.190516453243669],[-72.87734032823694,6.1798280265474945],[-72.87723333371035,6.178784556884694],[-72.87587331827423,6.177995332714801],[-72.87397822566703,6.177308593954357],[-72.87182441467748,6.17683596805402],[-72.86996056936017,6.177264038063049],[-72.8681680120143,6.177834776655315],[-72.86655383367547,6.178080088611312],[-72.8658002402795,6.178008714591456],[-72.86490836487201,6.176965270764845],[-72.8626208796328,6.1735495999470436],[-72.86215708792356,6.172831724229511],[-72.86162199107946,6.170749317524151],[-72.86162199107947,6.170102687887274],[-72.86332986174384,6.160310508326162],[-72.86711560177105,6.152034462469514],[-72.8681545808546,6.151031122403173],[-72.86844447739759,6.149845046894415],[-72.86881009269146,6.147410338128019],[-72.8689170909483,6.146545251348333],[-72.86843555334875,6.144520890245453],[-72.85026027940074,6.143276741960618],[-72.84873964689058,6.143035970779739],[-72.84546224941074,6.143428408118618],[-72.84343782250181,6.143798466532535],[-72.83610255963366,6.146393696058433],[-72.83100141741322,6.149260876006893],[-72.82853104578548,6.15288163860765],[-72.82541412796157,6.15805424276509],[-72.82567279073973,6.15968178559887],[-72.82622572771535,6.163391805871106],[-72.82619444303809,6.165496461270085],[-72.82466500511144,6.169973421274828],[-72.81633984088717,6.184759801881039],[-72.81026208841772,6.195978913744299],[-72.80403270686878,6.215407161505283],[-72.80373840572598,6.215969060031518],[-72.8024052099174,6.216553154190447],[-72.79423609436654,6.218983368180131],[-72.79336658996887,6.218938808392801],[-72.78653966097131,6.215630129086995],[-72.78348524084393,6.213891082945224],[-72.78103711469741,6.2120984974854885],[-72.77079456047524,6.214368239957726],[-72.76076612421024,6.217650106657782],[-72.75593685524363,6.2187069304370395],[-72.75422904813517,6.219607646957436],[-72.74551595590677,6.228021994061842],[-72.74467766553971,6.229181364667628],[-72.74405338765196,6.232409728166007],[-72.74411579747367,6.2335958545207015],[-72.74453047967775,6.23533045090921],[-72.74507899909621,6.23581645946785],[-72.74591277876459,6.235950256896269],[-72.74680905497259,6.236431827957743],[-72.74766528523541,6.237181013862739],[-72.74847236117871,6.237952378782321],[-72.74875770956143,6.239093900459151],[-72.74890038363003,6.242478403847115],[-72.74888261701533,6.249612920456578],[-72.74847678029334,6.253782233125177],[-72.74424512644745,6.260756209422187],[-72.74549367969577,6.271694397185601],[-72.74585487874157,6.274878239123026],[-72.75113887674007,6.2778346079414],[-72.75442077908491,6.289196393168778],[-72.75813073479551,6.306814330281569],[-72.75801485024655,6.313043673581984],[-72.75791673161336,6.315094867309729],[-72.75757782522716,6.317003371695422],[-72.7571363804777,6.317507245855553],[-72.75656561244581,6.317743559769948],[-72.75509409083365,6.31829202879456],[-72.75388571769687,6.318836022622388],[-72.75318110872064,6.31984382574009],[-72.75033622853287,6.325636158301347],[-72.75018462693447,6.330086358352775],[-72.75011329027883,6.336320174216317],[-72.74910997547614,6.343713320430714],[-72.74853476989217,6.347173606306917],[-72.74837865789314,6.347628435072625],[-72.74132889508958,6.352667196880758],[-72.74021407129241,6.353429707699771],[-72.73903692161899,6.354205603559592],[-72.737989008418,6.354754105037779],[-72.73743163476875,6.354910176624304],[-72.7317818880851,6.360854142961572],[-72.72953456257173,6.368349911165478],[-72.72576663702928,6.371627310664225],[-72.7291109263246,6.380389435465262],[-72.73260236384961,6.390944158663622],[-72.73361458388983,6.400138798650536],[-72.73460903219232,6.413324389247871],[-72.73464023828753,6.424226895798787],[-72.73459559372817,6.4331406110964835],[-72.73522431465545,6.437265289289597],[-72.73797566032574,6.440270771247207],[-72.73634808961458,6.442049898043274],[-72.73185773959075,6.447440983768494],[-72.72689478384913,6.4546424502498025],[-72.72548117214457,6.458053590321271],[-72.72801841590737,6.463640868451559],[-72.72924919218318,6.465188161275812],[-72.73036839421918,6.466467914135837],[-72.73120222308314,6.467422189195551],[-72.73380633071471,6.470289414557568],[-72.73551418774977,6.472349471199563],[-72.7368876080249,6.475047291122119],[-72.73826102073681,6.483104822709519],[-72.73825651125118,6.483479416519139],[-72.73818075188049,6.483992256915465],[-72.73756538652022,6.487220605858517],[-72.73623210472867,6.49010114847213],[-72.74100782346137,6.492526959248569],[-72.74734864091343,6.494199106476668],[-72.7536270697089,6.494185740543365],[-72.75949528256177,6.496085278424213],[-72.76597874331846,6.499986998672796],[-72.77211449085229,6.50793755769631],[-72.77254256268127,6.5094715342083465],[-72.77372424268759,6.51506771507949],[-72.77375544386888,6.518911448726976],[-72.77569072100196,6.523812031379164],[-72.77845090622102,6.528685818066174],[-72.77878527528514,6.528984562913252],[-72.7792267716083,6.529252100110553],[-72.7796593398505,6.529390353480992],[-72.7845999602404,6.530919823242322],[-72.7859689607787,6.531338973894401],[-72.78791757773098,6.531762542946746],[-72.78822966159679,6.531789347457143],[-72.78856410757766,6.531749196940509],[-72.78888962614705,6.531700129427416],[-72.79720138512326,6.5302018794753325],[-72.80680627944156,6.538210423979857],[-72.80957098461681,6.540555946864975],[-72.81094877227378,6.542375217335357]]]},"id":"00060000000000000650","properties":{"continent":"America","disp_en":"Onzaga, Santander, Colombia","gaul0_code":185,"gaul0_name":"Colombia","gaul1_code":1940,"gaul1_name":"Santander","gaul2_code":114352,"gaul2_name":"Onzaga","iso3_code":"COL","map_code":"COL"}},{"type":"Feature","geometry":{"type":"Polygon","coordinates":[[[-73.28288668585063,6.5581336585357874],[-73.28286886976753,6.559199419680066],[-73.28279301642787,6.564140126722114],[-73.28273066010422,6.564688568923436],[-73.2826324915994,6.565179081304584],[-73.28259236037405,6.565299452420826],[-73.28573607089811,6.565121082925669],[-73.29220618967668,6.566998408835404],[-73.29787373092937,6.567426453912312],[-73.29876105367377,6.567462117448845],[-73.30056699903056,6.567475512404771],[-73.30235961366395,6.567096506936119],[-73.3028723649808,6.566878003429699],[-73.30369281858303,6.566369677972247],[-73.3020295951633,6.5665703148807895],[-73.30177992162281,6.566592636692107],[-73.301445493593,6.566472194853315],[-73.3009193329943,6.566102106728466],[-73.30028610316275,6.565513505128358],[-73.30000070827495,6.565022977341574],[-73.2997376264047,6.563792296532271],[-73.29961274338218,6.559386727444125],[-73.29975993979032,6.558575111476351],[-73.29939428789561,6.553982275724073],[-73.29789604450401,6.541238121699868],[-73.29710229167925,6.536970777055273],[-73.29617033475441,6.5347546222725],[-73.2950288216062,6.532311065160194],[-73.28899562796398,6.518764297251724],[-73.28835354600118,6.516690829721882],[-73.28799678300385,6.514421124052297],[-73.28809494912196,6.512757848972278],[-73.28933007490491,6.511348838847254],[-73.29263429702803,6.508744712984415],[-73.29588052575792,6.506849609555889],[-73.30151684188095,6.505123911159424],[-73.30272526062814,6.504825134660618],[-73.30438847878403,6.504419369893139],[-73.30846855529435,6.503482927682066],[-73.30937373917627,6.504486221089105],[-73.31056430086313,6.507469368181503],[-73.31080514747713,6.5080668947070475],[-73.3110548107595,6.5087491394707495],[-73.31131347061734,6.509681100835245],[-73.31180838729028,6.512860447011766],[-73.31247280284629,6.51708318002844],[-73.31256645963693,6.517538029128132],[-73.31290087073312,6.517814529700914],[-73.3130435598431,6.517765420791602],[-73.31315503002271,6.517096600075349],[-73.31327549692469,6.5161155535494695],[-73.31321746769338,6.51533966583156],[-73.31258877171948,6.5097033946600265],[-73.31208935839315,6.507995584107299],[-73.31090321344894,6.504058193500424],[-73.30932911435514,6.499795252464544],[-73.30598033753608,6.4908056970653405],[-73.2923712063541,6.4849019144109175],[-73.28576279467502,6.4919249941149255],[-73.28293572506188,6.495197912271826],[-73.27846321421994,6.5027784347197475],[-73.27643438038514,6.506706878933802],[-73.2759929241198,6.507317757112276],[-73.27465964166223,6.508557430365562],[-73.27221162523878,6.510791382156848],[-73.27301869528992,6.512601830521223],[-73.27423158943097,6.515665253023118],[-73.27478894800682,6.5207396522256325],[-73.27479785637433,6.521435275399155],[-73.27479785637433,6.521720664266347],[-73.27469086595696,6.522081827876217],[-73.2745437428006,6.522465382270037],[-73.27420927346263,6.523120846243646],[-73.27386148600357,6.523740668608628],[-73.27353592405217,6.524293602713019],[-73.27326840139347,6.527521989030756],[-73.27391493642742,6.535187138969728],[-73.27398629362294,6.535918445408557],[-73.27410228276051,6.536551630235192],[-73.27462400816776,6.539173591428793],[-73.27481567310826,6.539650694117409],[-73.27520809080858,6.540417673668679],[-73.27939524597912,6.548439609832166],[-73.27978756556689,6.549023772054534],[-73.2822579931994,6.553933228616076],[-73.28236497995273,6.554338965055381],[-73.28250768886343,6.554927637724568],[-73.28275738424509,6.556385738770304],[-73.2828643707564,6.557059019104946],[-73.28287327879832,6.557594142140416],[-73.28288668585063,6.5581336585357874]]]},"id":"00060000000000000651","properties":{"continent":"America","disp_en":"Palmar, Santander, Colombia","gaul0_code":185,"gaul0_name":"Colombia","gaul1_code":1940,"gaul1_name":"Santander","gaul2_code":114353,"gaul2_name":"Palmar","iso3_code":"COL","map_code":"COL"}},{"type":"Feature","geometry":{"type":"Polygon","coordinates":[[[-73.33147306547943,6.370592836134007],[-73.32965370058477,6.367614169901766],[-73.32947539769215,6.367368907279373],[-73.328940308219,6.3667669235851525],[-73.32860142353938,6.366450286327753],[-73.32761148503499,6.3655629696128555],[-73.32568962052626,6.363984468468915],[-73.32499393793667,6.363529637123917],[-73.324445522946,6.363208535257311],[-73.32046353549082,6.3615006980094755],[-73.32016926030764,6.361375891053124],[-73.31993292223287,6.361344635869453],[-73.31922831478052,6.361398170408735],[-73.3187066051211,6.361531941832017],[-73.31822061062869,6.361754855627792],[-73.31788170935157,6.362031336234287],[-73.3084997747986,6.357037129244175],[-73.30519111244887,6.348172498565366],[-73.3006472549269,6.351699643707622],[-73.30023706781273,6.352034055214686],[-73.29977775450786,6.352462138156708],[-73.2989706923719,6.353251397489877],[-73.29825720019184,6.353987150197449],[-73.29791385937247,6.354401788301154],[-73.29764186756216,6.354758588404919],[-73.29702203448977,6.3556905331705424],[-73.29694177727103,6.3559268664120925],[-73.29687933497522,6.3561943554263864],[-73.29646464210298,6.360145173537295],[-73.29636656968874,6.361902048930809],[-73.2963130347286,6.363551924756144],[-73.29634875469505,6.364015652486611],[-73.29649586331193,6.364845072071135],[-73.29660284315567,6.365215151886823],[-73.29668759922708,6.365500525388055],[-73.2967010054392,6.3671681970636165],[-73.29669650671039,6.369228319357227],[-73.29606335470046,6.369589500966514],[-73.29349491805328,6.370008698464203],[-73.2931336645771,6.370066647191484],[-73.29282603630553,6.37011120090094],[-73.27314359336903,6.3699373575502936],[-73.27240338225413,6.369625186271642],[-73.27168098564916,6.369504768346214],[-73.26646378680698,6.369170332504911],[-73.25381783753639,6.3689875699860465],[-73.2521010530022,6.369206034308462],[-73.25031739008409,6.369647497583009],[-73.2495637837002,6.369870466874066],[-73.24795405966967,6.37054823195994],[-73.24362429689226,6.373196914322671],[-73.2403156537537,6.375479999091511],[-73.2361776207454,6.381896663658696],[-73.22756264472389,6.403924579468608],[-73.22649692097616,6.407567672940398],[-73.22639881761403,6.409043662429719],[-73.22660393459452,6.40846841331616],[-73.22692497514205,6.408169634679423],[-73.22920806684269,6.408116187046435],[-73.23082224637989,6.408093873649955],[-73.23246314444151,6.408468399873184],[-73.24291980589473,6.411629931805564],[-73.25259601242469,6.415522706943527],[-73.25889224997371,6.418501389404844],[-73.26507258501465,6.4207309493582905],[-73.2872253991452,6.423477775472524],[-73.29377582258843,6.423812220491053],[-73.29892165672864,6.422875763852297],[-73.31264230271474,6.418710983753989],[-73.31309709072738,6.418532585175],[-73.31382834828881,6.418149108898261],[-73.31594644436711,6.416967509251797],[-73.31639240880946,6.41658400205388],[-73.32087377476839,6.400294866926583],[-73.32217133135352,6.397601623750063],[-73.32547559918153,6.393864833279594],[-73.3293951523469,6.382819663749038],[-73.32966710478223,6.378115322521963],[-73.33026912332635,6.3719617577924765],[-73.33147306547943,6.370592836134007]]]},"id":"00060000000000000652","properties":{"continent":"America","disp_en":"Palmas Del Socorro, Santander, Colombia","gaul0_code":185,"gaul0_name":"Colombia","gaul1_code":1940,"gaul1_name":"Santander","gaul2_code":114354,"gaul2_name":"Palmas Del Socorro","iso3_code":"COL","map_code":"COL"}},{"type":"Feature","geometry":{"type":"Polygon","coordinates":[[[-73.15965051340483,6.355614703107458],[-73.16189791629536,6.359601101349667],[-73.16209408921092,6.359980173125116],[-73.16289669484964,6.362486206622953],[-73.16333369284285,6.364167289763056],[-73.16359684553336,6.365888498016452],[-73.16377960278132,6.368126967556578],[-73.16385990788994,6.381780684410046],[-73.16348980193392,6.383916621767913],[-73.16173289323848,6.38789859690698],[-73.16034167116776,6.393191564829592],[-73.16005186592236,6.394970688299],[-73.15983336386603,6.396714253585348],[-73.15990025594769,6.399309457919567],[-73.1599760609477,6.3998712453545785],[-73.1601142564585,6.400326141242023],[-73.16019897431629,6.40058918030955],[-73.16035508556746,6.400986044192401],[-73.16044871625475,6.401200128530894],[-73.16060032586252,6.401414125292109],[-73.16152330568039,6.402707252659909],[-73.15937853319924,6.413123701388119],[-73.15639087083308,6.425814357512235],[-73.15462958558946,6.440917283940471],[-73.15150816165857,6.44545668072464],[-73.14160008001313,6.459150543573948],[-73.13908956556352,6.461999895056881],[-73.13820223978975,6.462989821021321],[-73.13723459606248,6.464064523010014],[-73.1345146010897,6.4662360851810154],[-73.13385911067054,6.466682001775258],[-73.13228502556727,6.4671368169368835],[-73.12682705659331,6.469473356736461],[-73.12544030324801,6.470160124603422],[-73.11693230934777,6.479096154188989],[-73.11557233004163,6.481562007146876],[-73.11761008983166,6.487238418205781],[-73.11869370600512,6.490199311954386],[-73.1203033626981,6.494292702967255],[-73.12370570166193,6.498680519989468],[-73.12731760923026,6.498020577577765],[-73.13110783114959,6.497057387939407],[-73.13390809243737,6.495987201177602],[-73.13475536728947,6.495492257425353],[-73.13558472116331,6.4951533759478295],[-73.13628036404526,6.494925896263523],[-73.13925901693143,6.494466667967012],[-73.14192556339682,6.494471119102571],[-73.14318301432989,6.494497887663719],[-73.14466347697153,6.49454688844336],[-73.1485429042273,6.4948055783522065],[-73.14920285404575,6.493597139517725],[-73.14972009850462,6.49245112000616],[-73.14984497527581,6.491630643323494],[-73.14977357854337,6.4904222699301055],[-73.14961304835558,6.489396685374489],[-73.14945701974688,6.488607408937126],[-73.14910030535258,6.486899520141006],[-73.14893527298618,6.485138230073473],[-73.14925633420629,6.483996644952141],[-73.14976466520444,6.482707997647374],[-73.15053607287761,6.481303363488384],[-73.15277906445128,6.477691502822314],[-73.15804077476686,6.469388690810602],[-73.15835291010413,6.46910331929449],[-73.15950331462504,6.4682070243931244],[-73.15990025594769,6.467943938342574],[-73.16089463187211,6.467288443410372],[-73.16172848181851,6.4670164391213],[-73.16461353213475,6.466169173881544],[-73.16803366367427,6.465362063506698],[-73.17242583257247,6.464474699000466],[-73.17323740400279,6.464474762384778],[-73.1744814477728,6.464635277114364],[-73.17554273709769,6.4649697152761],[-73.17688048208157,6.460046881598277],[-73.18228044408325,6.454887701994224],[-73.1855444844637,6.454321387269998],[-73.18812190781165,6.4522523116956485],[-73.19056544570859,6.450178884305337],[-73.19534559346933,6.444025290394375],[-73.19627311202254,6.432890948524009],[-73.19773567426633,6.431771693033147],[-73.19864536013844,6.430919974467241],[-73.19939895819317,6.430206579423991],[-73.20095520398903,6.42835599807514],[-73.20162850266394,6.4268621901605245],[-73.20309553067426,6.423071990095462],[-73.20347007224504,6.419147945659725],[-73.20362174295094,6.415522745689554],[-73.20580668986709,6.40895001301741],[-73.20639527352054,6.407358097848706],[-73.20662714211198,6.407037063277787],[-73.20696153292339,6.406845299724562],[-73.20743868029491,6.406644626373768],[-73.20789350403763,6.406510856572937],[-73.20851331579102,6.406515328391681],[-73.2090038713667,6.406635761653055],[-73.2095968571144,6.406947875391634],[-73.20874968270329,6.404852071126244],[-73.20694821130705,6.403567879255714],[-73.2047231302376,6.402145452556705],[-73.20227506552118,6.401191156289651],[-73.20059398021843,6.3991578297096625],[-73.1995282181885,6.396513594625756],[-73.19778923295668,6.391925133109121],[-73.19771785137158,6.391630876933392],[-73.19614826090283,6.381481952450274],[-73.19698657138098,6.373460015477053],[-73.20373767870926,6.359935574683859],[-73.20253367214035,6.352462115916069],[-73.20240441387436,6.346513655332234],[-73.2025024377333,6.3449841759219225],[-73.20340319308224,6.341283147725073],[-73.20657808608293,6.3344696375170235],[-73.20482124309596,6.329720723482346],[-73.20252035026122,6.333091773472814],[-73.19806116688339,6.336636729369705],[-73.18627130066814,6.34120286941105],[-73.17591732449657,6.3448994463898165],[-73.16352995454318,6.3521008902850085],[-73.15965051340483,6.355614703107458]]]},"id":"00060000000000000653","properties":{"continent":"America","disp_en":"Paramo, Santander, Colombia","gaul0_code":185,"gaul0_name":"Colombia","gaul1_code":1940,"gaul1_name":"Santander","gaul2_code":114355,"gaul2_name":"Paramo","iso3_code":"COL","map_code":"COL"}},{"type":"Feature","geometry":{"type":"Polygon","coordinates":[[[-72.98238336214406,6.79191541869302],[-72.98132217496767,6.790176417925117],[-72.96865387321634,6.790122878271871],[-72.9670173061335,6.79015410871636],[-72.96540316396495,6.790314592399974],[-72.95959291790408,6.791474017845839],[-72.95859407321035,6.791741509748162],[-72.95838448198958,6.791835139469192],[-72.95689517153646,6.793297731096411],[-72.95673910336981,6.793458300889039],[-72.95664548044226,6.793667894745483],[-72.95631550212941,6.794492784258469],[-72.95618619592034,6.794920903886379],[-72.95401906742741,6.801997496060405],[-72.94906496437397,6.806108729874076],[-72.94496710467307,6.80912760895161],[-72.94464161578883,6.808579133122586],[-72.94386123364758,6.807522266020145],[-72.9437943693773,6.807459859282346],[-72.94339300313322,6.807183382482451],[-72.94330388063102,6.807129922161661],[-72.942001823198,6.806420879512087],[-72.94095838784897,6.805899191555028],[-72.93991936356093,6.805395281139225],[-72.9397543628424,6.80532398784748],[-72.93967416037644,6.805301672117742],[-72.93956710355953,6.80526596438576],[-72.93832747583232,6.806278204630428],[-72.93789050461835,6.806648306093703],[-72.93741334086909,6.807272562728841],[-72.9372350012355,6.807526760003148],[-72.93686940006326,6.808146560017283],[-72.93674449896722,6.808382876445707],[-72.93566544449067,6.810474188241247],[-72.93381038576285,6.816097148139335],[-72.93310143140114,6.819882914099148],[-72.92532919962854,6.834490919303784],[-72.92358121467217,6.836631305656447],[-72.91974192935511,6.843039052932738],[-72.91815900941825,6.847279603545501],[-72.91480126304805,6.853522344861281],[-72.91433748172336,6.856889002141876],[-72.9143330656124,6.856942499847901],[-72.9143330656124,6.857000485808586],[-72.91433748172336,6.857067366035513],[-72.91444454985867,6.859127485734143],[-72.91465408963137,6.860701527536387],[-72.91764170126858,6.875206997906623],[-72.92029933746167,6.876250391349001],[-72.92076310722538,6.875492404449266],[-72.92360798067563,6.872955148691897],[-72.92571266234205,6.871586206102526],[-72.92747405953664,6.870979775530672],[-72.93046610690116,6.8710645112083295],[-72.93589731455133,6.872067790879423],[-72.94035191542034,6.873601687991873],[-72.94616659765148,6.876696292354941],[-72.94778970179102,6.877744227806064],[-72.94928348486843,6.878760867057538],[-72.95937891229124,6.887121746218357],[-72.95886160360932,6.891915257399379],[-72.95739464304422,6.8959730408292526],[-72.95501793139904,6.901221425385426],[-72.96111347853322,6.907432919646202],[-72.96461392967497,6.906986989361602],[-72.96564843066672,6.907178727554155],[-72.96570195319752,6.907192105559275],[-72.96575097045415,6.9072054762891435],[-72.96579998770063,6.907223336349478],[-72.96584458978192,6.907241192435753],[-72.9658891918548,6.907263459101596],[-72.96643324636155,6.907539961747383],[-72.96649118385785,6.907571143781898],[-72.96655362658682,6.907611311857942],[-72.96676762571325,6.907736099894291],[-72.96683898874731,6.90778069001445],[-72.96866720862805,6.9104829134381305],[-72.9689614885359,6.910982343169903],[-72.96917107039022,6.9113302035964415],[-72.97136500101075,6.9170155030743325],[-72.97191787299913,6.920747796889907],[-72.97691213335415,6.924399810187355],[-72.98783239020955,6.929884522973919],[-72.99020021258491,6.937683431964514],[-72.98532642417595,6.949219153287382],[-72.98530858481686,6.949250340836924],[-72.98529074545642,6.949277114486405],[-72.98526398641324,6.949303875598936],[-72.98522830768427,6.949330624169335],[-72.98518821415661,6.94936186085403],[-72.9851346960439,6.9493974909726335],[-72.98507225823037,6.949437680089288],[-72.98482250681074,6.949580307871833],[-72.98476898861496,6.949611524026439],[-72.98390846120799,6.9500752778563095],[-72.9829675626564,6.950423125077273],[-72.9732957223955,6.951221257790125],[-72.96954121708058,6.950191234825509],[-72.96547452741065,6.948536899447881],[-72.96128296975328,6.947992863422572],[-72.95879032827824,6.947796704329103],[-72.94683099754971,6.953045066940146],[-72.9410163315677,6.961000090239273],[-72.92926662493413,6.98060678114251],[-72.92337609866735,6.9908136590034005],[-72.92163260551519,6.999236921501832],[-72.92083439394762,7.009599866990256],[-72.9155459609512,7.021327312700832],[-72.91327175461747,7.039047777923566],[-72.91345912465707,7.0406708663246125],[-72.91377122748064,7.0420040950834375],[-72.91406106906844,7.042681880336107],[-72.91490382475092,7.044255962406428],[-72.9158580610533,7.045562483026087],[-72.91652696148901,7.046712920548084],[-72.91665628923407,7.047689461599571],[-72.91655814435241,7.048643694378334],[-72.91646008955439,7.049544436451574],[-72.916094366433,7.050690478138656],[-72.91539878799253,7.052545456914484],[-72.91228190843934,7.058279843174903],[-72.91009247997475,7.061370036157322],[-72.90974909848411,7.075781836186739],[-72.91050273459071,7.081859593480063],[-72.91727607007739,7.085489246608735],[-72.9252623301569,7.088557161094932],[-72.93385949972148,7.09358254660458],[-72.93724842852939,7.095977083692389],[-72.94008436416507,7.098438545610399],[-72.94045897188414,7.098451852503536],[-72.94099407325129,7.098442999272072],[-72.942412022973,7.096445262237132],[-72.9434064300796,7.094857834764786],[-72.94771391752853,7.0876608983364395],[-72.94788332821271,7.08732196901038],[-72.94801263894618,7.086412347165438],[-72.94823116040894,7.083959840283683],[-72.94810626528,7.083197324715037],[-72.94741961123354,7.082024565449441],[-72.94711638345393,7.081587533504342],[-72.94720108902419,7.080526278171205],[-72.94863242836934,7.076214368311131],[-72.94916309587038,7.075028251598551],[-72.94990777653801,7.074247904021853],[-72.95092891520486,7.073512110408776],[-72.95506253551075,7.0713628126779255],[-72.95677929183364,7.071576901624047],[-72.95788068737251,7.071750806920476],[-72.95830428581564,7.072553456590778],[-72.95853613378137,7.077449531026639],[-72.95846927364506,7.0789120829674355],[-72.95819282209962,7.080223078325165],[-72.9578717666569,7.08123974637162],[-72.95751052244621,7.082149409453998],[-72.95678812248173,7.083371231379002],[-72.95585171151784,7.0845350444836965],[-72.9554281086919,7.0850434018422535],[-72.95442933655741,7.085252962629312],[-72.95322087432154,7.085333182225308],[-72.95254306587496,7.08543576379998],[-72.95178055158577,7.085814822388538],[-72.95141938820753,7.086448012468412],[-72.95120537521784,7.087049927287629],[-72.95107606622317,7.087741114664979],[-72.95107606622317,7.088311901978705],[-72.95109390816529,7.089622866985311],[-72.9535196789191,7.101876508731171],[-72.95466118831287,7.103713604172601],[-72.9557402466485,7.1047971813085],[-72.95871445742188,7.1068439086273365],[-72.96030638869367,7.10787844409498],[-72.96138992667022,7.108195037530296],[-72.97345186974378,7.1099340406867535],[-72.98282935125326,7.110290766804628],[-72.99222907350588,7.108565134415473],[-72.99928783063545,7.103428272692194],[-73.00485727800897,7.0993214218748895],[-73.00906220423268,7.1009400256187805],[-73.01696816202508,7.099825248837897],[-73.02226558710043,7.097805347859929],[-73.02284977839835,7.097564561757065],[-73.02419643061312,7.096552340842428],[-73.0247359361012,7.096017201369992],[-73.02570801572624,7.095013881083117],[-73.02645272453056,7.094175576459246],[-73.0267157637242,7.093734163471284],[-73.02692088004034,7.092971686786534],[-73.02700564698527,7.091919324484142],[-73.02698330670947,7.091210306845633],[-73.02688079364228,7.088940629023723],[-73.0277680976966,7.078885323032698],[-73.02882051700351,7.070636010715765],[-73.03091624326669,7.063581737604083],[-73.03369430139573,7.05747720749947],[-73.03609778138367,7.052576665091527],[-73.03636531360141,7.052228811225939],[-73.04271951873801,7.047997184427706],[-73.05720269551333,7.041014210802479],[-73.06469838454971,7.038334296844598],[-73.0699690536611,7.037000998373638],[-73.07583275697155,7.029732660927424],[-73.08212454868473,7.027409507893019],[-73.08260619091637,7.027266786288518],[-73.0831501536327,7.02717318391012],[-73.08378786722865,7.027115176087075],[-73.08463947014862,7.027043826743126],[-73.08486695998982,7.027026014559654],[-73.0850452772855,7.027057232117654],[-73.085250432064,7.027195474424889],[-73.08741310174274,7.028711513112677],[-73.0876359958766,7.028867628326534],[-73.08779656957749,7.029028154011521],[-73.08866157628631,7.030129572058076],[-73.09029368784786,7.032020210874073],[-73.09136833733857,7.033197431084165],[-73.0916224772954,7.033335607750575],[-73.09191678218161,7.033362351342381],[-73.09221108669128,7.033357904326265],[-73.09258563096179,7.033344576613554],[-73.09291559684428,7.033299990581403],[-73.09320548733126,7.033246422366905],[-73.09350870572545,7.033059187393274],[-73.09381192371983,7.032827259082723],[-73.09401256789899,7.032635524808925],[-73.09411955404143,7.032524111267356],[-73.09461900215884,7.031806151503196],[-73.09716962876792,7.027320317412797],[-73.09699564348644,7.023275907973892],[-73.09779388543251,7.021822235225402],[-73.11135844097797,7.017470140213294],[-73.11769041123326,7.019137874632439],[-73.11845283281887,7.0189550490106],[-73.12037918088672,7.018384277220547],[-73.12055314841682,7.018214846806896],[-73.12105253894529,7.017510316779708],[-73.12139137830928,7.016729932031991],[-73.1214493672439,7.0165827652431725],[-73.12146719613699,7.01638209159608],[-73.12144495504288,7.01622163146169],[-73.12134239385615,7.01574896235261],[-73.12116401472028,7.01535206499631],[-73.12009382702706,7.013291987820599],[-73.11952302819357,7.012426890647653],[-73.11861338495588,7.0113299613160445],[-73.11805599931913,7.010745802684093],[-73.11771715501206,7.010585324878891],[-73.11730240097289,7.010589733590964],[-73.11708836022036,7.01063878280674],[-73.11682083150978,7.010728021308941],[-73.11581752852352,7.00827100651835],[-73.1147563205687,7.00353097568912],[-73.1136058701371,6.997604868442749],[-73.11529138250474,6.994710904916806],[-73.11830128518513,6.988838248297689],[-73.11697247017109,6.976611425302513],[-73.1096774021386,6.968134625083327],[-73.10776438150532,6.961254284436583],[-73.10667188863749,6.955858741239402],[-73.10505331108268,6.950993889113389],[-73.10242685788421,6.945843610763031],[-73.09884616652137,6.9447288228180355],[-73.09851620915316,6.944724359594969],[-73.09823974341694,6.944715459725212],[-73.0978830390878,6.944697640350573],[-73.09757532374941,6.9446797937787865],[-73.0970268924054,6.944635188716513],[-73.0967460122003,6.944590642586],[-73.09581844768614,6.944358729954872],[-73.09540824684545,6.94421602564204],[-73.09510503095653,6.944055539392189],[-73.09193461337132,6.941553962126604],[-73.0906236570179,6.9402340278542125],[-73.09090013191337,6.939832767324907],[-73.09540824684545,6.936385826036849],[-73.09691990761624,6.9354048169594655],[-73.09858311921457,6.93510610821699],[-73.0995462437125,6.934325790457801],[-73.10087506972165,6.932354803301693],[-73.10181594160528,6.930642513822085],[-73.10193634194988,6.930406201036599],[-73.10210131823574,6.930049469445518],[-73.10215039685684,6.929888927912618],[-73.10218605764649,6.929683828288974],[-73.10241353012897,6.928065152372595],[-73.10245360344477,6.927770898168404],[-73.10248485162099,6.927414123507952],[-73.1025115971748,6.926896916833898],[-73.10250709455653,6.9265580033600225],[-73.1024981793721,6.926103203983453],[-73.10235994894299,6.925527979551658],[-73.10092414860493,6.9226028067548855],[-73.0992341179735,6.918549431564289],[-73.09985845908066,6.91687728944683],[-73.10381807315866,6.912315660377125],[-73.10565971618493,6.910536462235358],[-73.1005941942226,6.905216728293696],[-73.09049433509607,6.894109132137387],[-73.08556698967152,6.889485055333673],[-73.07741128232654,6.886586624482387],[-73.06852431504471,6.882881073467789],[-73.06692798591101,6.881984792644602],[-73.06604506454038,6.881485425603188],[-73.06265610309049,6.879492163506847],[-73.05308249420682,6.872941775506083],[-73.04919415824641,6.869775832723412],[-73.04718749957298,6.8679074192675404],[-73.04692439343131,6.867546244501401],[-73.04659445196366,6.866930925190914],[-73.04604157602154,6.864424873182395],[-73.04476620924748,6.861352549334994],[-73.0427774373907,6.858244541813493],[-73.03429629970425,6.851627270513501],[-73.02204713431225,6.844822664964683],[-73.00596313361895,6.832435330517352],[-73.00592745803262,6.832408550064138],[-73.00570448549509,6.832234642138759],[-73.00562871982903,6.832172188627506],[-73.00554394513678,6.832100833845517],[-73.00547709833337,6.8320294969185875],[-73.00544142267312,6.831993825874475],[-73.00541016142087,6.8319581568533785],[-73.00537899025456,6.831922491112515],[-73.00535223349866,6.831882342639739],[-73.0053254767397,6.8318466789508],[-73.0053032244833,6.831811020533672],[-73.00409033817999,6.829648360380307],[-73.0037960120799,6.827989566087994],[-73.00417060887047,6.824243888193462],[-73.00007262440177,6.820641002926516],[-72.99314317689023,6.815223163220078],[-72.99027598322827,6.813684809693853],[-72.98800636708704,6.812146420677645],[-72.98670428533786,6.811160917834984],[-72.9860710810656,6.81063924688878],[-72.98572330451725,6.8100104489334425],[-72.98443904957028,6.806621552622688],[-72.98224073554981,6.7931639971307405],[-72.98238336214406,6.79191541869302]]]},"id":"00060000000000000654","properties":{"continent":"America","disp_en":"Piedecuesta, Santander, Colombia","gaul0_code":185,"gaul0_name":"Colombia","gaul1_code":1940,"gaul1_name":"Santander","gaul2_code":114356,"gaul2_name":"Piedecuesta","iso3_code":"COL","map_code":"COL"}},{"type":"Feature","geometry":{"type":"Polygon","coordinates":[[[-73.2258280171976,6.526063849297714],[-73.22448138325382,6.52410182457791],[-73.223264077509,6.522389563761339],[-73.22245250666185,6.521297067615452],[-73.22037455865285,6.518733098520064],[-73.21686521553636,6.514782327274518],[-73.21340496196332,6.512262944391823],[-73.207670547808,6.508584126257181],[-73.2029394489989,6.503835226676867],[-73.19893070513632,6.499630292301093],[-73.19938554611419,6.4990104324708335],[-73.19957727575779,6.4983906504912605],[-73.19959068782532,6.497757457703244],[-73.19857847953922,6.492054264139516],[-73.19785161306228,6.4898381180104066],[-73.19596543985193,6.484964288250508],[-73.19421301467645,6.483287664239014],[-73.19228666346537,6.482725868349567],[-73.18859009334625,6.481883046448814],[-73.183176689337,6.4806122460557685],[-73.18259254596342,6.480447206971342],[-73.18232950541118,6.480237618915108],[-73.18187462997453,6.479867523257046],[-73.1814153425848,6.479430574589346],[-73.18062612586819,6.478244458927749],[-73.17744231460713,6.4722826114557135],[-73.17567210080458,6.467101136252032],[-73.17554273709769,6.4649697152761],[-73.1744814477728,6.464635277114364],[-73.17323740400279,6.464474762384778],[-73.17242583257247,6.464474699000466],[-73.16803366367427,6.465362063506698],[-73.16461353213475,6.466169173881544],[-73.16172848181851,6.4670164391213],[-73.16089463187211,6.467288443410372],[-73.15990025594769,6.467943938342574],[-73.15950331462504,6.4682070243931244],[-73.15835291010413,6.46910331929449],[-73.15804077476686,6.469388690810602],[-73.15277906445128,6.477691502822314],[-73.15053607287761,6.481303363488384],[-73.14976466520444,6.482707997647374],[-73.14925633420629,6.483996644952141],[-73.14893527298618,6.485138230073473],[-73.14910030535258,6.486899520141006],[-73.14945701974688,6.488607408937126],[-73.14961304835558,6.489396685374489],[-73.14977357854337,6.4904222699301055],[-73.14984497527581,6.491630643323494],[-73.14972009850462,6.49245112000616],[-73.14920285404575,6.493597139517725],[-73.1485429042273,6.4948055783522065],[-73.14476602766666,6.506938725014987],[-73.14358439595814,6.518701876050549],[-73.14016425605548,6.525328069819328],[-73.14050756889749,6.528422680272044],[-73.14142612853666,6.533501584140993],[-73.14489531890732,6.540092153778663],[-73.15340334917627,6.552167434787964],[-73.15334977996018,6.553135058476221],[-73.15339434594756,6.556412450317381],[-73.15375555520316,6.558971978808603],[-73.15408111120814,6.559761237428368],[-73.15471430549634,6.559730084461856],[-73.1554678701197,6.559658698757269],[-73.16235274190511,6.556880694369212],[-73.1663748298092,6.554392485085308],[-73.17688489320604,6.548395053170224],[-73.18929016438253,6.543704033196904],[-73.19798987539917,6.541171260712551],[-73.20394272643337,6.54238861786905],[-73.20914653732814,6.536917254459288],[-73.21652192880029,6.531477210359096],[-73.2211414944556,6.529715879559183],[-73.2258280171976,6.526063849297714]]]},"id":"00060000000000000655","properties":{"continent":"America","disp_en":"Pinchote, Santander, Colombia","gaul0_code":185,"gaul0_name":"Colombia","gaul1_code":1940,"gaul1_name":"Santander","gaul2_code":114357,"gaul2_name":"Pinchote","iso3_code":"COL","map_code":"COL"}},{"type":"Feature","geometry":{"type":"Polygon","coordinates":[[[-73.63590031905186,5.911162699091246],[-73.63659596966006,5.912259671159569],[-73.63932042879946,5.91484593621786],[-73.64366364258993,5.918917134833436],[-73.64868009722828,5.922221311386435],[-73.65011146110359,5.922939174342188],[-73.65202445185034,5.9238979072205495],[-73.65350483590494,5.924428543318771],[-73.65431638830134,5.924187755661751],[-73.65642110996565,5.924192201047841],[-73.6601935124548,5.924861097205212],[-73.6631008888444,5.927349242754527],[-73.66830458416823,5.923162141807146],[-73.67916701410097,5.918118917111791],[-73.68415673158466,5.916268413647391],[-73.6901453446193,5.913494804931152],[-73.69069819709284,5.912977605635785],[-73.69249522666013,5.910970945746818],[-73.6935699343465,5.909459325100252],[-73.69397118582908,5.908598713780736],[-73.6945821318971,5.907145059736034],[-73.69471585187755,5.906453905107641],[-73.6970123373511,5.9031853699712515],[-73.69884945313608,5.90115646205879],[-73.69986171415654,5.900429691391724],[-73.70082035804293,5.900068450248254],[-73.70535084322317,5.899417458290674],[-73.70601967614171,5.899381800970388],[-73.70704977150072,5.8994397076316325],[-73.70993483677505,5.900264716511366],[-73.71043420535943,5.900532229485744],[-73.7111031112844,5.900915718720147],[-73.71140626888663,5.9015488842471155],[-73.7127039327432,5.904630123633013],[-73.71539720297388,5.911234087162366],[-73.72338790381266,5.910342210421875],[-73.73564151102633,5.904853068440534],[-73.73650211778283,5.90303824753825],[-73.73736721017384,5.901334834658753],[-73.73960116949965,5.898770857043014],[-73.74354306271584,5.895252675516261],[-73.74874235770562,5.893647366242743],[-73.750753445913,5.89309888562626],[-73.75050367703534,5.891506979985051],[-73.74850605351928,5.888876165013729],[-73.74688738032668,5.887065710205198],[-73.74490749786874,5.885928694301495],[-73.7432888854792,5.882758229416007],[-73.74181732674293,5.879467401381696],[-73.74273590747069,5.877960226569247],[-73.74614712635761,5.873354037272909],[-73.7438730167914,5.870500209841029],[-73.74173705959313,5.870625005535912],[-73.74017193355587,5.873483337896598],[-73.73981072817557,5.874013914068586],[-73.73920880755308,5.874312726789498],[-73.7387227086481,5.874415300819536],[-73.7383927461255,5.874254773201432],[-73.7366314104989,5.871784432187513],[-73.73589120857669,5.865697758927794],[-73.7361320169242,5.8641637719365365],[-73.73633269032717,5.863704493378624],[-73.73658687635053,5.863352215388339],[-73.73694359819397,5.862928638917554],[-73.7373716097001,5.862607538283189],[-73.73878519944859,5.850496644584204],[-73.73817869667873,5.841003186866762],[-73.74249959622301,5.837293258901981],[-73.74426097026495,5.835572014824955],[-73.74852383021167,5.830729470842415],[-73.74930869654662,5.829583494798534],[-73.75072669138957,5.82707742086983],[-73.75114578532721,5.8256996217578],[-73.75490484285979,5.803497698005867],[-73.75439202788537,5.7965103116400485],[-73.75319249180237,5.787248721559451],[-73.75761595318313,5.77748780708427],[-73.75820902051454,5.77645324730576],[-73.75868618437379,5.775860180303317],[-73.75920338741737,5.7753474046756015],[-73.75990795209665,5.774754380811305],[-73.76111193679718,5.773759999220796],[-73.76162913358152,5.773452317311482],[-73.76270823106208,5.773184748508532],[-73.76081756226326,5.771405587410567],[-73.74900990542302,5.768685530154603],[-73.73448657726512,5.771218310267946],[-73.7339470432403,5.770995334600831],[-73.73170413210698,5.770116869174003],[-73.73103529440768,5.770027703331331],[-73.7307320764782,5.770014353997337],[-73.73045561531528,5.770041104488513],[-73.72736540199433,5.770379976794182],[-73.72033789969441,5.772078895974612],[-73.71982059675611,5.772658599461268],[-73.7182777492637,5.774544799938276],[-73.71791210471369,5.77500850764109],[-73.71634248356084,5.781162051909935],[-73.71431363138926,5.781179905997908],[-73.70581457240414,5.773768872745537],[-73.70163199135668,5.7693766786022795],[-73.70072229369609,5.7683644625661215],[-73.69865323268554,5.765885191573194],[-73.69835454617998,5.765492817109227],[-73.69808693131863,5.765140509141539],[-73.69764554563345,5.76454750108665],[-73.69744483381913,5.764230882805226],[-73.69574591485888,5.760663627917965],[-73.693717036034,5.757658193079925],[-73.69336032772854,5.757225669098435],[-73.69298574741103,5.756949143095224],[-73.68999815053789,5.754826647968539],[-73.68429943940528,5.750973985685643],[-73.68265402742472,5.750938287384982],[-73.68148576875869,5.751094395946326],[-73.68052254306684,5.751584893937761],[-73.67519835996565,5.749368695709402],[-73.67462759238192,5.749096655468686],[-73.672897496706,5.748258404285602],[-73.67232672267991,5.747687602583836],[-73.67170241711236,5.7468760798641965],[-73.67122091643304,5.7458905700386165],[-73.66914742374453,5.741453831847409],[-73.66788100746577,5.738720328712424],[-73.66742168262651,5.736651378796788],[-73.66702936055303,5.73464025097854],[-73.66640054789129,5.7333337308765095],[-73.66571838141495,5.731960379276381],[-73.66420224815522,5.729124389400852],[-73.66153569453586,5.726007504425273],[-73.65570325069083,5.719439229022382],[-73.65264423653873,5.7161572910279075],[-73.65243916885608,5.715929894978687],[-73.6514358343069,5.714436065673819],[-73.6513109785445,5.713936686313443],[-73.65128421089634,5.713450617591796],[-73.65145370933428,5.712870968359271],[-73.651761357174,5.712393849617775],[-73.64752969919464,5.71315191712372],[-73.64678504050794,5.71331684157395],[-73.64401145503038,5.7152075394869355],[-73.64093016839874,5.720478176766819],[-73.63954787714727,5.723274032963695],[-73.633492383175,5.738907616389663],[-73.63006337270045,5.7514065189666175],[-73.62607247545262,5.768404594813161],[-73.62592083330563,5.769514947938197],[-73.62571133698034,5.7714011145622335],[-73.62571133698036,5.771610721959658],[-73.6257202306966,5.772239422641388],[-73.62583611847937,5.774455562546536],[-73.62622851941732,5.778566908249723],[-73.62831098082646,5.785447270922148],[-73.62894413259438,5.787766043615093],[-73.62924732248547,5.7895229291103405],[-73.6272051165798,5.797072134806997],[-73.62253643539347,5.81583602804519],[-73.6169313447849,5.830047203131479],[-73.61529931670776,5.8328475241219415],[-73.61159823237851,5.839718991329514],[-73.61140201807328,5.840106916555127],[-73.6083163798473,5.84737530059596],[-73.6040044050802,5.858251059236867],[-73.60135566838429,5.865122476960054],[-73.60022306500915,5.868578295745415],[-73.60016960626406,5.86898857311434],[-73.60015621911397,5.869416590290632],[-73.60034345944327,5.8698669998505215],[-73.60442353146654,5.8771576355327],[-73.61057708940672,5.8864637450488315],[-73.61086691987154,5.886784818713949],[-73.6112682436529,5.887145977336853],[-73.61190144779924,5.887529475775918],[-73.61273975750738,5.887957579377447],[-73.61649436572723,5.889393377427944],[-73.62890397674418,5.893856978975061],[-73.6322305075048,5.8983249941374885],[-73.63360386480622,5.907845129444621],[-73.63590031905186,5.911162699091246]]]},"id":"00060000000000000656","properties":{"continent":"America","disp_en":"Puente Nacional, Santander, Colombia","gaul0_code":185,"gaul0_name":"Colombia","gaul1_code":1940,"gaul1_name":"Santander","gaul2_code":114358,"gaul2_name":"Puente Nacional","iso3_code":"COL","map_code":"COL"}},{"type":"Feature","geometry":{"type":"Polygon","coordinates":[[[-74.10956391651916,6.776754516320864],[-74.10578698972434,6.772201790265859],[-74.10215731893139,6.765633491568647],[-74.10334788950729,6.762418486906276],[-74.11005437552856,6.749286398078364],[-74.1070221658824,6.745705804898739],[-74.10463658291623,6.746535207960882],[-74.10325872019968,6.746811656247785],[-74.10142155419517,6.746624357431167],[-74.09113443725771,6.740015984461227],[-74.09012223020898,6.7387317275320715],[-74.0899393978263,6.737171047906016],[-74.09076429311163,6.736065168821963],[-74.09214215773062,6.735333908530435],[-74.0938901509958,6.7351510852121885],[-74.09553999295589,6.735333883943162],[-74.09728795466347,6.735793231676768],[-74.09912516105939,6.736435297746376],[-74.10096225988825,6.736983740732812],[-74.10316506997678,6.736894601779562],[-74.10536785424343,6.736252514553584],[-74.10729862986784,6.734504537360309],[-74.1086765525623,6.73303743678342],[-74.11207435772916,6.726977531025064],[-74.11216352285018,6.726148190553295],[-74.11143227799326,6.725140386617985],[-74.10986708181365,6.724498314906267],[-74.10802998044488,6.724128165110952],[-74.09664143298339,6.712926949372191],[-74.09342635719482,6.705489128140328],[-74.094438636103,6.695942189520304],[-74.09195932730889,6.689699489298509],[-74.09076429311163,6.669223303166768],[-74.09333718318327,6.659408771272684],[-74.10047177713862,6.658967367329561],[-74.10214844675501,6.659306219004156],[-74.10380269712645,6.658387679172354],[-74.10490408875032,6.657098963399191],[-74.10527420507186,6.655078991183714],[-74.10472127073406,6.653429177460884],[-74.10370904717468,6.651868431226312],[-74.10251847888688,6.650767021080996],[-74.10114069025863,6.650031285937294],[-74.0993035035539,6.649206409890646],[-74.09397484365347,6.64782853955386],[-74.08130206848752,6.654896182013614],[-74.07750745533787,6.657259505982744],[-74.07677607582313,6.657674198715011],[-74.0754741057213,6.658240506424979],[-74.07449748780823,6.658450125204137],[-74.07323556737272,6.658383190537073],[-74.06945871885452,6.657263939760118],[-74.06918228897807,6.65642562029944],[-74.06540544913166,6.645095075658124],[-74.0653340993335,6.643837606382528],[-74.06477665570036,6.633768993884785],[-74.0651245315547,6.619785223225753],[-74.06554366688019,6.618737327627371],[-74.06617684987978,6.618179922567362],[-74.06743433571141,6.618108599610209],[-74.06981097813092,6.618599090673503],[-74.07134934854568,6.619366063272621],[-74.07218768030772,6.614960449194929],[-74.07064931671566,6.614541288629507],[-74.06876307208105,6.6136361377439705],[-74.06792481476751,6.612655101724903],[-74.06694376574876,6.610907136763446],[-74.06624371760965,6.609230555887921],[-74.06485248749225,6.6052307131805446],[-74.0635816286981,6.600343551705718],[-74.06065650564457,6.599607803876619],[-74.05750392302808,6.598970176957233],[-74.0553947021314,6.600615560038199],[-74.04274426298608,6.598720399856886],[-74.03105691831333,6.598707066525194],[-74.0281139911958,6.599451755172974],[-74.02330261179306,6.599928871842473],[-74.01662730098303,6.598564395366462],[-74.00490428305977,6.596107421126617],[-73.99814879499084,6.592780900534016],[-73.98505238154029,6.588023026092683],[-73.97291473084913,6.5810936428015845],[-73.96842445798667,6.579617604726822],[-73.95840925701343,6.576612227539193],[-73.95509166815785,6.575359219429304],[-73.95274624526601,6.571733987972361],[-73.94655254533848,6.5656561631703925],[-73.94119270963917,6.5573488846712245],[-73.9413710204257,6.555935361481234],[-73.94145129610348,6.553059272792467],[-73.94142456744575,6.552519689869114],[-73.94132204776126,6.551899849647832],[-73.94109010013827,6.551489651991731],[-73.94021612330455,6.550357009846506],[-73.93507927706335,6.544702866562188],[-73.93024556611664,6.544983804627286],[-73.90841832365356,6.554949917541095],[-73.90523004925288,6.557032300431245],[-73.90144872769828,6.5573890466116564],[-73.8891371702211,6.554120496990063],[-73.87942526886712,6.548640270081773],[-73.87228173861283,6.542517958021343],[-73.87439538646206,6.518715209874546],[-73.87452467920454,6.5176093719858486],[-73.87447560001254,6.516632827008711],[-73.87431956937357,6.515861375783514],[-73.87373097654154,6.5148313630885815],[-73.87303534008308,6.514059954588566],[-73.87200978099561,6.513288494602096],[-73.87113576354719,6.512878267695774],[-73.87075227493769,6.513012085753148],[-73.86673905847849,6.518608184238106],[-73.86627534441037,6.519147792979443],[-73.86324314066674,6.520614828688003],[-73.86131233298062,6.521176639593973],[-73.86025997289292,6.521176699052936],[-73.85170296731543,6.518189048653925],[-73.8488759447597,6.515901576578175],[-73.84170572876307,6.516387615810346],[-73.83529797240112,6.524685960643335],[-73.82843096158047,6.5327837137811375],[-73.82213020348676,6.5387945870996464],[-73.8165519186794,6.543806607444135],[-73.81325660560498,6.547712766324016],[-73.81261451758598,6.548560000967687],[-73.81220425869336,6.550022577869852],[-73.81225335338127,6.550820804942651],[-73.8124584380066,6.551850807194794],[-73.81274385083044,6.5527248350628],[-73.81273936321061,6.553496258915685],[-73.81258777135281,6.553933227095215],[-73.81083534670924,6.557375672888809],[-73.80893131194352,6.559997577725069],[-73.80213115418154,6.562080005397341],[-73.79925953161869,6.562534836900064],[-73.79843455964894,6.562548189541024],[-73.79783263582488,6.562508048487754],[-73.79709239089225,6.562307443988901],[-73.79623177527937,6.562044299088316],[-73.79571897657692,6.561870382739471],[-73.79165675275519,6.560354305355885],[-73.7871574757124,6.558048929401133],[-73.78099499615439,6.552345807144378],[-73.77727610607974,6.550851951071389],[-73.76990966634382,6.54847975715753],[-73.76583856839171,6.553068151841419],[-73.76391219893662,6.553906431347867],[-73.76135271491422,6.552863061918409],[-73.76068379632119,6.554365776612264],[-73.75701848500178,6.560095722292086],[-73.756095390918,6.561277391153129],[-73.7548423570717,6.562320818661251],[-73.75481560309323,6.565691868475321],[-73.76005060639197,6.570338240175798],[-73.76100932321641,6.571163220251611],[-73.76158011620358,6.571653666444916],[-73.76217766056455,6.57215758308741],[-73.76310961434078,6.572683743904748],[-73.76423772058646,6.573067185914123],[-73.76676161759512,6.573428449372797],[-73.77274122506753,6.574066073486253],[-73.77717807897814,6.573160832922234],[-73.78029050573673,6.573473030488858],[-73.78381760076432,6.574596696529837],[-73.78489226977601,6.574993549148952],[-73.78528912027532,6.5752075769108025],[-73.79377485341395,6.582248481641104],[-73.79947351573796,6.594390603959593],[-73.79603556014334,6.599438346284072],[-73.79140703494977,6.601208582950733],[-73.78943163220778,6.60199337802704],[-73.78800915417338,6.602697954728306],[-73.78540060810434,6.604432526920674],[-73.78375970204398,6.606465865836955],[-73.78161483435507,6.610305168851433],[-73.78135172875871,6.6108045737142005],[-73.78115998730728,6.611393212736201],[-73.78099499615439,6.611905958747009],[-73.78093260827812,6.61216909947602],[-73.78082560629242,6.6126461729427],[-73.78074086642414,6.613185752103558],[-73.7806695017826,6.614059769556517],[-73.78175307461815,6.622398264737652],[-73.78796014326446,6.623263313478871],[-73.7906401067065,6.626759247123505],[-73.79059100668215,6.6279320329108256],[-73.79059989315911,6.629126999650188],[-73.7908763611335,6.63013029818113],[-73.79128217592971,6.6310756734825045],[-73.79163889013319,6.631708859305555],[-73.79223643436204,6.632489236381955],[-73.79332443240239,6.633336434802678],[-73.79428316908722,6.634058836060594],[-73.79596868897546,6.635169131675271],[-73.79711913921106,6.635686381799452],[-73.79821608646432,6.636078747329352],[-73.79947351573796,6.636092190646677],[-73.80877074175841,6.635343046184146],[-73.81141946005876,6.631646432614007],[-73.81116976707023,6.630513814025873],[-73.81146406729215,6.629715659877958],[-73.81196793985194,6.629042316328224],[-73.81331009788741,6.6284581909016005],[-73.81490651277149,6.62782947165669],[-73.81688184187746,6.6272408192420516],[-73.81889735913259,6.626652230601667],[-73.8206631748557,6.626277673238289],[-73.8217556841184,6.626612073290627],[-73.82297302653478,6.627579754924092],[-73.82885007163841,6.632957434272916],[-73.83426790906377,6.63993593343027],[-73.836069394607,6.6479578216608495],[-73.83677835372642,6.654173800670291],[-73.8353514587285,6.655136943874127],[-73.83438385652067,6.6561447087640895],[-73.83387995125007,6.657406654564254],[-73.83853970228495,6.666521080744307],[-73.83979723469768,6.668960225247158],[-73.84076481038139,6.669633513371291],[-73.84122409756823,6.669633504970185],[-73.84433211019632,6.669214339852956],[-73.84908108114128,6.670222103256312],[-73.85025823320343,6.670601105863974],[-73.85143098122492,6.671064884289585],[-73.85239858955035,6.671738213402225],[-73.85323688645542,6.672496251844542],[-73.8536159225484,6.673504049366588],[-73.85374083201009,6.6746365914090475],[-73.8536159225484,6.675604264406183],[-73.85306746857184,6.676397940638747],[-73.85050347980903,6.679550549338437],[-73.84945563844536,6.680513716023301],[-73.85028946110872,6.6936635912102975],[-73.85226039853828,6.697520750308244],[-73.85575633212905,6.7011459512474225],[-73.86504911691081,6.709600453353133],[-73.86844693091813,6.713056217841279],[-73.86768882545721,6.7206188825081155],[-73.86875909113941,6.723423625572632],[-73.87496612220745,6.726607418028132],[-73.87714218840263,6.7261347638942555],[-73.88050874928918,6.7348924661618215],[-73.88911043437643,6.736252505884636],[-73.89607553659773,6.736350595454694],[-73.89960262669413,6.740573373060668],[-73.90737931435434,6.752858177298745],[-73.91679693893158,6.762659246153484],[-73.92165287207854,6.7657494541739],[-73.93646158375675,6.772460396835751],[-73.94531292050786,6.781035215700784],[-73.95101606170851,6.787777366396674],[-73.95287109125388,6.792093784056993],[-73.95592557747564,6.803620589673656],[-73.95476170885213,6.8077497038044585],[-73.95024912919196,6.819432533408396],[-73.94224508173998,6.825764460930996],[-73.94451026793885,6.835467520018211],[-73.94235648054857,6.845487075419987],[-73.9401493012271,6.846526092615923],[-73.93662653423776,6.846405653128949],[-73.93619850583664,6.846262963829555],[-73.93525759347635,6.846124764299889],[-73.93421424280058,6.846414552004226],[-73.93389761274533,6.8466776629000785],[-73.9337549048092,6.8470834185378555],[-73.93361668162323,6.847480320068515],[-73.93371920538449,6.84812686110255],[-73.93463339561666,6.852764353364929],[-73.93825863050526,6.865570909056251],[-73.93933326277585,6.870507125339638],[-73.94018939447633,6.875501286948299],[-73.94368976324614,6.881565637707846],[-73.9478457074687,6.887826217013591],[-73.94826034626284,6.88826770614285],[-73.94877758964684,6.888633314550483],[-73.9494019212868,6.888914257585109],[-73.95164038611902,6.8872109150107645],[-74.01094197634262,6.850008583153975],[-74.01489267177037,6.8497633802251485],[-74.01673435309924,6.849674215922586],[-74.0179427647,6.84970096969689],[-74.01909316041527,6.849781173233048],[-74.01939638101328,6.849861423486336],[-74.01990473616844,6.850044292410717],[-74.0201187470077,6.850178045611132],[-74.02359686018653,6.849964005475043],[-74.02477851125808,6.8479797338716235],[-74.02518428747089,6.846664282485012],[-74.0256347106072,6.845108060725156],[-74.02630801231557,6.842459317158568],[-74.0266647447068,6.84102348791557],[-74.03664419480288,6.837398263487674],[-74.04127271621208,6.83503045244385],[-74.04352014857923,6.8337863661975415],[-74.04742633253794,6.834705000488832],[-74.04969601315433,6.834664818985955],[-74.05018653813639,6.833871119788808],[-74.04993231153132,6.8304064254103825],[-74.04718994139715,6.82232648463874],[-74.04541973262839,6.820275343406957],[-74.04422019098966,6.818977700797597],[-74.04288697955712,6.818585352894807],[-74.04079113291083,6.818175123157409],[-74.04043442699475,6.818166180307573],[-74.03952477457301,6.818228606839803],[-74.03879351737142,6.818393615775877],[-74.03809345497358,6.818594209165917],[-74.03759402355881,6.818910859893111],[-74.0357613294279,6.820324406398785],[-74.0349943771502,6.82099326854762],[-74.03496308937623,6.821162677183657],[-74.03496308937623,6.821376686668714],[-74.03496308937623,6.8214168332856255],[-74.03496308937623,6.821448049668886],[-74.03414709524235,6.822143712023313],[-74.03311261907378,6.82034663816057],[-74.03362981303566,6.819775891731247],[-74.03433885686782,6.8190535670186785],[-74.03456181649516,6.818861784727441],[-74.037264026961,6.817287692805781],[-74.04182126428255,6.816114954028409],[-74.05259889500903,6.812097304095826],[-74.06164637169923,6.808012810028028],[-74.06515124294404,6.804918200417746],[-74.06520027357169,6.8048601886634055],[-74.06542767871152,6.804173497399559],[-74.06560157130257,6.801988536794417],[-74.0655525407789,6.8015828104627],[-74.06540544913166,6.800945129581483],[-74.06528497910506,6.8004100388238085],[-74.0649595124518,6.8000131377898265],[-74.06380455397465,6.7992729838038475],[-74.06273438476153,6.79869773739853],[-74.06149031329055,6.79882703062856],[-74.06119155206092,6.798907308530571],[-74.06046916284964,6.799264039049011],[-74.06020168362892,6.799527167507857],[-74.0590958179757,6.797083533974796],[-74.06371097379403,6.797030008860568],[-74.0650665373508,6.797199460053743],[-74.07125129046595,6.799580656205756],[-74.07072066450867,6.8023542216812825],[-74.06770628642703,6.805564746326767],[-74.06440654950931,6.808900157147377],[-74.06534745501384,6.810113036152741],[-74.07229470111606,6.808231314957475],[-74.07864449389334,6.805051947303267],[-74.07926427830314,6.804351902341141],[-74.07988415030624,6.803727566335898],[-74.08199775870736,6.80281797617058],[-74.08643005717805,6.801743291339752],[-74.09077773661635,6.80232296538751],[-74.09322130171621,6.80331287412573],[-74.09403731006543,6.804057551949413],[-74.09594131578903,6.800699885478788],[-74.10079288082648,6.79091217236059],[-74.10956391651916,6.776754516320864]]]},"id":"00060000000000000657","properties":{"continent":"America","disp_en":"Puerto Parra, Santander, Colombia","gaul0_code":185,"gaul0_name":"Colombia","gaul1_code":1940,"gaul1_name":"Santander","gaul2_code":114359,"gaul2_name":"Puerto Parra","iso3_code":"COL","map_code":"COL"}},{"type":"Feature","geometry":{"type":"Polygon","coordinates":[[[-73.92349454806062,7.213456560305201],[-73.9227498424522,7.213117637236498],[-73.91987818713297,7.211356287057107],[-73.91826396685725,7.209942771935296],[-73.91563758972624,7.207035445102467],[-73.91446486742744,7.2044135184697815],[-73.91381826589438,7.202759194756885],[-73.9129308897055,7.201100417975784],[-73.91067017921851,7.197631243769866],[-73.90844954228965,7.1947639867553015],[-73.90717863474843,7.193136455315103],[-73.9050650721269,7.1915757831744695],[-73.90310300883009,7.190768625880029],[-73.90159145934025,7.190518945013691],[-73.88532906989771,7.190233534681868],[-73.86563764605066,7.205523788947771],[-73.86515607339727,7.206411213483712],[-73.86240039991046,7.209233759713584],[-73.85903379759276,7.211815585252305],[-73.85365163661235,7.215579080547572],[-73.85205526546751,7.216332657108153],[-73.85119461953343,7.216381693765006],[-73.85069075719797,7.215877876023864],[-73.84937981173668,7.215543419340559],[-73.84735984926448,7.216212311515035],[-73.84527301156342,7.217251260995867],[-73.84308358054619,7.218459706859733],[-73.84076481038139,7.220105091153047],[-73.83877607914512,7.22161675063485],[-73.83739819729166,7.223025819732492],[-73.83608725322871,7.224773757968809],[-73.83473169848317,7.226771448250989],[-73.83297031597144,7.227868372686245],[-73.82714670231952,7.231457916537742],[-73.81788964794177,7.234882556613018],[-73.81489753762955,7.2350831948902075],[-73.8123514529681,7.235123330020582],[-73.80976512596496,7.234637281145119],[-73.80717885502354,7.233504643732933],[-73.80641189782217,7.232737750948618],[-73.80624692758899,7.231404463105894],[-73.80681768093037,7.230115758454921],[-73.80790568896886,7.228862746505819],[-73.81280183086966,7.225678939420121],[-73.8143356929359,7.225152805888231],[-73.81627988420404,7.224064762518449],[-73.81813933247095,7.2213223867428455],[-73.81920062283514,7.219489732256672],[-73.81933434950534,7.2171398125406],[-73.81893307947443,7.215088567040331],[-73.81796099923221,7.2132425320274445],[-73.81678374453125,7.212297216056201],[-73.81516957400122,7.212029624686714],[-73.81284634803995,7.212698474033342],[-73.80984985348007,7.214040665673236],[-73.80520791713965,7.2162211940086145],[-73.80375871467363,7.216961397234942],[-73.80255031982423,7.218000354338153],[-73.80144002260545,7.219347052767968],[-73.79626740993794,7.225910854243292],[-73.79460864123493,7.228291965349018],[-73.79382835093952,7.229585105512433],[-73.79376138926936,7.231533750486448],[-73.79363662148607,7.235796664803643],[-73.79371237977531,7.239430862114951],[-73.7931059536094,7.240924634633238],[-73.79245940218654,7.241731723774715],[-73.78999345751856,7.2427795755658595],[-73.78796902985873,7.243301333481356],[-73.77940315666197,7.243903269504331],[-73.76606147591745,7.244581119091878],[-73.76480850437534,7.2441752815898095],[-73.76258784285415,7.2433280803863385],[-73.76068828511262,7.242436256060075],[-73.75826252756262,7.239038459900418],[-73.75692035820168,7.237491140494508],[-73.75087384122438,7.232461286936999],[-73.74941571537461,7.231689826227326],[-73.74804224289856,7.231368781440307],[-73.74650832035712,7.231364337207088],[-73.74488972085648,7.231850355097601],[-73.74242381854529,7.233179174847483],[-73.7323953249165,7.239145424105741],[-73.72920700100153,7.241927937276644],[-73.72648697758854,7.2444294800240385],[-73.72503334425622,7.246324627292517],[-73.72280380290162,7.24971350755883],[-73.72219734184326,7.251167190097445],[-73.71831788751265,7.253958567996795],[-73.71368487524799,7.254386631316935],[-73.69887621453752,7.254935127947708],[-73.69390428070187,7.25444461215908],[-73.68238648169404,7.2493522866524955],[-73.6704717634237,7.243136311814277],[-73.66624893557848,7.238998268916249],[-73.66727007107214,7.234748775074873],[-73.66707390998394,7.229625230635858],[-73.66683310941602,7.228613018024432],[-73.66622666077421,7.227765795478326],[-73.66554000281361,7.227364532570642],[-73.66457239049497,7.227199549160245],[-73.66365821584039,7.22732880901476],[-73.66172745977632,7.2276677421555995],[-73.66029608734505,7.2278461173211275],[-73.6590876404917,7.227939740983283],[-73.65726831001278,7.227957563256986],[-73.6548827215202,7.227591938457512],[-73.65367873384486,7.227297592141687],[-73.6520868795235,7.226615390110513],[-73.64986174788771,7.2250457700266795],[-73.64879157060714,7.223953246077783],[-73.64620530073789,7.221184147781017],[-73.62642921136606,7.210830118620241],[-73.62335242238679,7.212239244171779],[-73.62169807568745,7.212194641782312],[-73.62003931363776,7.211467838880358],[-73.61895128281517,7.210014129091415],[-73.61770270399404,7.206660864802345],[-73.61758231968143,7.204966435467328],[-73.61794796435369,7.20319173863807],[-73.61794796435369,7.201697894051591],[-73.61722565828282,7.199557519143964],[-73.61432275293988,7.192489845586055],[-73.61306974387976,7.191036202958956],[-73.61185688639051,7.19010867349003],[-73.61072874284392,7.189417516276341],[-73.60906989255571,7.188931517934989],[-73.60757616121631,7.188690678132183],[-73.60591737544728,7.1889314952584105],[-73.59783744383192,7.186782182386179],[-73.58971739265093,7.181324257063741],[-73.58207451064683,7.184989623742299],[-73.57819509672993,7.186117812678245],[-73.5719166616655,7.1837366151349284],[-73.56790352534917,7.183634128293],[-73.56868827660954,7.193586788575839],[-73.56924567914866,7.203173842363648],[-73.56991459616891,7.214798757056031],[-73.57019549754362,7.21853991454078],[-73.57559545170444,7.273101460879182],[-73.58375559146054,7.281386531877829],[-73.59050673374304,7.28603290681165],[-73.60655050615921,7.295860775803541],[-73.61323469194755,7.297684523614932],[-73.61764035570957,7.297283227075957],[-73.62238479064162,7.296930969857468],[-73.6243289433607,7.296881906113633],[-73.62452074339411,7.296881853721298],[-73.62463663185225,7.296881852168914],[-73.62490416325302,7.296953191324584],[-73.63062519138657,7.3006943736377155],[-73.63349687478096,7.303806848123683],[-73.63239544022453,7.305358607512195],[-73.6324178085407,7.305479067722242],[-73.63268083819642,7.306174651316179],[-73.63368417466262,7.307347357085647],[-73.63686348549852,7.3092380271808794],[-73.63833050453957,7.3100273271689105],[-73.64126909243159,7.310241374914631],[-73.64298589170531,7.308997225643482],[-73.64741373382796,7.31039296590353],[-73.65140466528558,7.318691349683838],[-73.65140466528557,7.319864086096592],[-73.6513466387952,7.320341245022737],[-73.64903239242162,7.331943832883148],[-73.64833229271032,7.339279051505071],[-73.65515919575614,7.343354652560272],[-73.66440290293079,7.351345366671531],[-73.66517435313915,7.352023086753362],[-73.66564697610231,7.3525403700781045],[-73.66731021940348,7.354569280972537],[-73.66831796687838,7.355938251122938],[-73.66899132264494,7.358199001856449],[-73.6694640265861,7.36037057590547],[-73.66956650700345,7.3611553673512375],[-73.67426195899543,7.366006849196547],[-73.68652006437247,7.361864379121634],[-73.6867920951014,7.361663697478301],[-73.68700610911668,7.361632505103361],[-73.69144736547439,7.361106281831245],[-73.69362336873249,7.360985920862384],[-73.69495221901504,7.361641389691426],[-73.70425832756017,7.368227476013918],[-73.70352258687231,7.371482673601042],[-73.70325057856225,7.371331036251356],[-73.70295180902711,7.371286412975632],[-73.70272892145857,7.371290936141821],[-73.70222504378371,7.371384577877739],[-73.70204660738645,7.371433575746951],[-73.701805848214,7.371500471715606],[-73.70153832770903,7.3716075218796755],[-73.70134210986014,7.371763548413763],[-73.70119941401458,7.371999887129182],[-73.70111024028544,7.372231770700951],[-73.70105222794913,7.372557303677771],[-73.70103444707493,7.372784681926384],[-73.70084271886263,7.37764958722282],[-73.70085609943227,7.378024131857711],[-73.70090064145643,7.37819804843616],[-73.70160074021155,7.380583644214332],[-73.70182811912296,7.381132156023676],[-73.70408887305776,7.386233358959287],[-73.70616685859947,7.3871028810381105],[-73.70671086702409,7.38732585501483],[-73.70735742515295,7.38756658472042],[-73.71759548760672,7.393305442343331],[-73.72209030855058,7.3969574721994595],[-73.72335225619597,7.3979384505361265],[-73.72377580694274,7.398188205137673],[-73.72402551918836,7.398335361486723],[-73.7264557302838,7.39950366975325],[-73.72653600352247,7.399539313466191],[-73.72665192376935,7.399561633082047],[-73.72848015054984,7.399793444326392],[-73.73194934510404,7.399450103802119],[-73.73388015133592,7.399298512119335],[-73.73718431549662,7.399062209710426],[-73.7398152174336,7.399405507718726],[-73.74212061776477,7.399846978573532],[-73.74518402896835,7.400743251322338],[-73.74809135336534,7.402584868469775],[-73.74929083014277,7.404587002564927],[-73.74970103878331,7.405536831061568],[-73.75004884908638,7.406638161468424],[-73.7523943532762,7.413086080292139],[-73.75830714668407,7.4180133928144825],[-73.76103158758485,7.420189419821944],[-73.7642510969474,7.422022126251641],[-73.76523654626247,7.421852679896487],[-73.76865223027764,7.421161457330382],[-73.77093081675444,7.421103549694527],[-73.77362411522724,7.421901702647193],[-73.77593397443215,7.423560481632358],[-73.77611234533376,7.429687286236874],[-73.77506438034332,7.436037057058343],[-73.77355274804346,7.439871835494111],[-73.77249597212182,7.44299320752756],[-73.77170221949385,7.446266254780654],[-73.77139906297091,7.449503513853727],[-73.77139457441959,7.451496743242818],[-73.77154619762737,7.453302722651637],[-73.77188508271176,7.455822082687231],[-73.77481024306796,7.467607513271943],[-73.77548800159695,7.475121085814809],[-73.7747701161002,7.4831920364841285],[-73.77139008586818,7.511525155418569],[-73.77442234870888,7.528077367945608],[-73.77462747229504,7.528732845623101],[-73.7747923789379,7.5294417993232425],[-73.72473011730384,7.587004387762403],[-73.724930712265,7.587147097822001],[-73.72522055995876,7.587276367840002],[-73.7350796230657,7.595864604876643],[-73.74358319593435,7.603592195555935],[-73.74370799492957,7.6037081719180675],[-73.74381061735467,7.603868676740268],[-73.74435012493797,7.605545330960675],[-73.74438576883949,7.6057727038761],[-73.74435901346817,7.606133904268391],[-73.74424310341232,7.6068027927245465],[-73.74417621492985,7.607007872065409],[-73.74399790539003,7.607404743970915],[-73.74369461719927,7.607774864850998],[-73.74323986362266,7.608082546439364],[-73.74201359505261,7.609447010252721],[-73.74170141522217,7.610815959617432],[-73.7417326601623,7.611284146407822],[-73.74188870522174,7.611788035021056],[-73.74212950639351,7.612461360119052],[-73.74727083889097,7.6255087190802975],[-73.7515203475492,7.632250847956865],[-73.7539684517834,7.633896291426024],[-73.755845718466,7.63475688609399],[-73.75819564375028,7.635800287738226],[-73.76092906373867,7.63670998916319],[-73.76334141259345,7.6376463960151435],[-73.76396130551835,7.640629519812306],[-73.76412182201227,7.645730766974168],[-73.76412182201227,7.646145441813227],[-73.76410844564268,7.646372852473324],[-73.7637605699456,7.6482278428190105],[-73.76364018237008,7.648696029973992],[-73.76351979472223,7.6491375170141644],[-73.76295349600161,7.650296848615348],[-73.76210180053936,7.651768387330506],[-73.75944416782711,7.66494943406049],[-73.76681512235912,7.673662521902095],[-73.76220881254291,7.686241686769851],[-73.76320324937598,7.68822152218284],[-73.76168712848576,7.694045058681889],[-73.76000158862793,7.6952936243333925],[-73.76058127229709,7.699418277720748],[-73.75826701640828,7.705959786052958],[-73.7572815328201,7.712764364115935],[-73.75950665218149,7.719016047552538],[-73.7587039601645,7.725053694258999],[-73.75676423504198,7.72910257354362],[-73.75408884516658,7.7343241181765],[-73.75461494814121,7.739759763182589],[-73.756095390918,7.743393970094077],[-73.75685347394169,7.743951362247699],[-73.75733504011566,7.744910071515272],[-73.75773185551978,7.746270050662013],[-73.75769172512885,7.7473447663441775],[-73.7574241889841,7.74814291440751],[-73.75668846274586,7.748976729507719],[-73.75591700218231,7.749427166942788],[-73.75499399280828,7.749806129340564],[-73.75259949942088,7.750733640962369],[-73.75634955194784,7.750885269196605],[-73.75789246678025,7.753186137665466],[-73.75865943090807,7.759268377552491],[-73.76196354669175,7.770679215711957],[-73.76198590072941,7.770884322578368],[-73.76198590072941,7.770960089792101],[-73.76198590072941,7.771053797773662],[-73.76196354669175,7.771169700265251],[-73.76195465894115,7.77121877053984],[-73.76186991107714,7.771388223395859],[-73.75992132874666,7.773492881113819],[-73.75956015888327,7.77376487985159],[-73.75950665218149,7.773800595717196],[-73.75928813640888,7.773934313255379],[-73.75862818860129,7.7741216000874],[-73.75592149108046,7.774839523373044],[-73.7549538618696,7.774982266142176],[-73.74128230159046,7.776921925329332],[-73.73894124679386,7.786825613057147],[-73.74307035205598,7.7969076581401],[-73.74799322220129,7.802401239531781],[-73.75084708671697,7.804131359254646],[-73.75137768718798,7.808434397993553],[-73.7517923805562,7.812050727491098],[-73.75106112267638,7.81696464122598],[-73.74995520791018,7.820652326948667],[-73.74435012493797,7.829476934062969],[-73.74178168238619,7.831537001019218],[-73.73101293692712,7.8355502210786865],[-73.72466322234185,7.8353228287294705],[-73.72152398296126,7.839358261337734],[-73.72205466070477,7.842381533466807],[-73.72429758935242,7.847714614851092],[-73.7151653494942,7.855999654935337],[-73.70448130324749,7.86426237818508],[-73.69336481801825,7.875815915303319],[-73.69330680346752,7.876083456431068],[-73.6922544561547,7.879093336482741],[-73.69020327026577,7.883619310522561],[-73.6900338040256,7.883837773764241],[-73.68981530283008,7.884109786108038],[-73.6895611478352,7.884310446764232],[-73.68483003500558,7.887199987068398],[-73.6836439166265,7.887788553122594],[-73.68310882741646,7.887926782077891],[-73.6803754318327,7.888350455884299],[-73.6783955270121,7.888198821769251],[-73.67740121146063,7.888163168846352],[-73.67610808205144,7.888310262187472],[-73.67591183965067,7.888368293125628],[-73.67571119619515,7.8884396222910365],[-73.67534107406524,7.888649204989752],[-73.67174705533824,7.890936711072744],[-73.67138590756049,7.891226528275142],[-73.6711495130458,7.891552033393123],[-73.67088195220641,7.892060362221735],[-73.67065902948005,7.892644499792484],[-73.67060109827236,7.892920978225844],[-73.67058771571196,7.893179663262527],[-73.67058771571196,7.893839583693595],[-73.67060109827236,7.894258706271791],[-73.67210820247641,7.903538155575548],[-73.67437790912834,7.909058516439838],[-73.6758672921503,7.921089117488512],[-73.67356194571525,7.930270444361018],[-73.6751270477853,7.939407090536938],[-73.68198960807409,7.940958904304692],[-73.68355922569555,7.948325316054822],[-73.68939168105955,7.9512906676600865],[-73.69767670758412,7.9518881386951294],[-73.70309010336622,7.964690254696018],[-73.70330859026943,7.965127253578546],[-73.70358499876389,7.965671210375756],[-73.70403984168088,7.966282156144734],[-73.70431184893158,7.966598695558198],[-73.70449468357695,7.966799397342863],[-73.70481132118258,7.967142704782242],[-73.70537760376637,7.967646599617375],[-73.70556483766923,7.967798256499514],[-73.70616685859947,7.968270908741155],[-73.70746446624402,7.969251863316142],[-73.70828936322381,7.969760216203838],[-73.70839640382223,7.969822653530657],[-73.70867729532483,7.969929651144624],[-73.7088467459885,7.969951950474936],[-73.70900730642288,7.9699742945316014],[-73.70914110668758,7.969983197440817],[-73.70927930700238,7.969983202223594],[-73.70966723720646,7.9698895522497635],[-73.70985895706754,7.9698360517860385],[-73.71010868650652,7.969737899443062],[-73.7110317219133,7.969260812244215],[-73.71149992797108,7.968935323219959],[-73.71167386615576,7.968810438452436],[-73.71181655462206,7.968707910004082],[-73.71228026899318,7.968315505981464],[-73.71340399069605,7.967321104384188],[-73.71683303637815,7.966299963583811],[-73.72225525832445,7.967022369150435],[-73.72262089501295,7.967107052745365],[-73.72283047134282,7.967187328462247],[-73.72323184442648,7.967454861427937],[-73.7234459097448,7.9676911972004865],[-73.72355734214658,7.967829458529529],[-73.72369113278141,7.968039047772023],[-73.72380705466244,7.9682663928501185],[-73.72392297647691,7.968641027705636],[-73.72393195570066,7.969100281949952],[-73.72392297647691,7.969416909386051],[-73.72388283934187,7.9700188411538795],[-73.72378478617304,7.9703934205551],[-73.7222865062795,7.975739896447345],[-73.72501098611035,7.98448861367302],[-73.72464984334678,7.988675759091412],[-73.72198776485622,7.9955561543421645],[-73.72398098225527,8.00485781748284],[-73.7236465059822,8.008813056058937],[-73.72085960119448,8.00919649904072],[-73.72102455197358,8.010110614456423],[-73.72116723383988,8.010587741876773],[-73.72205466070477,8.011644541846442],[-73.72786041755839,8.017436918092004],[-73.73431265873329,8.022346421643574],[-73.73413882983901,8.028829918695243],[-73.73722893929917,8.035937734178955],[-73.74285630758547,8.038907496578982],[-73.74913030177959,8.04353608940195],[-73.7495851318087,8.043964126962397],[-73.74983041279448,8.044267356319935],[-73.7500667154228,8.045065535156043],[-73.75009347003416,8.045502507912254],[-73.75003547177816,8.04605546709455],[-73.74986156669033,8.046456759488263],[-73.74965650752911,8.046835807934208],[-73.74907230324547,8.047397669305049],[-73.7480556203395,8.04791045391251],[-73.74731985976449,8.047905970082422],[-73.74658418627753,8.047830164766575],[-73.74579930930014,8.047687479567383],[-73.74498776375307,8.047495711963691],[-73.74404692706176,8.047241548526031],[-73.74323088525938,8.04746450454452],[-73.74269577408307,8.047669625754173],[-73.74241492992957,8.047914936449496],[-73.74214288422793,8.048244871181376],[-73.74197786094646,8.048677393259402],[-73.7418753273704,8.04911437374613],[-73.74179506024375,8.049738647786304],[-73.74190208307216,8.050153391017725],[-73.74247732979936,8.051187908834043],[-73.7427225296757,8.051491089174322],[-73.74414057099119,8.052926891480483],[-73.74843467739011,8.05673498119584],[-73.75325937728277,8.060079300383286],[-73.76196354669175,8.061983328708314],[-73.76673926409049,8.07062060017934],[-73.77026641873687,8.081804080391345],[-73.77366424242503,8.091043309841591],[-73.7767856110163,8.094347477582934],[-73.77949229570014,8.097054227802259],[-73.78231492155919,8.097923701113093],[-73.78681861654414,8.096652879936116],[-73.79111270504255,8.102231193792562],[-73.7914204094915,8.102806448901381],[-73.7914204094915,8.103444082753397],[-73.79130443692534,8.104104062081797],[-73.7909031102873,8.10569590671643],[-73.78992218594999,8.106850844541505],[-73.78905705119972,8.107497423897462],[-73.78856209692614,8.107684682413492],[-73.78803590371196,8.107778345997511],[-73.7873804492192,8.107796168291438],[-73.7862969069453,8.107573241944383],[-73.7858242074276,8.107359178693722],[-73.78550760763689,8.107171898931288],[-73.78514648398453,8.106939990869776],[-73.78471390671808,8.106369215120697],[-73.78430368005621,8.105736088175224],[-73.78372397538335,8.104549975726917],[-73.78336284850239,8.10413971998159],[-73.78290351714546,8.103733932496523],[-73.7824352978909,8.103551136970493],[-73.78179320018307,8.103363779125015],[-73.77947443198873,8.102913424002475],[-73.77845781361835,8.102824264401582],[-73.77683911309857,8.102851021073999],[-73.77634421829093,8.102993745133494],[-73.7758002185937,8.103167633473264],[-73.77540334923344,8.103412848173656],[-73.77498861497254,8.10376067838396],[-73.77468537366309,8.10422000058277],[-73.77431525346627,8.104960156638816],[-73.7741369707306,8.105392687002347],[-73.77093081675444,8.118538141145446],[-73.77470772627977,8.133739254692232],[-73.77538099669458,8.134809419776943],[-73.77553261687909,8.135500586178281],[-73.77561735895698,8.136093615821348],[-73.77570649968445,8.13680704981953],[-73.77578235455213,8.13758742824768],[-73.77586709652412,8.140271793414206],[-73.77582248131665,8.141484642140663],[-73.77548800159695,8.144672924813323],[-73.77526061611091,8.145011781978583],[-73.77665185574794,8.143665141084341],[-73.77740995069851,8.14007115537244],[-73.77823931853979,8.13862635867237],[-73.78017452669877,8.137248558742412],[-73.78397819108056,8.135255348646215],[-73.7863236567136,8.134363517987358],[-73.79130003858367,8.133748130119992],[-73.79454625761848,8.133681227115394],[-73.80180120647165,8.13299452819872],[-73.80502068644812,8.13141155366838],[-73.80677307265313,8.130394904358829],[-73.80831595674525,8.128856465697158],[-73.81041619854757,8.125431900484982],[-73.810737246373,8.124763010796336],[-73.81097356667983,8.123835517228061],[-73.81114750829826,8.122992782885783],[-73.81135259406639,8.122034088206869],[-73.81161566000837,8.120812296057268],[-73.81208390036682,8.119594905219481],[-73.8126947562639,8.118752152853288],[-73.81952165644134,8.110364624938665],[-73.82663389374218,8.104268979574528],[-73.84030552212569,8.095011909932252],[-73.85607739604512,8.083694704346787],[-73.85785651854125,8.082129581178567],[-73.86147286046949,8.078499856436029],[-73.86255195353485,8.076876792560228],[-73.86628422748812,8.070139049503895],[-73.8668995815337,8.06787385309524],[-73.86727859128987,8.065434735811452],[-73.86755064519036,8.063615358800012],[-73.86712255492819,8.061145008342923],[-73.8666231300641,8.0549869893038],[-73.86724745580955,8.050090899240518],[-73.86774687908576,8.047856959940946],[-73.86860296622733,8.043709998643754],[-73.86981589202067,8.036446056084689],[-73.87013693296832,8.034354809237891],[-73.87099749598097,8.014774828976565],[-73.86952158906959,7.993607468382821],[-73.86896860339816,7.98930002300265],[-73.86830426482824,7.986205384348466],[-73.86730981649285,7.981893415790193],[-73.86565110530294,7.976921547532041],[-73.86144163433883,7.971285239286236],[-73.85368726093601,7.963985666202312],[-73.8447869021854,7.955736349546534],[-73.83922199964194,7.9503453427048285],[-73.83548526422567,7.94478924129876],[-73.83158799617756,7.935871068100434],[-73.83114654565296,7.932005014933749],[-73.83192686869054,7.929686251230914],[-73.83559672386642,7.903266155142587],[-73.83559672386642,7.900421186126545],[-73.83536483030808,7.896225231791904],[-73.83462463573589,7.88913965027393],[-73.83396915558926,7.885037349835357],[-73.83317546888709,7.883730833309095],[-73.82849333454683,7.876087886976151],[-73.82416361679675,7.870192932838861],[-73.82121162908,7.864886635100301],[-73.82081924797639,7.861350555170537],[-73.81984268952745,7.847857343801055],[-73.82039563346973,7.838903417782116],[-73.82061856969165,7.835501180288047],[-73.82133655903951,7.83193832053963],[-73.82184040651053,7.8288749443323296],[-73.82212580582754,7.8258070715018535],[-73.8216263567529,7.823029081184694],[-73.82062754457456,7.820745980443731],[-73.8184157621364,7.8176068133560985],[-73.81578051014758,7.814949169823433],[-73.81069712664238,7.808951663759673],[-73.80953768985044,7.806878181151062],[-73.80853890654436,7.804390037742144],[-73.80795918269328,7.800662195372252],[-73.80737954690478,7.797014636379683],[-73.80679981966965,7.794031521188595],[-73.80630490952551,7.7917082969114615],[-73.80356699478969,7.785184666567015],[-73.79915693764093,7.7780634913239775],[-73.7981358419394,7.774986690703296],[-73.79801987328466,7.771731570973693],[-73.80824011426456,7.756160398365815],[-73.81380956791571,7.748704787644666],[-73.82029305041377,7.742408527309584],[-73.82444892301838,7.740919195036111],[-73.82611219894838,7.7399247866965375],[-73.82777546090006,7.738850133395323],[-73.82868960733569,7.73769076046061],[-73.82960365980209,7.736116685204963],[-73.83085227467039,7.733383308454382],[-73.83168159899809,7.73155948596135],[-73.83185103524696,7.7298204531127706],[-73.83062037554542,7.727153944607458],[-73.82862714468602,7.725000204239096],[-73.82439543374232,7.721847619681092],[-73.82057396451756,7.719109664755758],[-73.81766670864994,7.715711886019029],[-73.8147638079666,7.712309545901033],[-73.81235585084416,7.708911731954512],[-73.81094233256503,7.706173876322277],[-73.81061239948887,7.704269845537686],[-73.8109468202255,7.7021160348821756],[-73.81211064666792,7.69863351250759],[-73.81344391828246,7.695735088027892],[-73.81552184753409,7.691757574203462],[-73.81426434034096,7.68560400610962],[-73.80947082322419,7.672315927682722],[-73.80233185116056,7.661618542200478],[-73.7981982244308,7.656900790276732],[-73.79731535327888,7.654394782648481],[-73.7977612773027,7.650858739814181],[-73.79968310147058,7.646586876956936],[-73.80337527472082,7.644526757634038],[-73.80618005985478,7.644678377158598],[-73.80883769837457,7.645561254158907],[-73.81201703459833,7.646885679212908],[-73.81501798400048,7.646123124817082],[-73.81701117233933,7.644798780651703],[-73.81842473711907,7.642814492532433],[-73.8188706137468,7.639719885673947],[-73.81852283365322,7.6364469242506345],[-73.81619964697639,7.632299906406129],[-73.81354201728065,7.629316782224917],[-73.81196793985194,7.626748370863646],[-73.81083534670924,7.623867768447822],[-73.81031361032949,7.6165726664793985],[-73.81183860610176,7.613339851167576],[-73.8144115330873,7.6101693683364315],[-73.81590535377958,7.609054657887403],[-73.817260857975,7.608167240506297],[-73.81908466648163,7.607190720230516],[-73.82296405175815,7.605607775200428],[-73.8292291545748,7.598896775286644],[-73.82876535224648,7.591673050571629],[-73.83070958135555,7.577519894988091],[-73.83137844416082,7.575036128397892],[-73.83414747440415,7.572244786845289],[-73.83979274769125,7.567455673746043],[-73.84070235154891,7.566162523567418],[-73.84144261307806,7.564378861820033],[-73.84228095657957,7.561899660801722],[-73.84368554637813,7.555817392006784],[-73.8443900809778,7.551933506244303],[-73.84523280909802,7.547108824101003],[-73.84653489817488,7.541588392676437],[-73.8477611513201,7.537602008476688],[-73.84835870579616,7.535925357262473],[-73.84923264502353,7.5346679306996],[-73.85175653892937,7.533303430184896],[-73.85392810632032,7.532291244715952],[-73.85512308630757,7.532291170966922],[-73.85659461473446,7.532362574837419],[-73.8590471675659,7.53288868861161],[-73.86205700355116,7.533343540202975],[-73.86496432334619,7.533660147427431],[-73.86657853529205,7.533138444566619],[-73.86745257303288,7.53226441774587],[-73.86818824761076,7.531180872692884],[-73.87453804812309,7.519747736908646],[-73.87855128447504,7.5118060566238665],[-73.87965711049485,7.508158564266125],[-73.88154332573805,7.506281259356025],[-73.88530681950014,7.504956940339479],[-73.88973468848044,7.5035210830416],[-73.89649019615173,7.5024196627273065],[-73.9039101386256,7.501206800379091],[-73.90712068253055,7.499770994059629],[-73.90996561371122,7.497947238098702],[-73.91202126211908,7.495583915947616],[-73.91308249389004,7.493595148417409],[-73.91775561252398,7.4781220794159635],[-73.91825508614181,7.476445384876062],[-73.91825508614181,7.475076508180445],[-73.91813470307038,7.47426939109509],[-73.91769766345439,7.47315017644156],[-73.91682367098127,7.47184359240055],[-73.915022209672,7.470224988051593],[-73.90825334922636,7.457578977151009],[-73.90184561291058,7.443470407866521],[-73.8973463370534,7.434913316933503],[-73.8954199923176,7.43006633424669],[-73.89563405149651,7.417652179039221],[-73.89596850727956,7.408783000746788],[-73.8993796902904,7.391214159154373],[-73.9002135698192,7.388150793896834],[-73.90087797951064,7.386162010228885],[-73.90336613153677,7.384338201809808],[-73.90586322280996,7.374809131670662],[-73.90403950156553,7.36784845866906],[-73.90378974668624,7.3623771230517026],[-73.90395921043054,7.359144339282776],[-73.90485990461997,7.3542125331435875],[-73.90560458897438,7.3511982195448],[-73.90722322026657,7.348014367516509],[-73.90929226415638,7.346070191610926],[-73.91093320200129,7.335916814538625],[-73.91368451383853,7.31853976586468],[-73.91418390820168,7.313897849382615],[-73.9142686804246,7.31033499195735],[-73.91427307602032,7.305942799415543],[-73.9140234239664,7.302379991341961],[-73.91443804534772,7.299312076716699],[-73.91585162670582,7.295584290092134],[-73.91700648939704,7.289671509815621],[-73.91900420445943,7.283673997292184],[-73.92062281404183,7.280436710180166],[-73.92195615643598,7.277582921323795],[-73.92386017217366,7.271491789329214],[-73.92454683679709,7.267563316713535],[-73.9246583354742,7.261209035791144],[-73.92424364618489,7.255737758577001],[-73.92245552955966,7.2525227244294355],[-73.91995847170377,7.241758438006535],[-73.91978005153437,7.239377288551612],[-73.92002090526886,7.236104341551763],[-73.92239758189099,7.218553290296665],[-73.92316004983341,7.214838843851055],[-73.92349454806062,7.213456560305201]]]},"id":"00060000000000000658","properties":{"continent":"America","disp_en":"Puerto Wilches, Santander, Colombia","gaul0_code":185,"gaul0_name":"Colombia","gaul1_code":1940,"gaul1_name":"Santander","gaul2_code":114360,"gaul2_name":"Puerto Wilches","iso3_code":"COL","map_code":"COL"}},{"type":"Feature","geometry":{"type":"Polygon","coordinates":[[[-73.63308220930371,7.749204180087606],[-73.6335459231118,7.749257664971052],[-73.75246123902255,7.750733620962647],[-73.75259949942088,7.750733640962369],[-73.75499399280828,7.749806129340564],[-73.75591700218231,7.749427166942788],[-73.75668846274586,7.748976729507719],[-73.7574241889841,7.74814291440751],[-73.75769172512885,7.7473447663441775],[-73.75773185551978,7.746270050662013],[-73.75733504011566,7.744910071515272],[-73.75685347394169,7.743951362247699],[-73.756095390918,7.743393970094077],[-73.75461494814121,7.739759763182589],[-73.75408884516658,7.7343241181765],[-73.75676423504198,7.72910257354362],[-73.7587039601645,7.725053694258999],[-73.75950665218149,7.719016047552538],[-73.7572815328201,7.712764364115935],[-73.75826701640828,7.705959786052958],[-73.76058127229709,7.699418277720748],[-73.76000158862793,7.6952936243333925],[-73.76007735967204,7.693732928315853],[-73.759939194204,7.693144389275977],[-73.75492710790603,7.68300434694186],[-73.75045465693877,7.680204076191361],[-73.74506363024739,7.677033660640244],[-73.7371620484848,7.676106158242424],[-73.73304629025577,7.676061560477527],[-73.7291044609236,7.672030524644168],[-73.72763746765514,7.667491118804539],[-73.72791393268174,7.666862447833565],[-73.72802985213681,7.666220309442142],[-73.72799411554972,7.665631731694526],[-73.72781579168127,7.664985127020175],[-73.7275615945952,7.664320730617401],[-73.72713356225385,7.663852557135437],[-73.72658511923551,7.663263891292685],[-73.72587603802832,7.662929518394808],[-73.72505561260787,7.662559351414867],[-73.72009258279179,7.660735624373606],[-73.71937027902504,7.660499253167277],[-73.71764460549446,7.660557222271061],[-73.71668137190552,7.660829282664892],[-73.71595456615734,7.661221670026758],[-73.71548637041097,7.661631872840508],[-73.70841867400674,7.667963825549514],[-73.70469089837385,7.670853283725797],[-73.69890297593541,7.673412832177829],[-73.69827426175866,7.673586709336206],[-73.69772574049972,7.673667023133832],[-73.69690080052938,7.67356889221071],[-73.6961561424966,7.673234485446551],[-73.69547389611915,7.672628017802712],[-73.69502352424489,7.671767410369395],[-73.69467130849559,7.67071065902193],[-73.69316410197109,7.665841288672242],[-73.69237928685148,7.66310785116342],[-73.69206720996566,7.661685410984002],[-73.68818771748184,7.657070195050177],[-73.68068752666267,7.65173271968813],[-73.67884593571999,7.649017066440936],[-73.67649598581072,7.643987203833118],[-73.66987870820306,7.64267622118992],[-73.66505839777525,7.647108629046036],[-73.66073306298635,7.641918202128759],[-73.65953800200188,7.634070185013728],[-73.65315703958184,7.633196181688744],[-73.65319269951094,7.625053850684667],[-73.65712118201213,7.622708431082396],[-73.65871308698425,7.621227959246013],[-73.65871757803755,7.615725413460024],[-73.65128421089634,7.60967447989656],[-73.64595558276113,7.6061339035129505],[-73.63355481648921,7.602834167520586],[-73.6229064732736,7.603672462625666],[-73.61915198185665,7.607645578532394],[-73.61149572300513,7.601358248686679],[-73.5977972819263,7.5949906412349675],[-73.58042019307196,7.591347512518166],[-73.57433349207952,7.590629640038449],[-73.56795699240746,7.5895817653540725],[-73.5667396474271,7.589153673297912],[-73.56555356717864,7.58798985164413],[-73.56429163651613,7.586585232099248],[-73.55449948507719,7.571076497148805],[-73.55348722758316,7.560704623421192],[-73.54821215791011,7.547701880460225],[-73.54029723673341,7.543804611635775],[-73.5338627163997,7.533691327222734],[-73.52796780520276,7.524131032203402],[-73.5220372256875,7.51436559373248],[-73.51430512868409,7.506794029579137],[-73.50614497524256,7.5078063134310975],[-73.49916197941398,7.508831908259189],[-73.48685045418327,7.50567481790407],[-73.48019297155625,7.502910152080397],[-73.47315203156683,7.495325216943738],[-73.47079768759761,7.489247466366668],[-73.46676221226902,7.481738356546374],[-73.46504099628396,7.482451871969553],[-73.46353823611771,7.482844259706363],[-73.46224953102488,7.482982495870514],[-73.46056406128166,7.482804139521593],[-73.45949381208065,7.482549895839065],[-73.45838354871559,7.482121851691828],[-73.45738026987483,7.481225562244278],[-73.45705920885821,7.480369463591465],[-73.4570279208923,7.479401843551981],[-73.45745606214165,7.47818896489845],[-73.45828986520289,7.47719010195218],[-73.45907026019191,7.476369652596458],[-73.46082712742329,7.475584781208815],[-73.46183039001284,7.474835699524222],[-73.46290503282627,7.473979535022564],[-73.46426952378576,7.472730965838707],[-73.4648046370432,7.471910530031044],[-73.46498741315466,7.471197096786593],[-73.46505879738767,7.470086749563817],[-73.46466636361886,7.468802521264356],[-73.46434531359816,7.4678348629091476],[-73.46341785301608,7.467228456087731],[-73.46223622497371,7.466867293177979],[-73.45812047955313,7.466648814970864],[-73.45261348447778,7.4598174528553844],[-73.44292826884798,7.447260610881744],[-73.44097964590767,7.436037082585226],[-73.42179215275355,7.407757444654064],[-73.42098950049883,7.406691697192439],[-73.41998172974124,7.405973775394061],[-73.4186707304305,7.4055858517611295],[-73.41697628410353,7.405554606045205],[-73.41560735450133,7.406000547411669],[-73.4146575606021,7.406651575190543],[-73.4137300641912,7.407601394120155],[-73.41286946911694,7.40890341241791],[-73.40659106748807,7.408925740843328],[-73.40623881473307,7.407498827636832],[-73.40588206492922,7.406281504420659],[-73.40528897943649,7.405180068758381],[-73.40428122496296,7.403904760160233],[-73.40333147095664,7.4031020972496595],[-73.40187333275183,7.40226823882349],[-73.40071393766158,7.40173317531962],[-73.39946541361479,7.401403235675582],[-73.39857364483669,7.4012828302677995],[-73.39780220251102,7.401666334896869],[-73.3970574675646,7.402647287658457],[-73.39663837878065,7.40350792672362],[-73.39565288739539,7.408016036416615],[-73.39523370594713,7.408582379466066],[-73.3945782667694,7.40887670440453],[-73.37971163787549,7.410102940235113],[-73.37962691404677,7.409402809490437],[-73.37929692251222,7.408368304026585],[-73.3788286916324,7.407632562504014],[-73.37827573538144,7.407048430183234],[-73.3774597895493,7.406727349155772],[-73.37652331882629,7.406825444516496],[-73.37575188768164,7.407142081958227],[-73.37065067723209,7.41291212623898],[-73.37061505935908,7.418004477127121],[-73.36386392766364,7.423538153857101],[-73.35566367092827,7.426614974476065],[-73.35225245793693,7.425607195624258],[-73.34862278510795,7.4193823409439235],[-73.34850233768945,7.411654686135129],[-73.34857367063466,7.40777973390354],[-73.3484042885841,7.40112227447925],[-73.34787365325629,7.399543792160809],[-73.34756151422413,7.398897195704579],[-73.3471289265664,7.3984825245640975],[-73.34645121317058,7.398027647918448],[-73.3447834571312,7.397345432230781],[-73.34325844767731,7.39689509091313],[-73.3421615281275,7.3942864798472785],[-73.3418805956542,7.387963514188844],[-73.34198314549428,7.3862690412974965],[-73.3420232658572,7.385568958065824],[-73.34316039621184,7.381011742218773],[-73.34352156721759,7.380588134620705],[-73.34757482736775,7.370880672567556],[-73.34239334437227,7.350614056002669],[-73.34419488192803,7.348335428422293],[-73.34568867063685,7.34611927629517],[-73.34617919169767,7.3453076811249645],[-73.34658938267752,7.344295487466552],[-73.34685249819543,7.343595389585526],[-73.34697735426845,7.342850735042818],[-73.34700856827553,7.342360220957742],[-73.34700856827554,7.341981242991835],[-73.34687030908054,7.3386636343524705],[-73.34671873660263,7.338231118319442],[-73.34636197865078,7.337874389256524],[-73.34578231319865,7.33757561807501],[-73.34501976832365,7.337232270822229],[-73.34333428011074,7.336737355549257],[-73.34231760156737,7.336465318360589],[-73.34127411131558,7.336211169052348],[-73.34007912893182,7.336014976888858],[-73.3345542743485,7.335243497853228],[-73.33314964935505,7.33509637511706],[-73.33054998078282,7.334940314319989],[-73.32953783070944,7.334922506276484],[-73.32886447078522,7.334984889504249],[-73.32817779446081,7.335221248515998],[-73.32744649484856,7.335591322103148],[-73.32688908978668,7.336202196737818],[-73.32639861533907,7.336813150246708],[-73.32581448870468,7.33757121362902],[-73.32543988395565,7.3384808252743206],[-73.32226498399956,7.343345737856775],[-73.31906340824025,7.3466410101493835],[-73.30952092904622,7.354257110233598],[-73.303666096982,7.355590396938727],[-73.29276809165174,7.351247273035032],[-73.28511620433567,7.345031276029412],[-73.28368930790138,7.333727412343767],[-73.27938624781527,7.327190404167838],[-73.27635852483604,7.3140271264195995],[-73.27467304921295,7.306504626875766],[-73.27393284321636,7.300516031757829],[-73.27384807840365,7.300025571351784],[-73.27367863866475,7.299766880690306],[-73.27177456979675,7.297795978292402],[-73.26361001397119,7.289956882985892],[-73.25804058326254,7.284298289349742],[-73.25595369803621,7.28109663342894],[-73.2530106975792,7.274827156753947],[-73.2522125539574,7.271625542060942],[-73.24989829021672,7.253971922144398],[-73.25078562548404,7.2452009181362556],[-73.25080344414786,7.244478548774838],[-73.25080344414786,7.244161904076983],[-73.2507900351535,7.243742802781414],[-73.25077221648861,7.243390528932068],[-73.25050466636377,7.241597976730709],[-73.25035752715684,7.241045036677729],[-73.25018806946635,7.240460899807411],[-73.24990719958437,7.2396537801838345],[-73.24967087623672,7.239154342870699],[-73.2488369929885,7.237544661622061],[-73.24840448119227,7.236804414151471],[-73.2481191093405,7.236371886016251],[-73.248003106613,7.236220240474622],[-73.24759732157662,7.235850170518156],[-73.24741454257921,7.235747618838192],[-73.24712916945722,7.23564953183242],[-73.24691066213303,7.235649477948823],[-73.24657624111747,7.235729801604252],[-73.24624181959915,7.235930453826068],[-73.24605453972951,7.2361132566313575],[-73.24580480299302,7.236483320542481],[-73.24560411344848,7.2368846396525734],[-73.2352991372049,7.232229347176336],[-73.23052794186454,7.227146004841408],[-73.22696061628456,7.224207458582903],[-73.22193524909089,7.221433869248577],[-73.21805132386223,7.219418412687516],[-73.21783287806736,7.219619070661447],[-73.21752964578862,7.219801881588141],[-73.21729328813836,7.219904402990263],[-73.21692768034468,7.2200025393397],[-73.21667350067,7.2200337095357074],[-73.21638808823383,7.220033752999208],[-73.21280298543275,7.219993607981344],[-73.20198963475798,7.2194049926985135],[-73.19611702560826,7.217215577992114],[-73.19070812337762,7.213273750295185],[-73.18604391205058,7.2109193310485535],[-73.1795202996039,7.20797632022102],[-73.17687156980945,7.209068823179978],[-73.17379033319598,7.211516878476458],[-73.17160984700077,7.213068586238387],[-73.16837693435393,7.212546909850371],[-73.16361016971209,7.210660717266043],[-73.15730945628438,7.216038418622876],[-73.15439766355716,7.2158510934692695],[-73.14734787698336,7.21327823499836],[-73.14233586087435,7.210843556916214],[-73.136565787704,7.209693085374772],[-73.12968085519391,7.2142814606521695],[-73.12153409949613,7.221817379071001],[-73.1087320600086,7.240790873038522],[-73.10855367104395,7.241276879878611],[-73.10755483435665,7.243662489205851],[-73.10676112889473,7.245548725021885],[-73.10612347902871,7.246685775881102],[-73.10573995172653,7.247296652260524],[-73.10522269764105,7.247880818233326],[-73.10488824686799,7.248188520293375],[-73.10450480755179,7.248473918149342],[-73.09346854079334,7.255974117487007],[-73.08841634879049,7.258390902119176],[-73.08382794379028,7.262667173715852],[-73.08158949954331,7.266613500550109],[-73.08091620584467,7.267434001847098],[-73.08063080293313,7.267853104790426],[-73.08029631639535,7.26841940129846],[-73.08004216394131,7.268941139359431],[-73.07987275883677,7.26945842902067],[-73.07987275883677,7.270212016681247],[-73.07987275883677,7.270546454223435],[-73.07986825577542,7.270880880015221],[-73.0799173391395,7.271469454088715],[-73.08006891210435,7.271870791223812],[-73.08020274293406,7.272223030048554],[-73.08045239216116,7.272642226293766],[-73.08083587158028,7.273244147337035],[-73.08125501439625,7.273899667420381],[-73.08155824852831,7.274350011893396],[-73.08998154954573,7.286728548735146],[-73.09048091659166,7.2873126394911845],[-73.09076630729861,7.287615843953841],[-73.09103386639343,7.2878521728638965],[-73.09140399980161,7.2880216329178],[-73.09450301069855,7.288480899712722],[-73.10312251160188,7.289653646199819],[-73.10359069212046,7.289702703391301],[-73.10605657116564,7.289493154664767],[-73.11252222987046,7.293706970806757],[-73.11070738658078,7.3118376835494425],[-73.1087320600086,7.317710364135658],[-73.1087320600086,7.317928808227671],[-73.10883903929083,7.3180982926496645],[-73.1131019609419,7.3222229854298435],[-73.11818530570417,7.325228357422619],[-73.11877834923276,7.328140196066298],[-73.11445754259196,7.337143086094465],[-73.10547691232084,7.353342988048092],[-73.10029098517857,7.363652477007206],[-73.10173120205786,7.371540602473778],[-73.10625279215151,7.374456846655261],[-73.1089772658147,7.379357445521802],[-73.11032836941362,7.383089646945853],[-73.10911107981636,7.3916020686305215],[-73.10898176830594,7.392199613554273],[-73.1087409749507,7.392649985424511],[-73.10797401851265,7.393746937999376],[-73.10685919408186,7.394812627631214],[-73.09960874085219,7.401929418860865],[-73.0954484114387,7.41247071724984],[-73.09309841070747,7.4166132256631165],[-73.09273278283577,7.417148280724179],[-73.09244298180924,7.417567455458007],[-73.0920594316605,7.418004430413645],[-73.09125234423874,7.418749095354876],[-73.09036942590062,7.419302071021584],[-73.0897540647576,7.419645424782196],[-73.08931269319514,7.420046708186771],[-73.08873740493394,7.420599664051438],[-73.08766274315816,7.421687643110002],[-73.08750667227612,7.4219016853919415],[-73.08737293574657,7.422187059130311],[-73.08723919913938,7.422472433711151],[-73.08417134109888,7.431078520445524],[-73.08289600432468,7.434864340493721],[-73.08240994974713,7.4374460995796765],[-73.08166974348461,7.443376763156689],[-73.08162957648719,7.444121418343973],[-73.08162957648717,7.4442774821468936],[-73.081647498534,7.444602945802917],[-73.08229845514883,7.44536993660453],[-73.08260619091637,7.445637519868847],[-73.08314123769784,7.446020948259448],[-73.08484462528851,7.447153557848541],[-73.08669965894732,7.448116736126674],[-73.08876865497504,7.457877706971652],[-73.08205772389769,7.457347060503531],[-73.07851274024813,7.45728021111996],[-73.07879364269829,7.4578376153147],[-73.07891846810823,7.458172018012594],[-73.07899429996208,7.458519843682315],[-73.07929753706678,7.460013613628076],[-73.07952494211834,7.461177461407967],[-73.07973451481288,7.462425998651732],[-73.07973451481288,7.462537514112985],[-73.07973451481288,7.462805056608295],[-73.07973451481288,7.462938828262805],[-73.07971217961429,7.463054715500917],[-73.07967651534106,7.463206325590758],[-73.07915478962283,7.464833930937094],[-73.07840124376558,7.4660556786826415],[-73.07788401826338,7.466457006220212],[-73.07676031191868,7.468017742819248],[-73.07739795312244,7.470358789642629],[-73.07925295664424,7.472182556562],[-73.08728377801707,7.4731367511924045],[-73.0949891297968,7.473707539041912],[-73.10120061110928,7.470858199547136],[-73.1112202158907,7.46282735986872],[-73.1134229825642,7.4589657373811695],[-73.11780188864748,7.451122159789692],[-73.12343367848865,7.445891695039969],[-73.13252579412206,7.439046941479245],[-73.13849657482088,7.438725924113413],[-73.16012316939083,7.433459702964255],[-73.16624104945065,7.4311052662685855],[-73.17003125225503,7.428434315466514],[-73.17022750814695,7.425754372820253],[-73.17578796093012,7.414927658906078],[-73.18484890277766,7.412412693696402],[-73.18501831992029,7.412435056405651],[-73.18745748056341,7.414762669601007],[-73.18941943018645,7.417692276971024],[-73.1910559504518,7.424537063260401],[-73.1922955751281,7.429789809668822],[-73.19287528253135,7.43233603421143],[-73.19439133635404,7.4380436235547345],[-73.19488183275831,7.439573151122999],[-73.19666107720808,7.444027795815281],[-73.19768661629506,7.446306364234967],[-73.20105322848045,7.448023108060554],[-73.20271207722926,7.448446703697303],[-73.20828594966855,7.449441145119954],[-73.21020334273692,7.44832185743437],[-73.21183980161825,7.44669431771185],[-73.2136145912696,7.44411691423801],[-73.21649510668915,7.442636510762124],[-73.2258859793373,7.445980876854627],[-73.22605095534522,7.446078949066523],[-73.2277721707608,7.447421158340948],[-73.22801301745729,7.447733295373832],[-73.22818240201129,7.447974040876424],[-73.22846779939378,7.448451161750558],[-73.22952019346432,7.450292774799374],[-73.229756538188,7.451086508302478],[-73.22997056224969,7.452473281338449],[-73.22997056224969,7.452758698814327],[-73.22941318124326,7.455224543769385],[-73.23261479550168,7.4607315425417555],[-73.23738153627052,7.449570389308446],[-73.24679915851874,7.437914309341571],[-73.2530106975792,7.435100605740845],[-73.2638864571059,7.436108429656554],[-73.27765166492453,7.434115149237242],[-73.28190122034616,7.4327685076963075],[-73.29399428365127,7.43364247750439],[-73.29768199604754,7.435640163320404],[-73.3045222662603,7.439573125586165],[-73.3050885453689,7.439943223677743],[-73.3062479104686,7.440982174588832],[-73.3076525280616,7.442556280257595],[-73.30771046879423,7.447514752757459],[-73.30664926925627,7.451648360749829],[-73.30615874951755,7.4529861312974175],[-73.30550322197924,7.4541410250038425],[-73.30362147100128,7.455162137104089],[-73.30014790442347,7.455960297284953],[-73.29876996107318,7.455786420858951],[-73.29731184198333,7.454930224498049],[-73.29455618106489,7.457957996619895],[-73.2935795853452,7.459260068759593],[-73.29389171135055,7.463598787977919],[-73.29390961651877,7.463768230643733],[-73.29395865327854,7.464084794287065],[-73.29971981168391,7.470688700640161],[-73.30539624646515,7.477078632914048],[-73.31128665997494,7.484574331181857],[-73.32061962442931,7.490852772354734],[-73.32217133135352,7.491481481874401],[-73.32431174762411,7.494683172310167],[-73.324445522946,7.4949907933723035],[-73.324904784609,7.496083335030178],[-73.32521245789694,7.496921632122669],[-73.32543988395565,7.497728728509617],[-73.32535963712964,7.498130058862609],[-73.32099864569419,7.5038822536118825],[-73.31909012796635,7.508876474859763],[-73.31941562254966,7.510557519527033],[-73.31798876874448,7.514481573366844],[-73.31723962179419,7.516256294475863],[-73.31689181233602,7.516907318907107],[-73.31645034723407,7.517384448236367],[-73.30799585367039,7.525696165748542],[-73.30571285424857,7.52706956507674],[-73.29438666724838,7.532790617494899],[-73.28637366154175,7.54328292208349],[-73.28191012842694,7.548241428277688],[-73.28307843360363,7.548936988793703],[-73.28838917728018,7.5490841381877205],[-73.28884851433858,7.5489861102181095],[-73.28938361156207,7.548397456532091],[-73.3060294615757,7.546252648847103],[-73.32347337842863,7.547523511823704],[-73.34072564723891,7.546596016891355],[-73.3477264892035,7.545980673446],[-73.34996938091064,7.543996338948268],[-73.35348767168924,7.544268326091707],[-73.35409852961202,7.544330742725405],[-73.35505722498047,7.544446693908678],[-73.35576621427643,7.544714281387295],[-73.36171022766382,7.547108821455179],[-73.36388623450138,7.550051837097534],[-73.3667267396984,7.555496345196227],[-73.36977228121147,7.563442477959806],[-73.37477988232459,7.566751171642345],[-73.37613540002255,7.5682984321962445],[-73.37647879769122,7.568704264400316],[-73.38008614917942,7.5732123980723705],[-73.38237817301089,7.576097377905563],[-73.38285530017177,7.57673061587308],[-73.38447842402505,7.578964600586702],[-73.38532564180714,7.580217652432697],[-73.3855351972854,7.58098458306451],[-73.3857091371718,7.581541943542859],[-73.38599001291813,7.5818942544259125],[-73.38644482759335,7.582139491791337],[-73.38696655469786,7.582242060717407],[-73.39073894322057,7.582393644575159],[-73.39136768322126,7.5823445759173795],[-73.39194740667949,7.581952232535949],[-73.39882779391856,7.577051640749755],[-73.39921567196421,7.576730592948004],[-73.39934499446832,7.576409517416037],[-73.39933168450625,7.5758923215901675],[-73.3991532589894,7.575169922637508],[-73.39891251021255,7.574349426471505],[-73.39852903831438,7.573653822288088],[-73.39817227573629,7.573252514924415],[-73.3979003191923,7.572993881749727],[-73.39728940497695,7.572793245802885],[-73.39660717192231,7.572632726739066],[-73.39589813649388,7.572396378452499],[-73.39550575578915,7.571821164690326],[-73.39534963069865,7.571138917589486],[-73.39553696280693,7.567865934600132],[-73.395751005055,7.567188095219551],[-73.39653576485767,7.566925025454893],[-73.40543619428979,7.565342037075197],[-73.4064885482367,7.565239542540779],[-73.40748289298459,7.565163728214211],[-73.40874476983359,7.56516368741406],[-73.41031886808787,7.5653510174053675],[-73.41197316962092,7.565850400825522],[-73.4135205361364,7.56640335329032],[-73.41467095954165,7.5670855866582585],[-73.43306925195196,7.571156768791394],[-73.44394051713923,7.573087489611244],[-73.45092793845485,7.573707306909267],[-73.45795100386103,7.574915723264555],[-73.46853690665596,7.578465220697693],[-73.47968909182917,7.586446954675694],[-73.48898186156097,7.59109785993806],[-73.49621895746174,7.594156772093205],[-73.50639468148897,7.597563563610521],[-73.50907455560122,7.601237826977799],[-73.50969440758897,7.604100541009105],[-73.50853505997073,7.606566426494952],[-73.50820949229573,7.607007893998395],[-73.50799996738847,7.6076054301001825],[-73.50797767558,7.60822971875701],[-73.50808913459885,7.609130410322386],[-73.50820508787041,7.609799273582978],[-73.50852616124749,7.611092439426902],[-73.50924399038168,7.6120645519059105],[-73.51511219223542,7.618325128921364],[-73.51895152165648,7.619511205720874],[-73.51873301926918,7.62703817481988],[-73.51636965561524,7.631827217272901],[-73.51643652836789,7.633593072200083],[-73.5168780318143,7.6361704426156285],[-73.5182871155028,7.640112292247512],[-73.52064146951233,7.641075438065786],[-73.5267593949077,7.645539017342962],[-73.53097320692264,7.651496367226806],[-73.53590943567018,7.659161535482083],[-73.5477349524593,7.6668847044929995],[-73.5518373559737,7.668953771677273],[-73.55346943395051,7.669479871616556],[-73.55868209464458,7.674434005052783],[-73.56090272671884,7.677033646974093],[-73.56111678178408,7.677310111310178],[-73.56114796443057,7.677577595287838],[-73.5608982335371,7.6792408932546445],[-73.55989939683586,7.6831871811114745],[-73.55744690218965,7.687472409944159],[-73.55779467992474,7.689131160007788],[-73.5590611431432,7.690517953031859],[-73.56197290998382,7.693590241354052],[-73.56519681621054,7.695828749057443],[-73.56640967714753,7.6964173105838],[-73.56805062712183,7.6960561214919245],[-73.58336769241389,7.696769590382467],[-73.594394992159,7.700341369421462],[-73.59910384265112,7.705754680947344],[-73.60132449177596,7.712322946571053],[-73.60074480366634,7.716759759260582],[-73.60426747100142,7.727327846253919],[-73.61633382240738,7.73622369643362],[-73.62011513689106,7.73895272755474],[-73.62612601732143,7.741012792351279],[-73.6279943143771,7.741489948565212],[-73.62909577251283,7.741690601422785],[-73.63027744610326,7.741579151522632],[-73.63213241020352,7.742591310481089],[-73.63325612456242,7.745632441697815],[-73.63371534637695,7.747514172617713],[-73.63379116459033,7.747902124324809],[-73.63373771454944,7.748276684843903],[-73.63304205426178,7.7491952424598844],[-73.63308220930371,7.749204180087606]]]},"id":"00060000000000000659","properties":{"continent":"America","disp_en":"Rionegro, Santander, Colombia","gaul0_code":185,"gaul0_name":"Colombia","gaul1_code":1940,"gaul1_name":"Santander","gaul2_code":114361,"gaul2_name":"Rionegro","iso3_code":"COL","map_code":"COL"}},{"type":"Feature","geometry":{"type":"Polygon","coordinates":[[[-73.55141821335668,7.163701925351414],[-73.54804715818257,7.164883595514212],[-73.54739165144233,7.16499950377915],[-73.54646410679148,7.164968300533229],[-73.54571054675218,7.1648791526836435],[-73.54497037470081,7.164633902447715],[-73.54417214347936,7.164228118230761],[-73.54324018085822,7.163501262647724],[-73.54254457635037,7.162917125482871],[-73.53765299140322,7.1609239136840195],[-73.53146815620882,7.160219391159105],[-73.52894881893037,7.160335297257617],[-73.52594338821562,7.161659639001173],[-73.5204854361769,7.167416324361916],[-73.51496505324869,7.167674978827074],[-73.50724186480362,7.167893476547959],[-73.49919326116185,7.1676526888861325],[-73.49447550773408,7.165663947585589],[-73.4928256220282,7.163247119510982],[-73.49285241007595,7.162979547475092],[-73.49260268780785,7.161855841472144],[-73.49253131285049,7.161690891159647],[-73.49241984561449,7.161534776016258],[-73.49227718544523,7.1614277712974435],[-73.4920987477319,7.1613296803624],[-73.4919070056786,7.1612806417506025],[-73.48874552900514,7.161467917970338],[-73.48838433252341,7.161503579259647],[-73.48804992408112,7.161588334855],[-73.48792065529966,7.161708671399704],[-73.48269005773939,7.1685667564470705],[-73.47276410781679,7.16669840213326],[-73.45721519907939,7.160090036095663],[-73.4433652499568,7.170582340169845],[-73.44376662440948,7.175188550343011],[-73.44359713730545,7.177328884284107],[-73.44262507896052,7.178403587652305],[-73.44018147143971,7.180530551337483],[-73.43700663711495,7.1809809463349],[-73.43429096498147,7.186215929173149],[-73.43243155220537,7.189310519576565],[-73.42789665373698,7.192476521658473],[-73.42357135753785,7.195125171025105],[-73.4126777456904,7.200538510332018],[-73.40699682741412,7.202241934014474],[-73.4006069190288,7.206393358194128],[-73.39698615058228,7.209523596439822],[-73.38405922087713,7.232791219025339],[-73.37808847824355,7.243265641434258],[-73.36817144343001,7.257922752695053],[-73.36166120609455,7.2708050870332155],[-73.3565287214982,7.282947181896358],[-73.36049736782657,7.287977096106049],[-73.36617824985682,7.2989598057584395],[-73.37016911589795,7.311918009431136],[-73.37059275321339,7.315360408512678],[-73.3701290007292,7.3252952392204],[-73.36789054456015,7.330311740160697],[-73.36641013044775,7.337869920625642],[-73.36978568293871,7.351666397988855],[-73.37227380267788,7.362524305605435],[-73.37164509710142,7.368115986515287],[-73.3746861623214,7.369676679282908],[-73.37797254422827,7.371558466940088],[-73.38153535071629,7.374653040912298],[-73.38169148579546,7.37499638925163],[-73.38192334977755,7.375642996569529],[-73.38202588070664,7.375964045133581],[-73.38214181254948,7.376458967269117],[-73.38219982341724,7.376873714432127],[-73.38217302149887,7.377364173511354],[-73.38213731558234,7.377792296004104],[-73.38209279560256,7.378238209819497],[-73.3819901747658,7.378733109763285],[-73.37919439028943,7.3861263559696],[-73.37806617286763,7.388181959337944],[-73.37482890092815,7.3912052799141765],[-73.37398613917203,7.3892967811185715],[-73.37390582029774,7.38902922500887],[-73.37373636806211,7.388890960758279],[-73.37344657205254,7.388841923340645],[-73.3731433741365,7.388940006161589],[-73.3729739213044,7.3890782418795],[-73.37260380491773,7.389461724108233],[-73.3723496249868,7.389818459020817],[-73.37214455391221,7.390728088017927],[-73.37173423129343,7.39290418441619],[-73.37168080474883,7.393497238059058],[-73.37222028632289,7.396012152113006],[-73.37275985649687,7.397309793579568],[-73.38324770386949,7.402406527460917],[-73.39206774002248,7.403044129478895],[-73.39663837878065,7.40350792672362],[-73.3970574675646,7.402647287658457],[-73.39780220251102,7.401666334896869],[-73.39857364483669,7.4012828302677995],[-73.39946541361479,7.401403235675582],[-73.40071393766158,7.40173317531962],[-73.40187333275183,7.40226823882349],[-73.40333147095664,7.4031020972496595],[-73.40428122496296,7.403904760160233],[-73.40528897943649,7.405180068758381],[-73.40588206492922,7.406281504420659],[-73.40623881473307,7.407498827636832],[-73.40659106748807,7.408925740843328],[-73.41286946911694,7.40890341241791],[-73.4137300641912,7.407601394120155],[-73.4146575606021,7.406651575190543],[-73.41560735450133,7.406000547411669],[-73.41697628410353,7.405554606045205],[-73.4186707304305,7.4055858517611295],[-73.41998172974124,7.405973775394061],[-73.42098950049883,7.406691697192439],[-73.42179215275355,7.407757444654064],[-73.44097964590767,7.436037082585226],[-73.44292826884798,7.447260610881744],[-73.45261348447778,7.4598174528553844],[-73.45812047955313,7.466648814970864],[-73.46223622497371,7.466867293177979],[-73.46341785301608,7.467228456087731],[-73.46434531359816,7.4678348629091476],[-73.46466636361886,7.468802521264356],[-73.46505879738767,7.470086749563817],[-73.46498741315466,7.471197096786593],[-73.4648046370432,7.471910530031044],[-73.46426952378576,7.472730965838707],[-73.46290503282627,7.473979535022564],[-73.46183039001284,7.474835699524222],[-73.46082712742329,7.475584781208815],[-73.45907026019191,7.476369652596458],[-73.45828986520289,7.47719010195218],[-73.45745606214165,7.47818896489845],[-73.4570279208923,7.479401843551981],[-73.45705920885821,7.480369463591465],[-73.45738026987483,7.481225562244278],[-73.45838354871559,7.482121851691828],[-73.45949381208065,7.482549895839065],[-73.46056406128166,7.482804139521593],[-73.46224953102488,7.482982495870514],[-73.46353823611771,7.482844259706363],[-73.46504099628396,7.482451871969553],[-73.46676221226902,7.481738356546374],[-73.47079768759761,7.489247466366668],[-73.47315203156683,7.495325216943738],[-73.48019297155625,7.502910152080397],[-73.48685045418327,7.50567481790407],[-73.49916197941398,7.508831908259189],[-73.50614497524256,7.5078063134310975],[-73.51430512868409,7.506794029579137],[-73.5220372256875,7.51436559373248],[-73.52796780520276,7.524131032203402],[-73.5338627163997,7.533691327222734],[-73.54029723673341,7.543804611635775],[-73.54821215791011,7.547701880460225],[-73.55348722758316,7.560704623421192],[-73.55449948507719,7.571076497148805],[-73.56429163651613,7.586585232099248],[-73.56555356717864,7.58798985164413],[-73.5667396474271,7.589153673297912],[-73.56795699240746,7.5895817653540725],[-73.57433349207952,7.590629640038449],[-73.58042019307196,7.591347512518166],[-73.5977972819263,7.5949906412349675],[-73.61149572300513,7.601358248686679],[-73.61915198185665,7.607645578532394],[-73.6229064732736,7.603672462625666],[-73.63355481648921,7.602834167520586],[-73.64595558276113,7.6061339035129505],[-73.65128421089634,7.60967447989656],[-73.65871757803755,7.615725413460024],[-73.65871308698425,7.621227959246013],[-73.65712118201213,7.622708431082396],[-73.65319269951094,7.625053850684667],[-73.65315703958184,7.633196181688744],[-73.65953800200188,7.634070185013728],[-73.66073306298635,7.641918202128759],[-73.66505839777525,7.647108629046036],[-73.66987870820306,7.64267622118992],[-73.67649598581072,7.643987203833118],[-73.67884593571999,7.649017066440936],[-73.68068752666267,7.65173271968813],[-73.68818771748184,7.657070195050177],[-73.69206720996566,7.661685410984002],[-73.69237928685148,7.66310785116342],[-73.69316410197109,7.665841288672242],[-73.69467130849559,7.67071065902193],[-73.69502352424489,7.671767410369395],[-73.69547389611915,7.672628017802712],[-73.6961561424966,7.673234485446551],[-73.69690080052938,7.67356889221071],[-73.69772574049972,7.673667023133832],[-73.69827426175866,7.673586709336206],[-73.69890297593541,7.673412832177829],[-73.70469089837385,7.670853283725797],[-73.70841867400674,7.667963825549514],[-73.71548637041097,7.661631872840508],[-73.71595456615734,7.661221670026758],[-73.71668137190552,7.660829282664892],[-73.71764460549446,7.660557222271061],[-73.71937027902504,7.660499253167277],[-73.72009258279179,7.660735624373606],[-73.72505561260787,7.662559351414867],[-73.72587603802832,7.662929518394808],[-73.72658511923551,7.663263891292685],[-73.72713356225385,7.663852557135437],[-73.7275615945952,7.664320730617401],[-73.72781579168127,7.664985127020175],[-73.72799411554972,7.665631731694526],[-73.72802985213681,7.666220309442142],[-73.72791393268174,7.666862447833565],[-73.72763746765514,7.667491118804539],[-73.7291044609236,7.672030524644168],[-73.73304629025577,7.676061560477527],[-73.7371620484848,7.676106158242424],[-73.74506363024739,7.677033660640244],[-73.75045465693877,7.680204076191361],[-73.75492710790603,7.68300434694186],[-73.759939194204,7.693144389275977],[-73.76007735967204,7.693732928315853],[-73.76000158862793,7.6952936243333925],[-73.76168712848576,7.694045058681889],[-73.76320324937598,7.68822152218284],[-73.76220881254291,7.686241686769851],[-73.76681512235912,7.673662521902095],[-73.75944416782711,7.66494943406049],[-73.76210180053936,7.651768387330506],[-73.76295349600161,7.650296848615348],[-73.76351979472223,7.6491375170141644],[-73.76364018237008,7.648696029973992],[-73.7637605699456,7.6482278428190105],[-73.76410844564268,7.646372852473324],[-73.76412182201227,7.646145441813227],[-73.76412182201227,7.645730766974168],[-73.76396130551835,7.640629519812306],[-73.76334141259345,7.6376463960151435],[-73.76092906373867,7.63670998916319],[-73.75819564375028,7.635800287738226],[-73.755845718466,7.63475688609399],[-73.7539684517834,7.633896291426024],[-73.7515203475492,7.632250847956865],[-73.74727083889097,7.6255087190802975],[-73.74212950639351,7.612461360119052],[-73.74188870522174,7.611788035021056],[-73.7417326601623,7.611284146407822],[-73.74170141522217,7.610815959617432],[-73.74201359505261,7.609447010252721],[-73.74323986362266,7.608082546439364],[-73.74369461719927,7.607774864850998],[-73.74399790539003,7.607404743970915],[-73.74417621492985,7.607007872065409],[-73.74424310341232,7.6068027927245465],[-73.74435901346817,7.606133904268391],[-73.74438576883949,7.6057727038761],[-73.74435012493797,7.605545330960675],[-73.74381061735467,7.603868676740268],[-73.74370799492957,7.6037081719180675],[-73.74358319593435,7.603592195555935],[-73.7350796230657,7.595864604876643],[-73.72522055995876,7.587276367840002],[-73.724930712265,7.587147097822001],[-73.72473011730384,7.587004387762403],[-73.7747923789379,7.5294417993232425],[-73.77462747229504,7.528732845623101],[-73.77442234870888,7.528077367945608],[-73.77139008586818,7.511525155418569],[-73.7747701161002,7.4831920364841285],[-73.77548800159695,7.475121085814809],[-73.77481024306796,7.467607513271943],[-73.77188508271176,7.455822082687231],[-73.77154619762737,7.453302722651637],[-73.77139457441959,7.451496743242818],[-73.77139906297091,7.449503513853727],[-73.77170221949385,7.446266254780654],[-73.77249597212182,7.44299320752756],[-73.77355274804346,7.439871835494111],[-73.77506438034332,7.436037057058343],[-73.77611234533376,7.429687286236874],[-73.77593397443215,7.423560481632358],[-73.77362411522724,7.421901702647193],[-73.77093081675444,7.421103549694527],[-73.76865223027764,7.421161457330382],[-73.76523654626247,7.421852679896487],[-73.7642510969474,7.422022126251641],[-73.76103158758485,7.420189419821944],[-73.75830714668407,7.4180133928144825],[-73.7523943532762,7.413086080292139],[-73.75004884908638,7.406638161468424],[-73.74970103878331,7.405536831061568],[-73.74929083014277,7.404587002564927],[-73.74809135336534,7.402584868469775],[-73.74518402896835,7.400743251322338],[-73.74212061776477,7.399846978573532],[-73.7398152174336,7.399405507718726],[-73.73718431549662,7.399062209710426],[-73.73388015133592,7.399298512119335],[-73.73194934510404,7.399450103802119],[-73.72848015054984,7.399793444326392],[-73.72665192376935,7.399561633082047],[-73.72653600352247,7.399539313466191],[-73.7264557302838,7.39950366975325],[-73.72402551918836,7.398335361486723],[-73.72377580694274,7.398188205137673],[-73.72335225619597,7.3979384505361265],[-73.72209030855058,7.3969574721994595],[-73.71759548760672,7.393305442343331],[-73.70735742515295,7.38756658472042],[-73.70671086702409,7.38732585501483],[-73.70616685859947,7.3871028810381105],[-73.70408887305776,7.386233358959287],[-73.70182811912296,7.381132156023676],[-73.70160074021155,7.380583644214332],[-73.70090064145643,7.37819804843616],[-73.70085609943227,7.378024131857711],[-73.70084271886263,7.37764958722282],[-73.70103444707493,7.372784681926384],[-73.70105222794913,7.372557303677771],[-73.70111024028544,7.372231770700951],[-73.70119941401458,7.371999887129182],[-73.70134210986014,7.371763548413763],[-73.70153832770903,7.3716075218796755],[-73.701805848214,7.371500471715606],[-73.70204660738645,7.371433575746951],[-73.70222504378371,7.371384577877739],[-73.70272892145857,7.371290936141821],[-73.70295180902711,7.371286412975632],[-73.70325057856225,7.371331036251356],[-73.70352258687231,7.371482673601042],[-73.70425832756017,7.368227476013918],[-73.69495221901504,7.361641389691426],[-73.69362336873249,7.360985920862384],[-73.69144736547439,7.361106281831245],[-73.68700610911668,7.361632505103361],[-73.6867920951014,7.361663697478301],[-73.68652006437247,7.361864379121634],[-73.67426195899543,7.366006849196547],[-73.66956650700345,7.3611553673512375],[-73.6694640265861,7.36037057590547],[-73.66899132264494,7.358199001856449],[-73.66831796687838,7.355938251122938],[-73.66731021940348,7.354569280972537],[-73.66564697610231,7.3525403700781045],[-73.66517435313915,7.352023086753362],[-73.66440290293079,7.351345366671531],[-73.65515919575614,7.343354652560272],[-73.64833229271032,7.339279051505071],[-73.64903239242162,7.331943832883148],[-73.6513466387952,7.320341245022737],[-73.65140466528557,7.319864086096592],[-73.65140466528558,7.318691349683838],[-73.64741373382796,7.31039296590353],[-73.64298589170531,7.308997225643482],[-73.64126909243159,7.310241374914631],[-73.63833050453957,7.3100273271689105],[-73.63686348549852,7.3092380271808794],[-73.63368417466262,7.307347357085647],[-73.63268083819642,7.306174651316179],[-73.6324178085407,7.305479067722242],[-73.63239544022453,7.305358607512195],[-73.63349687478096,7.303806848123683],[-73.63062519138657,7.3006943736377155],[-73.62490416325302,7.296953191324584],[-73.62463663185225,7.296881852168914],[-73.62452074339411,7.296881853721298],[-73.6243289433607,7.296881906113633],[-73.62238479064162,7.296930969857468],[-73.61764035570957,7.297283227075957],[-73.61323469194755,7.297684523614932],[-73.60655050615921,7.295860775803541],[-73.59050673374304,7.28603290681165],[-73.58375559146054,7.281386531877829],[-73.57559545170444,7.273101460879182],[-73.57019549754362,7.21853991454078],[-73.56991459616891,7.214798757056031],[-73.56924567914866,7.203173842363648],[-73.56868827660954,7.193586788575839],[-73.56790352534917,7.183634128293],[-73.56804622395482,7.183125768012903],[-73.56824238944768,7.182398946200625],[-73.5687329371614,7.177962144363297],[-73.56881318235423,7.171915578821887],[-73.56834051705499,7.1710103553938165],[-73.56538858116457,7.167906822858525],[-73.5643407012564,7.1671398963891475],[-73.56320807562547,7.166734091950051],[-73.56260159178832,7.1667340676178855],[-73.56150912563612,7.167014998265624],[-73.55948476362302,7.1674653550359055],[-73.5575762180612,7.167563498299697],[-73.55566774490401,7.167171122899368],[-73.55437457075492,7.166573581711602],[-73.55323308403953,7.165788755412498],[-73.55141821335668,7.163701925351414]]]},"id":"0006000000000000065a","properties":{"continent":"America","disp_en":"Sabana De Torres, Santander, Colombia","gaul0_code":185,"gaul0_name":"Colombia","gaul1_code":1940,"gaul1_name":"Santander","gaul2_code":114362,"gaul2_name":"Sabana De Torres","iso3_code":"COL","map_code":"COL"}},{"type":"Feature","geometry":{"type":"Polygon","coordinates":[[[-72.90896427615856,6.682761132901476],[-72.9070201444666,6.683171324911456],[-72.90312732734552,6.684442156660227],[-72.89807518718574,6.686292748863487],[-72.89675080118221,6.687032937640959],[-72.89364287282486,6.689757472566859],[-72.89160947530323,6.69173726132732],[-72.89119477186338,6.692852024206083],[-72.88974560261117,6.694087256046453],[-72.88833653447846,6.694952313245396],[-72.88709240509814,6.695531986681054],[-72.88614265134949,6.695897586153325],[-72.88188417162867,6.694564321430015],[-72.88043494636668,6.694024774459145],[-72.87923990134578,6.6935655392510265],[-72.87676064628722,6.692196544481889],[-72.87337176404756,6.689913509216823],[-72.8724264633002,6.688834442379963],[-72.87188688213686,6.6881298676525995],[-72.87160149675783,6.687385177419102],[-72.870736414635,6.686310520371636],[-72.86850685558841,6.684567003841021],[-72.86792724258868,6.684482338327144],[-72.86730742472446,6.684562617677424],[-72.8617557654013,6.685561437636654],[-72.85833124571023,6.68649334107395],[-72.85650741164083,6.68775529550834],[-72.85529457963247,6.688085252887821],[-72.85022007309101,6.689284807823653],[-72.84944866957682,6.689226831145559],[-72.84437422120766,6.687724079602637],[-72.83881374324939,6.685338495050085],[-72.83781935459838,6.685226986372648],[-72.83710146297007,6.686051963572983],[-72.83660201181377,6.686711877147486],[-72.83577259607945,6.687924743364768],[-72.83483174672705,6.689632581350111],[-72.83443488679849,6.69244182669448],[-72.83470688287099,6.694649046779093],[-72.83481389615804,6.6969633342567585],[-72.83475150931065,6.699335585101294],[-72.83452404961471,6.7010434060340645],[-72.83363674741662,6.703522700985261],[-72.83269579966594,6.705230484422659],[-72.83158553615323,6.7072148390865065],[-72.83064467064501,6.7086461951340315],[-72.82970380150857,6.709743165722597],[-72.82870937570135,6.71023806645637],[-72.82777300695413,6.7101265761526285],[-72.82672510996055,6.7102336003644085],[-72.82369291809493,6.710612632537713],[-72.82219907733854,6.711268166564104],[-72.817062211442,6.714286988630373],[-72.81540793283891,6.715276867646612],[-72.81419056851121,6.716155324423711],[-72.8078898766325,6.720770517525963],[-72.802084127389,6.726050033543226],[-72.80015329538124,6.7272585137534655],[-72.798164560422,6.727967458273948],[-72.7906063913417,6.728944016404373],[-72.78746275153374,6.728547191017592],[-72.78156778906285,6.725885112476178],[-72.77534733012588,6.724462593858338],[-72.77428162504665,6.7259519597149335],[-72.76971999830512,6.731846872298433],[-72.76553289471451,6.735284893029476],[-72.76312941062852,6.737639276585294],[-72.75768487207877,6.7452643658344975],[-72.75551326390148,6.74907686814216],[-72.75540621611343,6.749371152035663],[-72.75504954012607,6.750748988303035],[-72.75501833658927,6.750900670204603],[-72.75496476750253,6.7511859893858475],[-72.75488008503372,6.751814740835109],[-72.75483544410405,6.752162549692734],[-72.75482209691543,6.752563846300851],[-72.75488008503372,6.752960745722744],[-72.75502275558749,6.753678678973626],[-72.75601711837159,6.758053030608005],[-72.75698027388297,6.762289140352949],[-72.7570427706424,6.768371407088913],[-72.75680640114199,6.773566224951398],[-72.75592350811422,6.776607370102741],[-72.75373853728485,6.783148827987425],[-72.75349774561393,6.783666111969665],[-72.75424239535565,6.7847764434904665],[-72.75471955801682,6.785779681343432],[-72.75495142032086,6.787072896106538],[-72.75593685524363,6.795353434084032],[-72.75607510621082,6.796789229202036],[-72.75578525706264,6.798604058639114],[-72.75539286895551,6.80080244127836],[-72.75727012163588,6.814969023344006],[-72.75826456560031,6.818415902402277],[-72.75906718818453,6.822482559954586],[-72.75925440629251,6.823775752126731],[-72.7588218925691,6.824828059952408],[-72.75781419399293,6.8270977788195255],[-72.75775169742778,6.8286004601135275],[-72.75767143486068,6.829371904208591],[-72.75741729995457,6.830241427552162],[-72.75722557131877,6.830780977543168],[-72.75072862462628,6.840858521133731],[-72.74640781439267,6.845380041266432],[-72.74534207514608,6.8460177146137156],[-72.74383486296513,6.847132468413372],[-72.74337111741038,6.847672009934121],[-72.74282710363237,6.848577257801509],[-72.7417792063699,6.850735439210725],[-72.74135117167316,6.85194833303388],[-72.74097661816309,6.853379706248203],[-72.74046380452218,6.855734116787724],[-72.74052179598752,6.857201147596653],[-72.74078487685142,6.858726161969456],[-72.74123076987183,6.860612368759963],[-72.74182384964294,6.861932247811238],[-72.74268884529947,6.863247716406642],[-72.74008474022567,6.873325268538546],[-72.73833678008312,6.877240316504192],[-72.73733792732902,6.8812446484981775],[-72.73875598138318,6.899410990515222],[-72.73889866118297,6.901150052888096],[-72.73907705591255,6.902465505932317],[-72.73963442588308,6.905876688223032],[-72.74043259915575,6.909229893346688],[-72.73566579827883,6.923039786073951],[-72.73464465764751,6.924234822931944],[-72.73322667041315,6.927044013819687],[-72.73252660276195,6.930869953890924],[-72.73121566172998,6.940113686425633],[-72.73470706982508,6.944670900360178],[-72.73855972888295,6.947881453224994],[-72.74414258318714,6.95403051748292],[-72.7468536973437,6.957628998916952],[-72.74816464631064,6.9558230935473695],[-72.74769198038055,6.953138697890587],[-72.74539555611912,6.947671870804578],[-72.74380816740626,6.941906215297904],[-72.7425149625644,6.936613234997799],[-72.74223853566357,6.934281199309163],[-72.74220282110524,6.9332064794135295],[-72.7424213472242,6.932238919873928],[-72.7431437537064,6.930981429126801],[-72.74700530097249,6.924466666142015],[-72.75547755124943,6.911713684041848],[-72.76080625499642,6.904842199634728],[-72.76551945792171,6.9019125523509],[-72.7666699693915,6.901377457164235],[-72.77895029544928,6.900802194259683],[-72.79895830708529,6.897337514709031],[-72.8042423421184,6.894876099146282],[-72.8206072239465,6.883514326870293],[-72.82611871066155,6.875920440591938],[-72.8298866383783,6.861686962035073],[-72.8316212377626,6.852144527045026],[-72.83528657517815,6.840961129186566],[-72.83653511773639,6.8391462234099665],[-72.83826525231424,6.837139623848295],[-72.84604191610683,6.827869182762426],[-72.87079888237558,6.836961254287127],[-72.87787548043532,6.838646800050185],[-72.88566105797794,6.838994629372211],[-72.88651274659335,6.837340280903374],[-72.8893799289065,6.831512261797901],[-72.88948250147325,6.83096828477105],[-72.88941562200147,6.830321665858076],[-72.88790397874169,6.82325843423547],[-72.8863879093669,6.818197395045171],[-72.88484506012395,6.814536435724555],[-72.88483613668136,6.81268147316948],[-72.88487624710255,6.8098678212477886],[-72.88542472264166,6.807776472949111],[-72.88621845512208,6.805636059826118],[-72.88736884880431,6.7985728942595705],[-72.8879841985557,6.789311320029484],[-72.888296334499,6.783068598549541],[-72.88843460076788,6.774859345742309],[-72.8898258218115,6.768951042076635],[-72.89404864894279,6.763573409048863],[-72.89471301347174,6.762708337392158],[-72.89516781955102,6.761383983646505],[-72.89528381929915,6.754632911142543],[-72.89493600015084,6.753478023240318],[-72.8914534545972,6.743855269768241],[-72.89098521160507,6.742704775985982],[-72.8897009863028,6.739770751615181],[-72.88593308669356,6.7318736337945895],[-72.88297662825279,6.726669883900018],[-72.88153191640771,6.724765823574814],[-72.88127331315566,6.724502772863653],[-72.88080063364718,6.724186134645995],[-72.88039934207877,6.724012253228121],[-72.87949859691571,6.721653360940055],[-72.8797883897073,6.718197576611202],[-72.87992666085752,6.717711568256859],[-72.88024322397465,6.717274562406367],[-72.8835875725463,6.712922438057576],[-72.88631210564765,6.711549098214],[-72.89339762220035,6.71111205633309],[-72.90057675522647,6.709524597076963],[-72.90101370452057,6.70940425436669],[-72.90242729493173,6.708936065008738],[-72.90279294878539,6.70869520907868],[-72.9037560659315,6.708035284207936],[-72.90433126656049,6.707544783441458],[-72.90646721182311,6.704080072644479],[-72.90666341968951,6.703571754836251],[-72.90940571650134,6.695558760649399],[-72.9094414066201,6.694626763694398],[-72.90934776511031,6.693694806841746],[-72.90864775085518,6.6912958285093325],[-72.90851391243915,6.6898957060473085],[-72.9085585252528,6.6870240470493805],[-72.90875031519347,6.684018567886923],[-72.90896427615856,6.682761132901476]]]},"id":"0006000000000000065b","properties":{"continent":"America","disp_en":"San Andres, Santander, Colombia","gaul0_code":185,"gaul0_name":"Colombia","gaul1_code":1940,"gaul1_name":"Santander","gaul2_code":114363,"gaul2_name":"San Andres","iso3_code":"COL","map_code":"COL"}},{"type":"Feature","geometry":{"type":"Polygon","coordinates":[[[-73.53190073032292,6.049185294765323],[-73.53068784884982,6.0517626412679935],[-73.52739699061543,6.057349910373742],[-73.52446739581089,6.077634325400668],[-73.51539316719239,6.0864588893595],[-73.51402864646164,6.088898003742019],[-73.51351585906343,6.0926971530629475],[-73.51383243015167,6.096563198346526],[-73.51393948176626,6.099345675226171],[-73.49946967295665,6.107166957321777],[-73.49741405944113,6.108032062672692],[-73.49605850135949,6.112919243257227],[-73.49032407085085,6.125645450935581],[-73.48453168151434,6.133234902977404],[-73.48231105126942,6.135959364594011],[-73.4795821127499,6.140748464232106],[-73.47513191501497,6.149220764589588],[-73.47488666686687,6.149751389203878],[-73.47450764644391,6.150892895057794],[-73.47440057484978,6.151410199352809],[-73.47390567143923,6.154473549351002],[-73.47379859954128,6.155757776437594],[-73.48174029285559,6.163623681584974],[-73.4839341399117,6.162870020622611],[-73.4916751710556,6.1631866342752355],[-73.49911298931103,6.155552641883897],[-73.50538686598533,6.148774838816734],[-73.5144656607831,6.147067007511719],[-73.51593713939508,6.14765112053015],[-73.51740860771444,6.147998956929924],[-73.51871072859741,6.148034599120405],[-73.51977195969143,6.147655581703655],[-73.52042296888168,6.147178484302341],[-73.52135044901527,6.146389200878435],[-73.52669692947835,6.141667025790227],[-73.52700467265122,6.14091347402718],[-73.5270402644143,6.1398833725958895],[-73.52676829285943,6.139062879184077],[-73.52642495747864,6.138135439075766],[-73.52707594604952,6.12691634977209],[-73.53442901963922,6.117766284410084],[-73.53690380346018,6.113735247484683],[-73.5418043930968,6.110876931170564],[-73.54276754750452,6.1103863993636605],[-73.54551885358617,6.108379859703034],[-73.55175261086833,6.105374422528418],[-73.55325977451815,6.104326533897413],[-73.55668439522984,6.101267580949634],[-73.56125049869063,6.0966568799165355],[-73.56357821950918,6.090793129245906],[-73.56530833465187,6.089482168261808],[-73.56982096229308,6.087908119870455],[-73.57541259203687,6.0869850663342175],[-73.57924748949037,6.086579283565616],[-73.57862766386681,6.080296430988339],[-73.57564451377952,6.0751863022982535],[-73.57309839244921,6.070566634916776],[-73.57296010037149,6.0678688965232555],[-73.5722065462128,6.065081967505964],[-73.57094465588155,6.061193630497726],[-73.57052546182189,6.060297356748301],[-73.55706344735856,6.051000153558066],[-73.552087097712,6.047762859999373],[-73.54861342304385,6.045836466132667],[-73.54482316678526,6.045332594636555],[-73.54152794710136,6.044592406416106],[-73.53954805825053,6.043575752016731],[-73.53705542076615,6.042001669167046],[-73.53190073032292,6.049185294765323]]]},"id":"0006000000000000065c","properties":{"continent":"America","disp_en":"San Benito, Santander, Colombia","gaul0_code":185,"gaul0_name":"Colombia","gaul1_code":1940,"gaul1_name":"Santander","gaul2_code":114364,"gaul2_name":"San Benito","iso3_code":"COL","map_code":"COL"}},{"type":"Feature","geometry":{"type":"Polygon","coordinates":[[[-73.212214418598,6.559413421934769],[-73.20394272643337,6.54238861786905],[-73.19798987539917,6.541171260712551],[-73.18929016438253,6.543704033196904],[-73.17688489320604,6.548395053170224],[-73.1663748298092,6.554392485085308],[-73.16235274190511,6.556880694369212],[-73.1554678701197,6.559658698757269],[-73.15471430549634,6.559730084461856],[-73.15408111120814,6.559761237428368],[-73.15375555520316,6.558971978808603],[-73.15339434594756,6.556412450317381],[-73.15334977996018,6.553135058476221],[-73.15340334917627,6.552167434787964],[-73.14489531890732,6.540092153778663],[-73.14142612853666,6.533501584140993],[-73.14050756889749,6.528422680272044],[-73.14016425605548,6.525328069819328],[-73.14358439595814,6.518701876050549],[-73.14476602766666,6.506938725014987],[-73.1485429042273,6.4948055783522065],[-73.14466347697153,6.49454688844336],[-73.14318301432989,6.494497887663719],[-73.14192556339682,6.494471119102571],[-73.13925901693143,6.494466667967012],[-73.13628036404526,6.494925896263523],[-73.13558472116331,6.4951533759478295],[-73.13475536728947,6.495492257425353],[-73.13390809243737,6.495987201177602],[-73.13110783114959,6.497057387939407],[-73.12731760923026,6.498020577577765],[-73.12370570166193,6.498680519989468],[-73.1203033626981,6.494292702967255],[-73.11869370600512,6.490199311954386],[-73.11761008983166,6.487238418205781],[-73.11557233004163,6.481562007146876],[-73.11132719401114,6.4803981440050515],[-73.10367092838581,6.48132567767739],[-73.09658985742671,6.4824627453490615],[-73.08996371820466,6.483095942872265],[-73.0841891728885,6.483238624773273],[-73.0833998897279,6.483225233568899],[-73.08266860259785,6.483198480360421],[-73.08224054638225,6.4831538987440185],[-73.08167865947637,6.483042452569307],[-73.08115252531222,6.4828506767717196],[-73.0751059490051,6.481829543747813],[-73.07119087343645,6.486034497154936],[-73.06981297080819,6.49039995048755],[-73.0667763142556,6.499014917647217],[-73.06575522998232,6.501092868848517],[-73.06272752695341,6.503456179750521],[-73.06131399687331,6.504339063046038],[-73.06023488415278,6.504767151396122],[-73.05223969217617,6.5076923048624336],[-73.04790097419378,6.512971906367357],[-73.04493564004132,6.518947146818466],[-73.04492230896791,6.519268172725426],[-73.04478854781748,6.519950392369527],[-73.04458786091,6.520405210084572],[-73.04411965083551,6.521301513403374],[-73.04369602709477,6.521943633173855],[-73.0433259074005,6.522456445352125],[-73.042978125861,6.522924614252336],[-73.04224680110805,6.523820889099475],[-73.04160023569014,6.5245611344213925],[-73.03881776801667,6.527196458404208],[-73.03832729721606,6.52757993475563],[-73.03720357922656,6.528378145630185],[-73.03694055186766,6.52849852179363],[-73.0355047054994,6.528997965978075],[-73.03448798760168,6.5293055916121405],[-73.03254831139007,6.529755941806848],[-73.032285188695,6.529791662112587],[-73.03192405884316,6.529827292380936],[-73.03082706380941,6.5298719290629865],[-73.02988175946513,6.5298228938561325],[-73.02944027381928,6.5299655340471885],[-73.02901220940383,6.532462675297018],[-73.02889186118594,6.5344380156281385],[-73.02976132161525,6.537693160987365],[-73.04036952254528,6.53957934467319],[-73.0523333670214,6.544520048298807],[-73.0602482143464,6.5508474961560825],[-73.06911739660528,6.553389241580114],[-73.07158328462384,6.551877593911356],[-73.07232793638283,6.551998008523621],[-73.07452630225082,6.552372517938278],[-73.0825481921669,6.5591459375179815],[-73.0868690590336,6.563341935192567],[-73.09174729575396,6.568978244078373],[-73.10346137749683,6.562231645168575],[-73.10479018083802,6.5618168713519225],[-73.10615913920077,6.562030930264944],[-73.10645792800035,6.562084494575548],[-73.10697517929955,6.562615052653857],[-73.10720255698227,6.563025347672155],[-73.10730062198057,6.563332982283985],[-73.11063165523687,6.57592106756777],[-73.11143867452455,6.581637574189781],[-73.11165272056017,6.583233938530863],[-73.11177311573925,6.58442011122416],[-73.11168837987185,6.5864445099177145],[-73.11134061129712,6.588344139926492],[-73.1106494849729,6.591991666450174],[-73.10928496586195,6.598782875208414],[-73.10545016711275,6.614982781213375],[-73.09986287169747,6.627874006953416],[-73.09968897850948,6.6302061204393645],[-73.10260966417869,6.641023956705031],[-73.1049016645309,6.6439357348386165],[-73.10871423012338,6.646084964038789],[-73.1098735299754,6.647369231657868],[-73.11037294381008,6.6480023777748665],[-73.11062265031916,6.6488050552267435],[-73.11064498251443,6.64918853396659],[-73.1106494849729,6.649299985141085],[-73.11114439466733,6.649768254288459],[-73.11154574259177,6.65003131141233],[-73.11212097370584,6.650205236257441],[-73.11281209558966,6.65041036591078],[-73.1134765611642,6.650548556073108],[-73.1142657409728,6.6506867843909365],[-73.11494352935537,6.650677878618014],[-73.1154072734055,6.6506511373110175],[-73.11746745624183,6.650432652365325],[-73.11835927490354,6.649955481036891],[-73.11868479145059,6.649643385643598],[-73.1189255743466,6.649242073192562],[-73.12024096124847,6.642696109275448],[-73.12033460843921,6.641692776119278],[-73.12018747427807,6.6398957309089015],[-73.12009823925419,6.6392447096526235],[-73.12001359651515,6.638740842209359],[-73.11981288504386,6.638014066394514],[-73.11950078691028,6.63710881431161],[-73.11926441686319,6.636457800911891],[-73.11950078691028,6.625292194080667],[-73.12307251117313,6.620953480798107],[-73.13400173402111,6.621823020418535],[-73.14421311770847,6.613631658585964],[-73.14926083590271,6.608624068471733],[-73.14938121123242,6.605681069554072],[-73.15116927705452,6.602581989783653],[-73.15240002717107,6.601288864171731],[-73.1537199024707,6.600067071098079],[-73.15443331618314,6.599509716341461],[-73.15969066669453,6.5977215700094325],[-73.16339617250351,6.596789622976649],[-73.16828780826373,6.596267943654061],[-73.17495416280417,6.595746244264041],[-73.17601986104947,6.5956480944418105],[-73.17705881747307,6.595447436465524],[-73.17810227023935,6.595068396389471],[-73.17962283452044,6.5943861585051184],[-73.18068851072795,6.593703916627506],[-73.1816517379751,6.592892401403494],[-73.18239188979989,6.591906907241617],[-73.18310089211614,6.590283825416545],[-73.18368503417291,6.588879230650433],[-73.18738609570116,6.578988908804331],[-73.20202086923635,6.568095339053817],[-73.20885220429872,6.561504785790727],[-73.20949883635446,6.561098975755583],[-73.21121108814862,6.5600333081517945],[-73.212214418598,6.559413421934769]]]},"id":"0006000000000000065d","properties":{"continent":"America","disp_en":"San Gil, Santander, Colombia","gaul0_code":185,"gaul0_name":"Colombia","gaul1_code":1940,"gaul1_name":"Santander","gaul2_code":114365,"gaul2_name":"San Gil","iso3_code":"COL","map_code":"COL"}},{"type":"Feature","geometry":{"type":"Polygon","coordinates":[[[-72.90985616867101,6.373598226434502],[-72.90321204852397,6.373727585737304],[-72.89512771084496,6.374137798843466],[-72.8879841985557,6.381682601943084],[-72.88204470537518,6.386931000361396],[-72.8803190296025,6.387787099617637],[-72.87749644821933,6.388308858326381],[-72.87529804963029,6.388348956031215],[-72.87199838606105,6.387862911749771],[-72.85187447610514,6.383702579532789],[-72.85006402566881,6.3826457931086695],[-72.84877092867255,6.382690368956797],[-72.84752677607719,6.383118422877371],[-72.84494054820273,6.38430904891665],[-72.84044126833314,6.386547516962009],[-72.83737345606625,6.388928637170645],[-72.83360997143137,6.393352042975693],[-72.82070973543374,6.400914691230778],[-72.8181546891705,6.405248942347097],[-72.8151760372123,6.4121427604912205],[-72.8153855727725,6.42671950426391],[-72.81612579807921,6.432904305162109],[-72.81600092466127,6.4419696250885154],[-72.8148505534779,6.444868097086457],[-72.81497091939684,6.446397499419168],[-72.81572448985027,6.454646875746272],[-72.81699089412436,6.462838280369468],[-72.81735207870754,6.464349845791695],[-72.81759289818713,6.466347572222641],[-72.81771326275769,6.468412158269937],[-72.81732088305566,6.477718294492775],[-72.8167679259416,6.486761346359099],[-72.81565317214289,6.492455598057941],[-72.81409247223318,6.4950017779894305],[-72.81149281638943,6.499407320089987],[-72.81533210696028,6.5133777216335575],[-72.81879681170953,6.524940171555235],[-72.82221692883004,6.5356687404168925],[-72.82034413798047,6.541296121947811],[-72.81905548148951,6.544042941755646],[-72.82354577937818,6.545911265304214],[-72.8270283090454,6.548207739096822],[-72.83059111801461,6.5547135443205],[-72.83290541035876,6.561830268631049],[-72.83311502087142,6.562632889240077],[-72.83327549675502,6.563435598652863],[-72.83366794098497,6.566565859043153],[-72.83380614827874,6.567912527673188],[-72.83439476802826,6.567957064550452],[-72.83667783108952,6.567988267616199],[-72.84574766556476,6.566574809756675],[-72.84669298022546,6.56636519746794],[-72.84873964689058,6.565803318553179],[-72.84911872412135,6.565571498060819],[-72.85406389240453,6.56170544621785],[-72.85471935222297,6.554816119792647],[-72.8569533652181,6.550249995319167],[-72.86160423262284,6.5440339820665825],[-72.86541226496537,6.53669434687508],[-72.86724495608198,6.529943223519283],[-72.86783800189458,6.527588851172124],[-72.86744119590458,6.52593900497122],[-72.86735195503117,6.524734997558932],[-72.86790047038392,6.521890131634419],[-72.86827942751164,6.520547896696721],[-72.86996056936017,6.516124466966616],[-72.87295261236555,6.515214816704893],[-72.88010945988358,6.516146829636342],[-72.88333789499765,6.514742161422066],[-72.88977678895515,6.509694509348517],[-72.89242995687721,6.504191908091818],[-72.88139815303137,6.49865371116725],[-72.88000246658484,6.491916051915365],[-72.8767517225455,6.48218181228265],[-72.8760204252975,6.482248722031159],[-72.87564589712987,6.482204112181242],[-72.87479867711717,6.481753717668487],[-72.87454006664993,6.48161108161162],[-72.87346091255884,6.480313445800798],[-72.87323348914295,6.4770137440529405],[-72.87330929697202,6.473861113170935],[-72.8760873986246,6.455378189532771],[-72.88036364764818,6.4487965509419025],[-72.89266628533612,6.432694702204582],[-72.89840073950766,6.4273839010277545],[-72.90608822465369,6.420855833877877],[-72.90717624518744,6.419799039891942],[-72.90955739946938,6.416503710736622],[-72.9101281699912,6.4154692036044105],[-72.91109576396678,6.413186121761159],[-72.91185381199323,6.411233072172498],[-72.91358836393513,6.404811926281765],[-72.91361513105723,6.383707074675239],[-72.91249145010504,6.378886723455471],[-72.90985616867101,6.373598226434502]]]},"id":"0006000000000000065e","properties":{"continent":"America","disp_en":"San Joaquin, Santander, Colombia","gaul0_code":185,"gaul0_name":"Colombia","gaul1_code":1940,"gaul1_name":"Santander","gaul2_code":114366,"gaul2_name":"San Joaquin","iso3_code":"COL","map_code":"COL"}},{"type":"Feature","geometry":{"type":"Polygon","coordinates":[[[-72.7432997788013,6.565789943825229],[-72.7424213472242,6.564960609813023],[-72.74081157273432,6.56348017327269],[-72.73935348632071,6.562231644587599],[-72.73908589447521,6.562084424358596],[-72.73879611572197,6.561919444045638],[-72.73855080011204,6.561888257329906],[-72.73810941178537,6.561959610474642],[-72.73455103935189,6.563003030376944],[-72.73430580975783,6.563083334075502],[-72.73379740177366,6.5633954048869665],[-72.73253553174848,6.564403190685786],[-72.73234378394746,6.56456369951741],[-72.73197363631766,6.564920475207152],[-72.7240900109627,6.574815214778641],[-72.72392946411462,6.575064867420109],[-72.72384919065198,6.57527447901076],[-72.72320258246108,6.577771567190664],[-72.72295734172954,6.578779336874009],[-72.72289492661716,6.579069176806072],[-72.7230286861525,6.580090305574171],[-72.72305096436892,6.580411322911182],[-72.72298412971375,6.581900717195154],[-72.72158844486064,6.587644037051084],[-72.72082592898767,6.590261509059664],[-72.7203086543592,6.591701802361701],[-72.71890402511703,6.594863331108226],[-72.71461441382297,6.6023189281231165],[-72.71136373830483,6.607308690896998],[-72.70878185707761,6.612227058203001],[-72.70776962683227,6.614862411230694],[-72.70599050187134,6.621854218358463],[-72.70569175485042,6.623887567529348],[-72.70562482536647,6.626429257359625],[-72.70601720146703,6.628355621068871],[-72.70839841514345,6.64299486317527],[-72.70962910743282,6.651685601178754],[-72.70942399247022,6.66069750203717],[-72.70890669431586,6.668170902665406],[-72.70764929906606,6.673610994136546],[-72.71498891664487,6.673633292623915],[-72.71567568409438,6.673686801111326],[-72.72110237959326,6.674351234157605],[-72.7230019883683,6.674681223632199],[-72.72393388366407,6.674984461517792],[-72.72437087750416,6.6751583201646385],[-72.72558381326859,6.675867314139784],[-72.73198256532396,6.679648659688755],[-72.73216538440296,6.6817578477509185],[-72.73155451381419,6.683617288826017],[-72.73518868928304,6.690823154249288],[-72.7418193402218,6.687617082773523],[-72.74728623190241,6.686502287934304],[-72.75876390537165,6.685342890496504],[-72.76323194605148,6.68482569239978],[-72.76998746696862,6.682542649296274],[-72.76795862967832,6.676919705784812],[-72.76606793097888,6.670913272046848],[-72.76469007273016,6.665196746918727],[-72.76417730802731,6.659966148642715],[-72.76469007273016,6.657246133471793],[-72.7670712674007,6.649919850663785],[-72.76846245885683,6.640395211117868],[-72.76845353116062,6.628083613897928],[-72.76838219975798,6.615455471359831],[-72.76612149766747,6.610117885722678],[-72.76811463918094,6.597641290581506],[-72.76891732004451,6.596655853647255],[-72.76971999830512,6.59545636778874],[-72.77004103280916,6.594568997583256],[-72.77078572304104,6.591938132683974],[-72.77116915918143,6.590190195210452],[-72.77110675616237,6.5888613413785695],[-72.77088374640063,6.586899318824924],[-72.76995626531205,6.580027892406929],[-72.76769999636724,6.5821102569019],[-72.76709354167564,6.582605224365661],[-72.76671902698077,6.582792539266094],[-72.76630871044772,6.582854912034531],[-72.76580487688712,6.582872807136509],[-72.76538121221928,6.582859405423813],[-72.76460088457371,6.582837081527494],[-72.76376707746496,6.5826944361678414],[-72.76304022191037,6.582551733977024],[-72.76204137821968,6.582297586885697],[-72.76175153604147,6.582208367392092],[-72.76016858054477,6.581637633027631],[-72.7598386052414,6.581423561384397],[-72.75958438237299,6.581120354556788],[-72.7594372955217,6.580745794563265],[-72.75441636007598,6.575724882865192],[-72.7493374239148,6.570980397111059],[-72.74656834677695,6.569834359128596],[-72.74545796560433,6.569749617980479],[-72.74437887454144,6.569553454063225],[-72.74354499954768,6.5693528012687645],[-72.74305004841456,6.56917890416059],[-72.742737907626,6.568906841626039],[-72.74254616766999,6.5686036626424755],[-72.742456971563,6.5682290647920745],[-72.74247933823388,6.567783210862131],[-72.74263987315142,6.567279325636793],[-72.74307683424269,6.5662537458906245],[-72.7432997788013,6.565789943825229]]]},"id":"0006000000000000065f","properties":{"continent":"America","disp_en":"San Jose De Miranda, Santander, Colombia","gaul0_code":185,"gaul0_name":"Colombia","gaul1_code":1940,"gaul1_name":"Santander","gaul2_code":114367,"gaul2_name":"San Jose De Miranda","iso3_code":"COL","map_code":"COL"}},{"type":"Feature","geometry":{"type":"Polygon","coordinates":[[[-72.63810956269347,6.507942047207446],[-72.63389130438797,6.510421282205262],[-72.61691552225703,6.521689494832544],[-72.61070841017691,6.5253414511806875],[-72.60977645965968,6.526139651518329],[-72.6090808332774,6.5269155008243676],[-72.60867955462653,6.527401602894218],[-72.60834062843323,6.528030265907158],[-72.60806414518015,6.528556501734821],[-72.6065703724911,6.534331015522005],[-72.60640090806093,6.535423495051836],[-72.60628946573638,6.536542745951139],[-72.60203549115403,6.55537795481849],[-72.59994863384715,6.558539498195957],[-72.60043908202653,6.559636435617529],[-72.6031457797029,6.565691896481155],[-72.60345791213832,6.5668244796282265],[-72.60366753425828,6.567850060584885],[-72.60380126640408,6.570043915274124],[-72.60400637636856,6.5735488222208325],[-72.60374775550656,6.577013551649449],[-72.6031056238692,6.577999012709877],[-72.60257502484947,6.578846194502507],[-72.60207555691638,6.579764805951315],[-72.60167877926104,6.581289801430426],[-72.60139335524796,6.582422407527939],[-72.60231640255009,6.58822369161661],[-72.60334646853973,6.590257079531644],[-72.60379233288232,6.591019599476531],[-72.60423828669035,6.591625991840387],[-72.60468414948865,6.592036269726868],[-72.60515239032107,6.592174488097496],[-72.60599069178441,6.592232443877759],[-72.60958470915845,6.592165566922336],[-72.61056123657373,6.592013943007853],[-72.61163593580818,6.591585833861365],[-72.61257230107465,6.591081982888505],[-72.61314312398142,6.590457748055209],[-72.61365141337137,6.589837932705603],[-72.61410177154849,6.589039725688699],[-72.61484647148615,6.588219251698783],[-72.61576504907183,6.587305168175931],[-72.61717412987262,6.586061028029359],[-72.61789644320369,6.585633004999392],[-72.61865899814437,6.585615142887498],[-72.62257857236561,6.586778991938576],[-72.62333660184738,6.587251616017359],[-72.63274532857884,6.59338731270559],[-72.63523793894903,6.595541061047882],[-72.63564819866772,6.59610740354463],[-72.63789554767206,6.600798339612239],[-72.63902372601837,6.603179507796265],[-72.63940718281442,6.604120382208488],[-72.63966134668395,6.605172712748773],[-72.63977286472361,6.606051161596708],[-72.63955876087144,6.606385585380577],[-72.63909058288002,6.6069875820833515],[-72.63826565279412,6.6080176775713655],[-72.63789554767206,6.608851477986822],[-72.63779747243159,6.610840250758697],[-72.637886615338,6.611995195466826],[-72.63819428444201,6.614938210258321],[-72.63842174279934,6.616556859909603],[-72.63865362199512,6.6173416257551665],[-72.64609141888079,6.617359461051494],[-72.65188825139384,6.616695084904436],[-72.66163577351163,6.613814485389182],[-72.6658719762359,6.614429820924439],[-72.66763776154906,6.616494389653402],[-72.67490159280055,6.611990742518783],[-72.67778666112791,6.609747785703221],[-72.68148773855243,6.606760153959499],[-72.68421224971326,6.603183972314142],[-72.69511027086386,6.599879761913609],[-72.70042555869912,6.596464150019518],[-72.702543614367,6.594372779589493],[-72.69412035658279,6.585338698834999],[-72.68356562976487,6.574614535892801],[-72.68306623018965,6.574725991890384],[-72.68265153654787,6.57476612761485],[-72.6821877680643,6.574766108804022],[-72.68179544506256,6.574717066672573],[-72.68140303124159,6.574650183667901],[-72.68094368077172,6.574427274244061],[-72.68048441967748,6.574164157125724],[-72.67333649194451,6.569669375802944],[-72.66908255145118,6.566828936800526],[-72.66298695267515,6.562369868385159],[-72.66291559125268,6.562204814552962],[-72.65976294809133,6.553255441077552],[-72.65664608273153,6.540787778658481],[-72.65164745238394,6.531789348142053],[-72.6470143953937,6.527606708964676],[-72.64688510670518,6.527450590875245],[-72.64667109904595,6.527138444223888],[-72.64636786107266,6.5264919079993],[-72.64616269480098,6.52604603639587],[-72.64597097155261,6.52543955839423],[-72.64590411649422,6.525100650277838],[-72.64584610325119,6.524717193793672],[-72.64579711227518,6.524333745593055],[-72.64577482724246,6.524039402620448],[-72.64578366907755,6.523655888798931],[-72.64583275027893,6.523067309942949],[-72.64614934184529,6.521716241825033],[-72.64700997449755,6.519165606379295],[-72.64711255731295,6.518875766664242],[-72.64727748368774,6.51847887153285],[-72.64825404773683,6.5166640442014625],[-72.64841013162903,6.516557010244082],[-72.6450613442745,6.510764671319629],[-72.63810956269347,6.507942047207446]]]},"id":"00060000000000000660","properties":{"continent":"America","disp_en":"San Miguel, Santander, Colombia","gaul0_code":185,"gaul0_name":"Colombia","gaul1_code":1940,"gaul1_name":"Santander","gaul2_code":114368,"gaul2_name":"San Miguel","iso3_code":"COL","map_code":"COL"}},{"type":"Feature","geometry":{"type":"Polygon","coordinates":[[[-73.74877800082815,6.8604161299727675],[-73.74943798102963,6.855404113291954],[-73.75375881809148,6.853740901833775],[-73.75674197019964,6.848760069359918],[-73.75981431552164,6.8432396902010355],[-73.76036275769596,6.833255785935706],[-73.7636669351709,6.819646599813508],[-73.76677499378746,6.816230953016589],[-73.76512953587645,6.809457562894744],[-73.76344402497985,6.80595271229337],[-73.76310961434078,6.8057876824694725],[-73.76208842403489,6.805890236409395],[-73.76162913358154,6.806015122941331],[-73.76123232589185,6.806514553306505],[-73.76104505393553,6.8071610873196695],[-73.75777198590266,6.809158793814636],[-73.75280904454432,6.808093021942976],[-73.75168087400186,6.807571366383311],[-73.751243914951,6.807299355820667],[-73.75082922044999,6.8070094872922375],[-73.75043239139646,6.806590343854511],[-73.75022275401201,6.8060686479050005],[-73.74970552782048,6.799857070023189],[-73.74835441288246,6.792397008873001],[-73.74756514351607,6.792062620052297],[-73.74689626874466,6.791768330461163],[-73.74193772740757,6.789262254013085],[-73.73606063640379,6.784276980724105],[-73.73327372358133,6.775376671617581],[-73.73433501584775,6.767104989083479],[-73.73102631550012,6.762846561211302],[-73.73072309755715,6.763140890932112],[-73.73021031071168,6.763377209416042],[-73.72954146805621,6.763390572664195],[-73.7284891295708,6.76339060758059],[-73.72787379634057,6.763287992986901],[-73.72430647876745,6.7625701142995185],[-73.7177916897011,6.760648248776198],[-73.71710502643508,6.756376432456565],[-73.70668859665174,6.747672267114697],[-73.70323719815065,6.746200722931918],[-73.69219204077753,6.74571473229292],[-73.68935602745917,6.742825225333744],[-73.68934264613148,6.742624511738678],[-73.68891462279547,6.742388215597874],[-73.68779983600685,6.7419467555839265],[-73.68728253981095,6.741768415120399],[-73.68654233695821,6.741532032781141],[-73.68597600182285,6.74156771695016],[-73.68300186329184,6.742633440957121],[-73.67831532451956,6.744965589621957],[-73.67468561225964,6.748225154538803],[-73.67310263366825,6.750294187716882],[-73.67043610651005,6.755627243307323],[-73.67022647606538,6.756314003563519],[-73.67002133621004,6.7582759559461865],[-73.67023545766554,6.75929262857322],[-73.67097562997562,6.760550099126844],[-73.67092209982705,6.766734873418611],[-73.67023545766554,6.778582738886848],[-73.67013288776818,6.778649628799068],[-73.66976724632214,6.7788368758087225],[-73.66902697981114,6.779180230091279],[-73.66837149771024,6.779340804531676],[-73.6658119717366,6.779657376562138],[-73.66385447002892,6.779224820239671],[-73.65836529951595,6.773811484025462],[-73.65485155302378,6.770935412319474],[-73.64754308326448,6.7689734068328695],[-73.63527608201544,6.7714481958858],[-73.6386516465536,6.832519979379012],[-73.63758590228389,6.833376158231197],[-73.6372960196041,6.833358291675637],[-73.6369705636008,6.833032798031037],[-73.63616792562748,6.831846710880693],[-73.63287703222862,6.83023697953789],[-73.6270579670142,6.827762181900738],[-73.62458317943201,6.8270040866066095],[-73.62429327841676,6.826995215342196],[-73.62403464001113,6.827044231876303],[-73.6237938787163,6.827178048189351],[-73.62359767602005,6.827383152461441],[-73.62344603204978,6.827623885054897],[-73.62343273624612,6.82790042315361],[-73.62343273624612,6.828181289554343],[-73.62343273624612,6.828457739061274],[-73.62346390951417,6.82873866383865],[-73.6239365388011,6.829737562229567],[-73.62407030499989,6.829987259486955],[-73.62412833920014,6.830063042645359],[-73.62435571452365,6.830152197235461],[-73.62226890091594,6.83144535022804],[-73.61573180630465,6.832502217342717],[-73.61464824476286,6.832288169292635],[-73.61438519206803,6.832198952392625],[-73.61337295713804,6.8317173987293796],[-73.61312328912754,6.831592513536501],[-73.61289581156957,6.8314320285212204],[-73.61137084298103,6.829715266882949],[-73.6113172972785,6.829429866922177],[-73.61144217733498,6.828297213223696],[-73.61167405873587,6.827409854182572],[-73.608102283628,6.823013224825132],[-73.59739152944066,6.816846304803291],[-73.59023026253811,6.811138651507431],[-73.5874165607779,6.809065151889664],[-73.58237776932327,6.806612668311245],[-73.58146808181966,6.806336205722516],[-73.5805851671614,6.806282642811034],[-73.57986731326427,6.8065858542656645],[-73.57974241416032,6.806666131673714],[-73.57966657610658,6.806737465460316],[-73.5792518924202,6.8071566170244155],[-73.57916275553704,6.80737518215876],[-73.56409097418886,6.808846644070205],[-73.55216734931192,6.809898962633738],[-73.54547868157835,6.810442968403494],[-73.5455768198926,6.809939090726204],[-73.54738715796978,6.805685151435803],[-73.54279873289086,6.798068962194387],[-73.54139862129738,6.788486376390434],[-73.5415680299959,6.787986960186469],[-73.54216558775317,6.786038332019663],[-73.54259813977707,6.784566835744599],[-73.54161710007607,6.78309533236829],[-73.54131836556367,6.782734122236451],[-73.54091259282193,6.782408610746606],[-73.54027935210557,6.78194487262744],[-73.53450487413883,6.786029422246365],[-73.53383152968264,6.786519918383624],[-73.53342574243685,6.787019379786217],[-73.5323599966895,6.788361547051529],[-73.53155740334095,6.789507548732265],[-73.53112482851866,6.790381487455],[-73.5304381714522,6.792388118032438],[-73.52456994804822,6.796530595386413],[-73.51639194653515,6.800530420820595],[-73.51379674626803,6.798506021135086],[-73.49440862801482,6.782069787198985],[-73.49044003388175,6.77789155704929],[-73.48479480784441,6.773771377433236],[-73.47964009721555,6.773824883603791],[-73.47090026590512,6.776446793624023],[-73.46838532999408,6.7779361253324355],[-73.46340895239571,6.7782884280426465],[-73.46320378849747,6.778110029771373],[-73.46202215926563,6.77625505542382],[-73.461553929112,6.7754881427892055],[-73.46140234747044,6.77514029162613],[-73.46120167694605,6.770320016438713],[-73.46122846898939,6.769660031963942],[-73.46152722701571,6.767747094785916],[-73.46167431326874,6.767390373551288],[-73.46226292698098,6.766565479689053],[-73.46268656241882,6.766119525731125],[-73.46314588944743,6.765869822850895],[-73.4671411566162,6.75874866034505],[-73.46377010151126,6.7437438008631085],[-73.46346694127936,6.739645887703985],[-73.46340005177495,6.735258070886906],[-73.4579287067838,6.731342993115109],[-73.45722418986674,6.731913797703104],[-73.45684963334367,6.7321724136313135],[-73.45547619384955,6.7329527673775225],[-73.45359448824347,6.7339961573906875],[-73.45113751979498,6.735066388742661],[-73.45023229955684,6.7353873972743346],[-73.44901499345735,6.735793162621933],[-73.44718223291568,6.735886834410546],[-73.4447787788124,6.735721833589525],[-73.4437131258421,6.735650535431236],[-73.44173321985357,6.7354810610380325],[-73.44082355389529,6.735173351242595],[-73.4399674734974,6.7348077562244],[-73.43865650663467,6.734228057334142],[-73.43294435574686,6.730188127569999],[-73.43198564681187,6.729398827192233],[-73.43126324033676,6.728738923168567],[-73.43063902306932,6.727615182293316],[-73.42984530597502,6.726072355082718],[-73.42949300146627,6.7249665050859235],[-73.42916749244624,6.721113868461896],[-73.42916749244624,6.720172959716774],[-73.4293369010698,6.718973448536996],[-73.42971150586233,6.717711570794569],[-73.43013062004897,6.716462976627228],[-73.42734813968805,6.711522282243512],[-73.41474227066223,6.711834415362818],[-73.40190013222325,6.711932555840187],[-73.40016994071505,6.7119236666007485],[-73.39831940552244,6.711678375077782],[-73.39213465180748,6.709756483091662],[-73.38884830533884,6.707959526994416],[-73.38776924391208,6.707214793732005],[-73.38630218659004,6.705814644811118],[-73.38522751940819,6.704508109319308],[-73.38305145714017,6.701814867555093],[-73.3773527593894,6.706911618618075],[-73.37329942532696,6.713056222397521],[-73.36674005166813,6.7239899194853505],[-73.36761405264991,6.732114424581373],[-73.36886258082295,6.738838734326235],[-73.3701245035125,6.750071248637853],[-73.37008888555302,6.756684062525015],[-73.36863070285418,6.766400449020224],[-73.3677657005012,6.769343499311041],[-73.36486278603361,6.773093567763527],[-73.36312375310645,6.775278561402435],[-73.35987303560037,6.780040877715095],[-73.35966795273143,6.782881289157613],[-73.36179046110743,6.788459645120062],[-73.35956541122434,6.792138417811617],[-73.3558108296128,6.801034286357758],[-73.35546748917741,6.801939539125477],[-73.35498139663041,6.804628330182967],[-73.35489225555874,6.807642667057147],[-73.35484323245127,6.809836589549408],[-73.35512414819982,6.811432921228884],[-73.35521328917643,6.812480843935968],[-73.35486545026465,6.815000189355739],[-73.35433042309954,6.8183489670378625],[-73.35406731662178,6.819784838789816],[-73.35343415070275,6.8217780643325145],[-73.35264041943476,6.824132465350331],[-73.34851574072886,6.8359758224467235],[-73.34453374239887,6.843065817131247],[-73.3415283275905,6.857424115931802],[-73.3379119697575,6.873285145538122],[-73.3338274940416,6.887170774778741],[-73.33348852698154,6.888410406497655],[-73.33335475719285,6.8898551025713894],[-73.33348411896695,6.89186621266427],[-73.33454986635542,6.897774493559855],[-73.33531676585426,6.9006639737982125],[-73.33969114506216,6.915432553631685],[-73.34032884876669,6.916239605596246],[-73.34100217333749,6.916877269753024],[-73.34277691560726,6.91849147055634],[-73.34455605121944,6.919062281095221],[-73.34959040993479,6.919138047453516],[-73.35164159483016,6.91914251459416],[-73.35533373287991,6.918946330001635],[-73.35952079665877,6.925024090963008],[-73.3574249811382,6.936260969243864],[-73.35989534284813,6.943377737818781],[-73.36600429427793,6.945366473359041],[-73.37298732283365,6.945611713437823],[-73.37500275948211,6.945883713308008],[-73.375404081695,6.946053166886076],[-73.37590802693433,6.946289543388341],[-73.376402976828,6.946597212528905],[-73.3768087035817,6.94697622146894],[-73.38067480696687,6.951167798886679],[-73.38120985907995,6.95182770291025],[-73.38239598098039,6.955002635859877],[-73.39074344000866,6.96052295402326],[-73.39232639352807,6.955943487385266],[-73.39740973533915,6.9537184204508025],[-73.39790472589831,6.953820974179376],[-73.39944311044711,6.95414642311035],[-73.40713954465298,6.957116257014249],[-73.41139350007201,6.959796134675568],[-73.41462635635709,6.9606879322627835],[-73.41726170523049,6.959970027512066],[-73.4232012381187,6.958092765792887],[-73.42591678116682,6.956598990437282],[-73.42796796046017,6.956068365417176],[-73.42938599717449,6.955796350890608],[-73.43487515840509,6.955042748056642],[-73.44032416658717,6.956175315377641],[-73.44995582359867,6.958846362433207],[-73.45242620224464,6.959961164609312],[-73.45632789640695,6.961940963168891],[-73.4619507740131,6.963309928066145],[-73.47752199080558,6.974743062835056],[-73.49098398055244,6.98169923232109],[-73.49402514792556,6.981569897204969],[-73.49826568345627,6.986287682127375],[-73.50007166513153,6.990728947227078],[-73.5001876228118,6.991112406148019],[-73.500999145011,6.99447454795989],[-73.50125775638082,6.997809971651658],[-73.50088318777664,7.009555255929418],[-73.50071374627701,7.012752436707022],[-73.50055769817607,7.0144246046624295],[-73.50006276605112,7.016984107761017],[-73.49984424406972,7.018058746806233],[-73.49338745117761,7.029665822507014],[-73.49375313373191,7.041509186754013],[-73.49185801389307,7.057753657635327],[-73.49442642665186,7.0595729431050644],[-73.50270254045009,7.052656910409675],[-73.50482057438906,7.050855435604184],[-73.50841910688078,7.04842073576819],[-73.51553140745253,7.043761004168573],[-73.51854130143836,7.043136750258542],[-73.5199012988309,7.04290488991188],[-73.52537256812323,7.0424500347402015],[-73.52576497901636,7.043270483086844],[-73.52602364983616,7.046222464323285],[-73.5258095588607,7.047502192296941],[-73.52557326760201,7.048438641594743],[-73.52496236044131,7.052420568353766],[-73.52538596007831,7.059559637316145],[-73.52657658236132,7.072218969267778],[-73.52771363067353,7.085235082156521],[-73.52774931219425,7.086416758067567],[-73.52767794914672,7.087277364694579],[-73.52664345186578,7.093328387196759],[-73.52235378394748,7.11280129791015],[-73.52442281568158,7.133812517709167],[-73.53345252531803,7.147167598817026],[-73.53393857110424,7.147858740403556],[-73.5360030847541,7.1501506960820995],[-73.54032842248786,7.153994417928563],[-73.58101665106106,7.101875399996838],[-73.62170481348267,7.04975630421913],[-73.66239293316562,6.997637151174859],[-73.7030811232172,6.945518123443226],[-73.69888070470519,6.941950835568825],[-73.68277886401656,6.929594664124854],[-73.67029338897709,6.919962962310152],[-73.64546063723908,6.900730917009156],[-73.63426385997694,6.892053476053642],[-73.62752618614574,6.88646174476706],[-73.62756625243023,6.882631405577999],[-73.6277401723549,6.882359369888794],[-73.62797203541423,6.882221151980005],[-73.62843576074877,6.882114173953434],[-73.62909577251283,6.882024951915277],[-73.62955500362168,6.88205616164567],[-73.62980923323504,6.882194390960839],[-73.63654243051825,6.879380683163948],[-73.64048874887462,6.8768434742548274],[-73.65080266210435,6.8827785463189715],[-73.65105237417292,6.889012339676455],[-73.65067780595588,6.889253180048959],[-73.65036566525164,6.8897837741145675],[-73.65016050546203,6.890296625659935],[-73.65011146110359,6.89089857884069],[-73.65017838060074,6.891290938334362],[-73.65033000483011,6.891549617793573],[-73.65213143221098,6.8939128881278995],[-73.65245695397203,6.894274104920324],[-73.65691162772346,6.896454584316544],[-73.66234281390635,6.897591717901582],[-73.66335947798134,6.893462537794509],[-73.6741727734494,6.893694417570321],[-73.68084361880389,6.8939039789511725],[-73.68291708228323,6.893203950713391],[-73.68530270219543,6.8898997091732515],[-73.68609194528453,6.888512916163818],[-73.68768829412592,6.885240005928483],[-73.6980735505663,6.88840144457921],[-73.7026486387691,6.892379022319215],[-73.71023799612733,6.897252802270094],[-73.71812617567001,6.89763628116789],[-73.7241057933937,6.898871477251219],[-73.7318512958565,6.902697336083498],[-73.73792011315088,6.902840001069344],[-73.73930685321874,6.901948215871838],[-73.7413358131482,6.894327623811242],[-73.74271364107318,6.8894984283330745],[-73.74240595152945,6.885164182833115],[-73.7382455871553,6.879697318443015],[-73.73743850044485,6.878323891755681],[-73.74373475038753,6.867292074786957],[-73.74535344897035,6.863787236814543],[-73.74877800082815,6.8604161299727675]]]},"id":"00060000000000000661","properties":{"continent":"America","disp_en":"San Vicente De Chucuri, Santander, Colombia","gaul0_code":185,"gaul0_name":"Colombia","gaul1_code":1940,"gaul1_name":"Santander","gaul2_code":114369,"gaul2_name":"San Vicente De Chucuri","iso3_code":"COL","map_code":"COL"}},{"type":"Feature","geometry":{"type":"Polygon","coordinates":[[[-72.84808417093026,7.137183651102873],[-72.84812428744404,7.135368765697572],[-72.84831603527347,7.133188247060828],[-72.84906517555436,7.1310969244661075],[-72.85009521713152,7.12887184977381],[-72.85243627822653,7.124024790835183],[-72.85411734972189,7.120916812048963],[-72.85508057103608,7.119365064610293],[-72.85646287934046,7.117278177679032],[-72.86240237029676,7.112569380643368],[-72.86534096181373,7.110304190138301],[-72.86843555334875,7.108038977943392],[-72.86921591059772,7.106843941615976],[-72.86972863557922,7.106041234565117],[-72.87315768129007,7.09944179298966],[-72.87502159208681,7.09555795713395],[-72.8772244099861,7.089975140352417],[-72.88180394978377,7.082613163024845],[-72.88605341738925,7.078818424797309],[-72.89578765593943,7.078519731258092],[-72.9036133921681,7.078720363818952],[-72.91050273459071,7.081859593480063],[-72.90974909848411,7.075781836186739],[-72.91009247997475,7.061370036157322],[-72.91228190843934,7.058279843174903],[-72.91539878799253,7.052545456914484],[-72.916094366433,7.050690478138656],[-72.91646008955439,7.049544436451574],[-72.91655814435241,7.048643694378334],[-72.91665628923407,7.047689461599571],[-72.91652696148901,7.046712920548084],[-72.9158580610533,7.045562483026087],[-72.91490382475092,7.044255962406428],[-72.91406106906844,7.042681880336107],[-72.91377122748064,7.0420040950834375],[-72.91345912465707,7.0406708663246125],[-72.91327175461747,7.039047777923566],[-72.9155459609512,7.021327312700832],[-72.92083439394762,7.009599866990256],[-72.92163260551519,6.999236921501832],[-72.92337609866735,6.9908136590034005],[-72.92926662493413,6.98060678114251],[-72.9410163315677,6.961000090239273],[-72.94683099754971,6.953045066940146],[-72.95879032827824,6.947796704329103],[-72.96128296975328,6.947992863422572],[-72.96547452741065,6.948536899447881],[-72.96954121708058,6.950191234825509],[-72.9732957223955,6.951221257790125],[-72.9829675626564,6.950423125077273],[-72.98390846120799,6.9500752778563095],[-72.98476898861496,6.949611524026439],[-72.98482250681074,6.949580307871833],[-72.98507225823037,6.949437680089288],[-72.9851346960439,6.9493974909726335],[-72.98518821415661,6.94936186085403],[-72.98522830768427,6.949330624169335],[-72.98526398641324,6.949303875598936],[-72.98529074545642,6.949277114486405],[-72.98530858481686,6.949250340836924],[-72.98532642417595,6.949219153287382],[-72.99020021258491,6.937683431964514],[-72.98783239020955,6.929884522973919],[-72.97691213335415,6.924399810187355],[-72.97191787299913,6.920747796889907],[-72.97136500101075,6.9170155030743325],[-72.96917107039022,6.9113302035964415],[-72.9689614885359,6.910982343169903],[-72.96866720862805,6.9104829134381305],[-72.96683898874731,6.90778069001445],[-72.96676762571325,6.907736099894291],[-72.96655362658682,6.907611311857942],[-72.96649118385785,6.907571143781898],[-72.96643324636155,6.907539961747383],[-72.9658891918548,6.907263459101596],[-72.96584458978192,6.907241192435753],[-72.96579998770063,6.907223336349478],[-72.96575097045415,6.9072054762891435],[-72.96570195319752,6.907192105559275],[-72.96564843066672,6.907178727554155],[-72.96461392967497,6.906986989361602],[-72.96111347853322,6.907432919646202],[-72.95501793139904,6.901221425385426],[-72.95739464304422,6.8959730408292526],[-72.95886160360932,6.891915257399379],[-72.95937891229124,6.887121746218357],[-72.94928348486843,6.878760867057538],[-72.94778970179102,6.877744227806064],[-72.94616659765148,6.876696292354941],[-72.94035191542034,6.873601687991873],[-72.93589731455133,6.872067790879423],[-72.93046610690116,6.8710645112083295],[-72.92747405953664,6.870979775530672],[-72.92571266234205,6.871586206102526],[-72.92360798067563,6.872955148691897],[-72.92076310722538,6.875492404449266],[-72.92029933746167,6.876250391349001],[-72.91764170126858,6.875206997906623],[-72.91465408963137,6.860701527536387],[-72.91444454985867,6.859127485734143],[-72.91433748172336,6.857067366035513],[-72.9143330656124,6.857000485808586],[-72.9143330656124,6.856942499847901],[-72.91433748172336,6.856889002141876],[-72.91480126304805,6.853522344861281],[-72.91815900941825,6.847279603545501],[-72.91634860624715,6.848336410890381],[-72.90928539750118,6.8557786603362025],[-72.90694876350264,6.859680365793504],[-72.90610156357018,6.864821710907609],[-72.90731891683127,6.8684916069310695],[-72.9084291931338,6.874118962013299],[-72.90843369948057,6.874154619363168],[-72.9085317575656,6.874868060732326],[-72.9085585252528,6.875108913091112],[-72.90858529293699,6.875371959657152],[-72.90859421549774,6.875501274156405],[-72.90859421549774,6.875603819761597],[-72.90851841878434,6.876014066944686],[-72.90821964791479,6.877075366369899],[-72.90783165079979,6.877976092289407],[-72.90221765433941,6.8833804974860575],[-72.89968933472008,6.8855521342369554],[-72.89650113728905,6.8879288107203305],[-72.89152925669751,6.891170555727833],[-72.88471129858613,6.897997447843252],[-72.88373025819175,6.899205902971941],[-72.88168794354067,6.904307066329259],[-72.88101020276555,6.905992649327923],[-72.88109934845573,6.908182077516348],[-72.88153191640771,6.909328017547665],[-72.88238803631377,6.911232028369424],[-72.87668934648308,6.920881596561102],[-72.87065618908589,6.929291461851788],[-72.86962614475478,6.932033786998205],[-72.8692024794962,6.933897681588682],[-72.8689884831877,6.94483584084749],[-72.86901967221496,6.946557082415987],[-72.869505715727,6.947502406047421],[-72.87009433907282,6.948523546353757],[-72.87062500026973,6.9491522952921585],[-72.87179773304486,6.950356197795556],[-72.87227034004036,6.95106522782173],[-72.87277422479471,6.952594685559645],[-72.87297046012942,6.95369610071549],[-72.87272969548665,6.954677117544266],[-72.87055360851353,6.961954329099623],[-72.86878782767333,6.964790314222957],[-72.86563969573726,6.969387699810948],[-72.8630533905178,6.972330664419252],[-72.85614177777468,6.981739377667728],[-72.85538373480077,6.983175210650282],[-72.85465688033477,6.985716925304752],[-72.85280642506265,6.992494730715686],[-72.8519904064953,6.9956071428474385],[-72.85175403825392,6.997047455213399],[-72.8515221771925,6.999705071232827],[-72.85184319472287,7.000084105102053],[-72.8528197669254,7.000391825561661],[-72.85386322452807,7.001038359844521],[-72.85622651545546,7.003303617656918],[-72.85848278053533,7.006429445530953],[-72.85897776959843,7.008583168899413],[-72.85933005768399,7.011276423812753],[-72.8589287304794,7.013537189060919],[-72.85788529466704,7.015111311931634],[-72.8568418543641,7.016185898407659],[-72.85212860338109,7.019115531776871],[-72.84794597174333,7.024519962032078],[-72.84693818808172,7.025848763080694],[-72.84621581584614,7.027601218774578],[-72.84592156551456,7.029647931591041],[-72.84598845701214,7.031511858310433],[-72.84699173711742,7.033130489273376],[-72.84729941846935,7.038262972520837],[-72.84700507929958,7.041562693076397],[-72.84598845701214,7.045758672237558],[-72.84541320756155,7.046869043507755],[-72.84476214001594,7.047439801997725],[-72.84329069569989,7.0470785554277136],[-72.84200198011189,7.046391900124494],[-72.83999095713058,7.045201314784514],[-72.83719504233275,7.044336240148599],[-72.83633443539405,7.044224769152146],[-72.83546940786242,7.0446528529498],[-72.82554341430598,7.0496514454141215],[-72.82460703341951,7.050150887482427],[-72.8228456971993,7.051435115235754],[-72.82255583644422,7.0517918164068805],[-72.81734766082646,7.065771122523907],[-72.81741446999943,7.068286061432475],[-72.81833311681848,7.071915776091684],[-72.8193452562337,7.072076324865869],[-72.82049127862417,7.073035007648325],[-72.82177992754967,7.075050497776566],[-72.82225704960165,7.075862039659379],[-72.82258703142847,7.077061603975212],[-72.82166398278342,7.081649960952869],[-72.82065185296337,7.084280878068282],[-72.81978676986192,7.0858058728960325],[-72.81877003409731,7.089154631190803],[-72.81905548148951,7.090113354664577],[-72.81943893256326,7.090639531261542],[-72.82010782920017,7.091214729865818],[-72.8206340013576,7.091549219748909],[-72.82455347946481,7.0933774025847045],[-72.8291018272768,7.094443125033251],[-72.83092108858067,7.094545726662272],[-72.83350737520476,7.0949827237781005],[-72.83484508957577,7.095847784986585],[-72.83589745938953,7.096614742229214],[-72.83627646647464,7.097332687492233],[-72.83698994300826,7.0991073617708516],[-72.83722632559916,7.100110644811676],[-72.83688743835808,7.1013993630313115],[-72.83592423512351,7.103887561838741],[-72.83563438990062,7.104507368899157],[-72.83481840387762,7.105220775503782],[-72.8344259614996,7.1095283125914985],[-72.83617837906482,7.115797761300755],[-72.84593490775544,7.13391508139029],[-72.84808417093026,7.137183651102873]]]},"id":"00060000000000000662","properties":{"continent":"America","disp_en":"Santa Barbara, Santander, Colombia","gaul0_code":185,"gaul0_name":"Colombia","gaul1_code":1940,"gaul1_name":"Santander","gaul2_code":114370,"gaul2_name":"Santa Barbara","iso3_code":"COL","map_code":"COL"}},{"type":"Feature","geometry":{"type":"Polygon","coordinates":[[[-73.48027774549426,6.404696049196837],[-73.47764686087201,6.415741186386509],[-73.47355334985187,6.4316289717444635],[-73.46863499090323,6.447895810236901],[-73.46781893937505,6.450022812744058],[-73.4671233556869,6.451445253035814],[-73.46644116541427,6.4528231028265015],[-73.46532635319133,6.454901066853091],[-73.46500080893826,6.455271118932421],[-73.47017781149451,6.45560109120635],[-73.47774044594918,6.45246193570312],[-73.47833800502117,6.4521676423238965],[-73.47934576970178,6.452024933911481],[-73.48312264209399,6.451703867095739],[-73.4840100125962,6.451694925397663],[-73.48497756673258,6.451788553716084],[-73.48585162488997,6.452078451874833],[-73.50090997480234,6.459966614740078],[-73.50736231287105,6.464015434002542],[-73.51418468458762,6.470485588743559],[-73.52290672613526,6.475564542076645],[-73.52838699477223,6.47797688491947],[-73.5342150271174,6.4803981557360855],[-73.53459852385045,6.480554220471192],[-73.5350845669791,6.480603267213973],[-73.54216999146621,6.481214183710874],[-73.54590232961255,6.481361359078227],[-73.54854656055323,6.480108321853799],[-73.55036585972594,6.4793190542223265],[-73.55077161412359,6.4796936363924225],[-73.55785713607156,6.486912942596946],[-73.56106771628477,6.492691938678931],[-73.5618613897573,6.498854403975506],[-73.56148683951865,6.500432891976887],[-73.56069756794248,6.502836369611879],[-73.55928409666805,6.506898606614254],[-73.56019370144436,6.50834778981161],[-73.56731934067979,6.513872689117573],[-73.57229128300199,6.5173997810526565],[-73.58556604698258,6.522153222872206],[-73.5903506627832,6.523508769167649],[-73.59093478268079,6.523629132263481],[-73.59163040524395,6.5236202283383316],[-73.59692782417554,6.523192160762835],[-73.60112826771247,6.521546730657697],[-73.6015607869899,6.521319322121967],[-73.60169007539763,6.520935840273894],[-73.6108446390567,6.515611673529161],[-73.61647648765808,6.520159974811064],[-73.62415061857916,6.524859905972805],[-73.62538128101633,6.524788542157799],[-73.62595649796755,6.524583398836689],[-73.62646936769934,6.524311415858346],[-73.62685278392773,6.524092921819321],[-73.6271872394404,6.5237004757755335],[-73.62751280077094,6.5232457139579045],[-73.63515121641422,6.511504873167827],[-73.64362798100214,6.494983868617716],[-73.6480870686121,6.486953028906372],[-73.65157856500963,6.4861771417849265],[-73.6616115024557,6.486591887236451],[-73.66689553256703,6.489539355542681],[-73.67018632830784,6.488107952807324],[-73.67534996562635,6.483680100384202],[-73.67625070570055,6.480540888224966],[-73.67598764222971,6.4796044964248445],[-73.67576023440797,6.479149597544978],[-73.67535445631364,6.4789935381484325],[-73.66870148444077,6.477847564734353],[-73.66285110166666,6.477374942915597],[-73.6610585710583,6.4776156879604025],[-73.6580933206807,6.477312513440778],[-73.65737537745343,6.476951304324017],[-73.65712567310041,6.476594581500531],[-73.65281373385065,6.47003522399318],[-73.64433249832447,6.456020283301915],[-73.64414969953229,6.445492367684928],[-73.65004463140947,6.435726904888643],[-73.6521849672823,6.4333948029045755],[-73.65795508559242,6.4279680457850015],[-73.65833853279061,6.428066163088224],[-73.65871757803755,6.428066140750152],[-73.65911440711896,6.4280394160050065],[-73.65947117538656,6.427923501056433],[-73.65986800300512,6.427624738022132],[-73.66429592899037,6.420570387561287],[-73.66552212901767,6.416347645381924],[-73.66564257501932,6.415794726929286],[-73.66574954825428,6.414407936292137],[-73.66577631400875,6.4118038475389305],[-73.66559793545802,6.4102342633285785],[-73.66544192146188,6.409480624222884],[-73.66502273991578,6.408557616732197],[-73.66361806679095,6.405721611747551],[-73.66365821584039,6.401949219259382],[-73.66507627161178,6.396268290095999],[-73.6673682413628,6.391051155289922],[-73.66865244453037,6.391028847494538],[-73.6697850299301,6.390618634557731],[-73.67068579459061,6.39018163062263],[-73.67153302528503,6.389486053492439],[-73.67230444853918,6.388050197015533],[-73.67240701734444,6.387532965124258],[-73.67220187968235,6.386917551545398],[-73.67176492858891,6.386404794845238],[-73.67132788674374,6.38594100781895],[-73.67089093377771,6.385579861938606],[-73.66878618154766,6.384625623065509],[-73.66742617348837,6.3848842243271084],[-73.6667037721791,6.384884253173934],[-73.66606166547504,6.384777200628798],[-73.66549536322988,6.384523046450974],[-73.66513869529993,6.3841083442759],[-73.66485774364375,6.383417202711171],[-73.6609872539368,6.368247330140195],[-73.66091144578536,6.3674491529330846],[-73.66132614477223,6.364853950841605],[-73.66155796985171,6.364055807364086],[-73.6618389260465,6.363257614508486],[-73.66212428301385,6.3625129033352055],[-73.66261038593852,6.362258729936331],[-73.66317669618348,6.362178493823168],[-73.66423350504459,6.358374900403946],[-73.66444305182596,6.353853324824039],[-73.66254347050848,6.350223657902605],[-73.65915904809688,6.343771307343656],[-73.65880227928459,6.339013431187561],[-73.66052791359299,6.335236616379822],[-73.6644608358978,6.329016166172447],[-73.6685008338903,6.321230609965248],[-73.66927666961637,6.319509332147878],[-73.66978952073995,6.31691414016789],[-73.67059211668828,6.3124416684317834],[-73.6701283969659,6.31105486657512],[-73.66740838967482,6.309971308985813],[-73.66591903470069,6.3093514977362455],[-73.66399270112679,6.308401760054568],[-73.66196377538247,6.307242361033179],[-73.66134392911543,6.30685439743172],[-73.65885581261033,6.304798767079682],[-73.65672434906261,6.302404244806027],[-73.65582810377371,6.301169075943128],[-73.65562294945914,6.300785596921125],[-73.65588154805567,6.294458151945342],[-73.65611346913094,6.293896263631174],[-73.6563720671074,6.293303239280217],[-73.65667970755317,6.292763646187076],[-73.65701420426021,6.292531771276567],[-73.65388389010879,6.286850938705891],[-73.63916439477528,6.287301234273729],[-73.63867392435859,6.28735031546513],[-73.63777760011878,6.287631212599668],[-73.63705527383846,6.288019181861421],[-73.63669406483001,6.288300131373935],[-73.6367476039323,6.2904850480891605],[-73.63718013828199,6.290667892875763],[-73.63738522122843,6.291002312087325],[-73.63795151140175,6.293057945804446],[-73.63845985970495,6.296143654564781],[-73.63843309037881,6.297374359758506],[-73.63817446976287,6.300152418731057],[-73.6349282547706,6.310457382341139],[-73.63235977667922,6.311277890645023],[-73.62303134630959,6.313739255329811],[-73.6154776491504,6.315250879258515],[-73.60449936045828,6.321128029764812],[-73.59964337381248,6.320298582511148],[-73.59802477610741,6.319090220012474],[-73.59006080356721,6.320289685498131],[-73.58800509168748,6.32141782113542],[-73.58630625448197,6.322523735530587],[-73.58263187728939,6.3231390815689625],[-73.57903345307501,6.323491309831724],[-73.57446288732375,6.3222784833891605],[-73.5664275595372,6.317181713567346],[-73.56614665307795,6.314176254370682],[-73.56622240620072,6.3137615688067745],[-73.56611987438741,6.313302265068219],[-73.565812188783,6.312142903595914],[-73.56542874934016,6.311835209666177],[-73.56265515007051,6.310287943684098],[-73.56049690215467,6.309440745858464],[-73.55284512811136,6.306707263508321],[-73.55181506882313,6.3063951155104405],[-73.5511238963723,6.306577958310662],[-73.55055763831464,6.306961425366734],[-73.54783308971446,6.308963610075655],[-73.54032392886357,6.316486065082101],[-73.53553933264297,6.321779023916141],[-73.52918070240284,6.331798621469349],[-73.5248553144398,6.340480495548779],[-73.51908526549849,6.353817684015083],[-73.51737741855321,6.365460364178654],[-73.517274862806,6.366361158412516],[-73.51683345007513,6.367235104193194],[-73.51634736469295,6.36797978798035],[-73.51595943036084,6.368519324742698],[-73.51500963538383,6.369830283478385],[-73.51438979904496,6.370267318192749],[-73.51146020273623,6.37231846580788],[-73.51086714170584,6.3727019740106865],[-73.50937783027902,6.373317333661514],[-73.50480277662854,6.374909236515577],[-73.50384852682367,6.37521690210346],[-73.50068704911584,6.376135515453107],[-73.50030349053876,6.376135500224003],[-73.49983974957986,6.376006137950788],[-73.49930023032212,6.375569189733425],[-73.49729810023734,6.374280508452152],[-73.49488568490403,6.373406507608928],[-73.48666311224677,6.372108939556574],[-73.47633145126683,6.375002900021089],[-73.47807487067122,6.378066276371594],[-73.47937246955725,6.390302082352769],[-73.48027774549426,6.404696049196837]]]},"id":"00060000000000000663","properties":{"continent":"America","disp_en":"Santa Helena Del Opon, Santander, Colombia","gaul0_code":185,"gaul0_name":"Colombia","gaul1_code":1940,"gaul1_name":"Santander","gaul2_code":114371,"gaul2_name":"Santa Helena Del Opon","iso3_code":"COL","map_code":"COL"}},{"type":"Feature","geometry":{"type":"Polygon","coordinates":[[[-73.9494019212868,6.888914257585109],[-73.94877758964684,6.888633314550483],[-73.94826034626284,6.88826770614285],[-73.9478457074687,6.887826217013591],[-73.94368976324614,6.881565637707846],[-73.94018939447633,6.875501286948299],[-73.93933326277585,6.870507125339638],[-73.93825863050526,6.865570909056251],[-73.93463339561666,6.852764353364929],[-73.93371920538449,6.84812686110255],[-73.93361668162323,6.847480320068515],[-73.9337549048092,6.8470834185378555],[-73.93389761274533,6.8466776629000785],[-73.93421424280058,6.846414552004226],[-73.93525759347635,6.846124764299889],[-73.93619850583664,6.846262963829555],[-73.93662653423776,6.846405653128949],[-73.9401493012271,6.846526092615923],[-73.94235648054857,6.845487075419987],[-73.94451026793885,6.835467520018211],[-73.94224508173998,6.825764460930996],[-73.95024912919196,6.819432533408396],[-73.95476170885213,6.8077497038044585],[-73.95592557747564,6.803620589673656],[-73.95287109125388,6.792093784056993],[-73.95101606170851,6.787777366396674],[-73.94531292050786,6.781035215700784],[-73.93646158375675,6.772460396835751],[-73.92165287207854,6.7657494541739],[-73.91679693893158,6.762659246153484],[-73.90737931435434,6.752858177298745],[-73.89960262669413,6.740573373060668],[-73.89607553659773,6.736350595454694],[-73.88911043437643,6.736252505884636],[-73.88050874928918,6.7348924661618215],[-73.87714218840263,6.7261347638942555],[-73.87496612220745,6.726607418028132],[-73.86875909113941,6.723423625572632],[-73.86768882545721,6.7206188825081155],[-73.86844693091813,6.713056217841279],[-73.86504911691081,6.709600453353133],[-73.85575633212905,6.7011459512474225],[-73.85226039853828,6.697520750308244],[-73.85028946110872,6.6936635912102975],[-73.84945563844536,6.680513716023301],[-73.85050347980903,6.679550549338437],[-73.85306746857184,6.676397940638747],[-73.8536159225484,6.675604264406183],[-73.85374083201009,6.6746365914090475],[-73.8536159225484,6.673504049366588],[-73.85323688645542,6.672496251844542],[-73.85239858955035,6.671738213402225],[-73.85143098122492,6.671064884289585],[-73.85025823320343,6.670601105863974],[-73.84908108114128,6.670222103256312],[-73.84433211019632,6.669214339852956],[-73.84122409756823,6.669633504970185],[-73.84076481038139,6.669633513371291],[-73.83979723469768,6.668960225247158],[-73.83853970228495,6.666521080744307],[-73.83387995125007,6.657406654564254],[-73.83438385652067,6.6561447087640895],[-73.8353514587285,6.655136943874127],[-73.83677835372642,6.654173800670291],[-73.836069394607,6.6479578216608495],[-73.83426790906377,6.63993593343027],[-73.82885007163841,6.632957434272916],[-73.82297302653478,6.627579754924092],[-73.8217556841184,6.626612073290627],[-73.8206631748557,6.626277673238289],[-73.81889735913259,6.626652230601667],[-73.81688184187746,6.6272408192420516],[-73.81490651277149,6.62782947165669],[-73.81331009788741,6.6284581909016005],[-73.81196793985194,6.629042316328224],[-73.81146406729215,6.629715659877958],[-73.81116976707023,6.630513814025873],[-73.81141946005876,6.631646432614007],[-73.80877074175841,6.635343046184146],[-73.79947351573796,6.636092190646677],[-73.79821608646432,6.636078747329352],[-73.79711913921106,6.635686381799452],[-73.79596868897546,6.635169131675271],[-73.79428316908722,6.634058836060594],[-73.79332443240239,6.633336434802678],[-73.79223643436204,6.632489236381955],[-73.79163889013319,6.631708859305555],[-73.79128217592971,6.6310756734825045],[-73.7908763611335,6.63013029818113],[-73.79059989315911,6.629126999650188],[-73.79059100668215,6.6279320329108256],[-73.7906401067065,6.626759247123505],[-73.78796014326446,6.623263313478871],[-73.78175307461815,6.622398264737652],[-73.7806695017826,6.614059769556517],[-73.78074086642414,6.613185752103558],[-73.78082560629242,6.6126461729427],[-73.78093260827812,6.61216909947602],[-73.78099499615439,6.611905958747009],[-73.78115998730728,6.611393212736201],[-73.78135172875871,6.6108045737142005],[-73.78161483435507,6.610305168851433],[-73.78375970204398,6.606465865836955],[-73.78540060810434,6.604432526920674],[-73.78800915417338,6.602697954728306],[-73.78943163220778,6.60199337802704],[-73.79140703494977,6.601208582950733],[-73.79603556014334,6.599438346284072],[-73.79947351573796,6.594390603959593],[-73.79377485341395,6.582248481641104],[-73.78528912027532,6.5752075769108025],[-73.78489226977601,6.574993549148952],[-73.78381760076432,6.574596696529837],[-73.78029050573673,6.573473030488858],[-73.77717807897814,6.573160832922234],[-73.77274122506753,6.574066073486253],[-73.76676161759512,6.573428449372797],[-73.76423772058646,6.573067185914123],[-73.76310961434078,6.572683743904748],[-73.76217766056455,6.57215758308741],[-73.76158011620358,6.571653666444916],[-73.76100932321641,6.571163220251611],[-73.76005060639197,6.570338240175798],[-73.75481560309323,6.565691868475321],[-73.7548423570717,6.562320818661251],[-73.756095390918,6.561277391153129],[-73.75701848500178,6.560095722292086],[-73.76068379632119,6.554365776612264],[-73.76135271491422,6.552863061918409],[-73.76355103626643,6.541617162667845],[-73.76476388670147,6.532828271994632],[-73.76173614583753,6.531196241475087],[-73.76020672699275,6.531673389449892],[-73.75859254722815,6.532177279401894],[-73.75726366712595,6.532404654219814],[-73.7551723823647,6.5326766805460545],[-73.75293392758799,6.532855066973121],[-73.75078020043289,6.5327926031295105],[-73.7486754707206,6.532542878889586],[-73.74706128798913,6.532239708062107],[-73.74658418627752,6.532146054280027],[-73.7442252365581,6.531258679323061],[-73.7383927461255,6.526710370879955],[-73.73638620320085,6.522255781030678],[-73.73262266918843,6.5195981641099605],[-73.72584928019812,6.520824354108716],[-73.72475238568896,6.520980487834844],[-73.71710502643508,6.522014959328483],[-73.7147060417578,6.52019566781759],[-73.7127797215867,6.5158168581928395],[-73.71066606426172,6.5114959426694465],[-73.69558983416076,6.505239860423163],[-73.68400513248118,6.500736147286628],[-73.68327380891577,6.492228147801923],[-73.68212333633889,6.480781681180501],[-73.67913135870855,6.480086033990592],[-73.67625070570055,6.480540888224966],[-73.67534996562635,6.483680100384202],[-73.67018632830784,6.488107952807324],[-73.66689553256703,6.489539355542681],[-73.6616115024557,6.486591887236451],[-73.65157856500963,6.4861771417849265],[-73.6480870686121,6.486953028906372],[-73.64362798100214,6.494983868617716],[-73.63515121641422,6.511504873167827],[-73.62751280077094,6.5232457139579045],[-73.6271872394404,6.5237004757755335],[-73.62685278392773,6.524092921819321],[-73.62646936769934,6.524311415858346],[-73.62595649796755,6.524583398836689],[-73.62538128101633,6.524788542157799],[-73.62415061857916,6.524859905972805],[-73.61647648765808,6.520159974811064],[-73.6108446390567,6.515611673529161],[-73.60169007539763,6.520935840273894],[-73.6015607869899,6.521319322121967],[-73.60112826771247,6.521546730657697],[-73.59692782417554,6.523192160762835],[-73.59163040524395,6.5236202283383316],[-73.59093478268079,6.523629132263481],[-73.5903506627832,6.523508769167649],[-73.58556604698258,6.522153222872206],[-73.57229128300199,6.5173997810526565],[-73.56731934067979,6.513872689117573],[-73.56019370144436,6.50834778981161],[-73.55928409666805,6.506898606614254],[-73.56069756794248,6.502836369611879],[-73.56148683951865,6.500432891976887],[-73.5618613897573,6.498854403975506],[-73.56106771628477,6.492691938678931],[-73.55785713607156,6.486912942596946],[-73.55077161412359,6.4796936363924225],[-73.55036585972594,6.4793190542223265],[-73.54854656055323,6.480108321853799],[-73.54590232961255,6.481361359078227],[-73.54216999146621,6.481214183710874],[-73.5350845669791,6.480603267213973],[-73.53459852385045,6.480554220471192],[-73.5342150271174,6.4803981557360855],[-73.52838699477223,6.47797688491947],[-73.52290672613526,6.475564542076645],[-73.51418468458762,6.470485588743559],[-73.50736231287105,6.464015434002542],[-73.50090997480234,6.459966614740078],[-73.48585162488997,6.452078451874833],[-73.48497756673258,6.451788553716084],[-73.4840100125962,6.451694925397663],[-73.48312264209399,6.451703867095739],[-73.47934576970178,6.452024933911481],[-73.47833800502117,6.4521676423238965],[-73.47774044594918,6.45246193570312],[-73.47017781149451,6.45560109120635],[-73.46500080893826,6.455271118932421],[-73.46340445713275,6.461090308008608],[-73.46002893735407,6.4649251392862235],[-73.45447739676148,6.467765524709456],[-73.4539600595666,6.467992935286641],[-73.453505298096,6.468157922015811],[-73.45280076654632,6.468220392778717],[-73.45196244649136,6.468108884792547],[-73.45097253407259,6.467738789994527],[-73.44987112747732,6.4671992288437705],[-73.44840404505612,6.466106742798123],[-73.44333854558137,6.462035629081458],[-73.44202310369401,6.460751394837014],[-73.44084144693704,6.4586333459762715],[-73.44005657938935,6.456898732969176],[-73.43982918395679,6.456350279389045],[-73.43968648847874,6.455560959551305],[-73.439534891288,6.453095141869878],[-73.43982477811171,6.448118784007796],[-73.44015467675112,6.442950649305457],[-73.44142553254284,6.440640831286899],[-73.44111343897035,6.432217628733503],[-73.43897750543722,6.416927313367891],[-73.42355346305196,6.4055922914277845],[-73.42094489862735,6.403469747524113],[-73.40842822217498,6.4033894973177965],[-73.39541654146555,6.4093825088275915],[-73.39295063216125,6.411108187109112],[-73.39237540815257,6.411371276377708],[-73.3918135829726,6.4114783231182715],[-73.39109571809603,6.411545211985762],[-73.39030644170478,6.411451529328307],[-73.38844251124253,6.4112063378991415],[-73.3824048849646,6.410385848354006],[-73.37812418482847,6.408276670696543],[-73.36335113960432,6.4054808283515845],[-73.34937191438209,6.405195412199501],[-73.3367570902891,6.406350379167177],[-73.32891349973414,6.405454047720046],[-73.32634508770533,6.404223349665323],[-73.32201083527522,6.4011911654850575],[-73.32087377476839,6.400294866926583],[-73.31639240880946,6.41658400205388],[-73.31716827861614,6.42394151199602],[-73.31042161014084,6.435891931771518],[-73.30697919084882,6.449822142242],[-73.30433944434897,6.463810294524503],[-73.30226145390542,6.470338459105983],[-73.30145880954257,6.472478804181632],[-73.30113328832807,6.473125356428286],[-73.29793167423948,6.478333622311382],[-73.2923712063541,6.4849019144109175],[-73.30598033753608,6.4908056970653405],[-73.31089430654139,6.491300684054225],[-73.31430553571751,6.489695398408336],[-73.31664206573178,6.489084514516488],[-73.3260820374291,6.487514944948189],[-73.32690690230095,6.487398974118604],[-73.32720125838725,6.487452515725494],[-73.32756245579412,6.487555005410138],[-73.32895362249884,6.4879964655728894],[-73.33158902428902,6.48926289162944],[-73.3318208517634,6.489374357434038],[-73.34235322407747,6.494662826020427],[-73.34823031877846,6.499202245175796],[-73.36225423141799,6.5108717029236045],[-73.37527033768743,6.518032988066124],[-73.38483961621604,6.523776350064908],[-73.39825699228803,6.533073543979701],[-73.39866276792111,6.533305441987691],[-73.40037507511927,6.533916321520848],[-73.40092797476763,6.534001003594313],[-73.40168159952356,6.533978707371864],[-73.40239951907854,6.5338226375363035],[-73.41415820221191,6.531267595547726],[-73.4154602365393,6.530612089644966],[-73.41788155516095,6.528690282495391],[-73.42064617375722,6.525484120840864],[-73.42357135753785,6.5217206498587075],[-73.42567156631823,6.51710553326761],[-73.42562246936212,6.51664177860007],[-73.42574287378206,6.516066543330852],[-73.42582766938594,6.5156830508115595],[-73.42613978525924,6.514965165201721],[-73.42700032710113,6.513498125925797],[-73.42736153783484,6.51313693534599],[-73.42884647892254,6.512017651418877],[-73.42922989670002,6.511883931722677],[-73.43314055695213,6.5107290183193385],[-73.43582045677381,6.51127298799906],[-73.43504456251024,6.518612696865136],[-73.43532995956863,6.520637149105395],[-73.43678364434513,6.523593476814169],[-73.43711804349631,6.52424008849388],[-73.43770222919606,6.525007035417209],[-73.43806342186444,6.525430683588995],[-73.43809012689934,6.525430638941566],[-73.44119813856751,6.524770692595008],[-73.44397171711246,6.524235592623378],[-73.45009401666712,6.523455244931675],[-73.45250199627434,6.523290309952521],[-73.454125042976,6.523303630955004],[-73.45559658144404,6.523352737796387],[-73.46123287439217,6.523816423866083],[-73.46917009316687,6.527209837155425],[-73.47466811888307,6.530206342896531],[-73.48538335742337,6.528248786580175],[-73.48825946878786,6.5249267287387065],[-73.49196948142534,6.522657084542675],[-73.49967480173589,6.518728637351993],[-73.50931985397396,6.517760982952719],[-73.51003327601643,6.517761027430051],[-73.5110276764267,6.517966132261241],[-73.51281134736317,6.518612650050437],[-73.51450574884696,6.519406377918571],[-73.52123009883462,6.519879084858075],[-73.52674150912479,6.519335023114458],[-73.52939020620352,6.516120052322351],[-73.5334212486645,6.512748931039765],[-73.54164828563385,6.509342197392784],[-73.54216558775317,6.5091504690539495],[-73.5427764447766,6.508994413628107],[-73.54331153860589,6.508949839854343],[-73.5440562100718,6.508923065035159],[-73.54912621449868,6.509203987025949],[-73.54973714105618,6.509409086630667],[-73.5504283180954,6.509841656467658],[-73.55099017297643,6.510296451041039],[-73.55140931645239,6.510737872611156],[-73.55301012404937,6.512740020926955],[-73.552947666452,6.5143631382612215],[-73.55104813776538,6.523214505507047],[-73.55413822186864,6.531891882850735],[-73.55897640097108,6.538272825441864],[-73.56993238839775,6.538990795894569],[-73.58793374925092,6.547092921522414],[-73.59862675397403,6.549688188466289],[-73.61162500519507,6.552497388113365],[-73.61216450366108,6.552604440772211],[-73.61356467752827,6.5528005860971925],[-73.61423354131827,6.552885325477065],[-73.61491578913362,6.552787192719606],[-73.61564268513247,6.5526088627003745],[-73.61625350578078,6.552345763487748],[-73.62069477060199,6.549478546628923],[-73.62391425939892,6.547150955812482],[-73.62951044603162,6.547213352218203],[-73.64074296495585,6.550334712387056],[-73.65531970872951,6.550718180324792],[-73.67200572333607,6.550352584984438],[-73.6777936033912,6.552292256213219],[-73.68330057236902,6.558878330188934],[-73.68345666250612,6.559105801549067],[-73.68347004422115,6.559605194884288],[-73.6835279717694,6.562347560810435],[-73.68352357107251,6.562682002582228],[-73.68344328079019,6.563052113222908],[-73.68238648169404,6.565732025664602],[-73.68225715432652,6.566017380148899],[-73.67777573066921,6.574257809683598],[-73.67379824761862,6.5806877881119386],[-73.67350841624564,6.582435766761125],[-73.67345937749101,6.583019944727461],[-73.67348614223401,6.583416833001635],[-73.67483721830179,6.58525839201303],[-73.67914025010423,6.586663054988909],[-73.68344328079019,6.587528096146792],[-73.68788452517185,6.58754590161729],[-73.69412277749885,6.592584666744522],[-73.70018275933515,6.601155094556331],[-73.70449019353362,6.59707946896352],[-73.71545961120437,6.59768594378952],[-73.71811279624187,6.598992403059706],[-73.71824659048329,6.599228766502688],[-73.71870140044688,6.600727061060423],[-73.71875931793046,6.602318954036248],[-73.71875931793046,6.602831701368773],[-73.71871029010822,6.603286587387648],[-73.71849181983268,6.603714589243305],[-73.71910269194174,6.60605115408545],[-73.7207525671928,6.608632975536663],[-73.72087298044069,6.608789106204611],[-73.72119399229068,6.60907895644883],[-73.72167115413681,6.609257302671896],[-73.73034409693439,6.6124812430474575],[-73.73447768829888,6.6190851397680985],[-73.73421461063575,6.633309709870571],[-73.72772662968791,6.638566929054968],[-73.72462308535401,6.646174216930092],[-73.72543462316793,6.652515031186496],[-73.7357440477781,6.6569116773712445],[-73.73610077111461,6.661914794250264],[-73.7352802975173,6.671925527897259],[-73.73915529542968,6.687853369678644],[-73.74102812149687,6.691572325328454],[-73.74144723565813,6.707674125281995],[-73.7427894186417,6.7110941998020825],[-73.7432977740563,6.712926887481332],[-73.74332004038914,6.713203411468089],[-73.7432710185402,6.713453097722589],[-73.74231230679227,6.717283438061959],[-73.74216515068863,6.717689220048506],[-73.74045735986932,6.7202532031169895],[-73.74026117982636,6.720391465993201],[-73.73991335258893,6.720409304390436],[-73.7394138773707,6.7202443092955875],[-73.73865141883188,6.719700283473913],[-73.73260489109109,6.7175956274732265],[-73.73025493605893,6.7256353581333865],[-73.73036196502052,6.735561308996026],[-73.73324247732837,6.740827519422584],[-73.73525803029496,6.7443680480644685],[-73.73794238007885,6.74622746914121],[-73.73874946476907,6.752746689956573],[-73.73893675751633,6.75464179497538],[-73.73498606470717,6.758565818717075],[-73.73102631550012,6.762846561211302],[-73.73433501584775,6.767104989083479],[-73.73327372358133,6.775376671617581],[-73.73606063640379,6.784276980724105],[-73.74193772740757,6.789262254013085],[-73.74689626874466,6.791768330461163],[-73.74756514351607,6.792062620052297],[-73.74835441288246,6.792397008873001],[-73.74970552782048,6.799857070023189],[-73.75022275401201,6.8060686479050005],[-73.75043239139646,6.806590343854511],[-73.75082922044999,6.8070094872922375],[-73.751243914951,6.807299355820667],[-73.75168087400186,6.807571366383311],[-73.75280904454432,6.808093021942976],[-73.75777198590266,6.809158793814636],[-73.76104505393553,6.8071610873196695],[-73.76123232589185,6.806514553306505],[-73.76162913358154,6.806015122941331],[-73.76208842403489,6.805890236409395],[-73.76310961434078,6.8057876824694725],[-73.76344402497985,6.80595271229337],[-73.76512953587645,6.809457562894744],[-73.76677499378746,6.816230953016589],[-73.7636669351709,6.819646599813508],[-73.76036275769596,6.833255785935706],[-73.75981431552164,6.8432396902010355],[-73.75674197019964,6.848760069359918],[-73.75375881809148,6.853740901833775],[-73.74943798102963,6.855404113291954],[-73.74877800082815,6.8604161299727675],[-73.7586816955375,6.857544495529878],[-73.76623985562335,6.855301525660239],[-73.76904013582829,6.856126502454197],[-73.77357949951909,6.859328124992118],[-73.77423499932397,6.859796312031138],[-73.77470772627977,6.860237817581751],[-73.77687923965087,6.863069294754738],[-73.7815568452292,6.869383438347876],[-73.7930257070246,6.872486978369939],[-73.7976720566742,6.876036378913436],[-73.80410652063901,6.88285877147885],[-73.80156936312598,6.8902163097409055],[-73.80692466895088,6.89177255921829],[-73.82408778037738,6.887331307651448],[-73.83385769503039,6.8851418788933145],[-73.84007812109706,6.884869865474599],[-73.84352051746654,6.889551885383035],[-73.84340457537539,6.8924548106833505],[-73.84263318183281,6.8923790149132165],[-73.8419420120925,6.892552866307049],[-73.84132218279416,6.892972026910947],[-73.83940928774506,6.894831473237809],[-73.83918628296387,6.895353197531283],[-73.83826769803832,6.897975137168917],[-73.83814735555825,6.898594982456337],[-73.84079155280648,6.910612224088887],[-73.8410412981653,6.9113791948553205],[-73.8429452932642,6.914424748396032],[-73.84483150189584,6.913858440550619],[-73.84546029392261,6.913599869427719],[-73.84605776563609,6.913194074317437],[-73.84631638830655,6.912895328435363],[-73.85052133712404,6.907901125425394],[-73.8509672310629,6.907361600721811],[-73.8513774992573,6.906786370686448],[-73.85191707421451,6.905965902172966],[-73.85239858955035,6.904984895512053],[-73.85260372226348,6.904409627128257],[-73.8529604157768,6.903406376634306],[-73.85321911912065,6.902514561040911],[-73.85511868938316,6.895678689025455],[-73.85523013792653,6.895063335845288],[-73.85527024861871,6.893837092307423],[-73.85521228103856,6.893003248221237],[-73.85506511868407,6.891331118176357],[-73.85850761215588,6.8811688268959745],[-73.86421966379244,6.86954392639341],[-73.87004325869353,6.867675546995783],[-73.87021714826004,6.867675589941607],[-73.87036429926926,6.867822739223481],[-73.8708593180433,6.8688260486607655],[-73.8710778006468,6.869405667917265],[-73.87138547039748,6.870261813985292],[-73.87140772237592,6.870533824056265],[-73.87139883952999,6.870810298439226],[-73.8713141384335,6.870966407555896],[-73.87110902524542,6.8713275873831545],[-73.87089054267669,6.871702140542356],[-73.87063186258983,6.87208558886598],[-73.8704579733908,6.872384379091638],[-73.87026174220557,6.872799061038045],[-73.87019938246,6.8730265211817265],[-73.86998080915217,6.874814602420058],[-73.87063634889324,6.878890178546684],[-73.87068094274352,6.879086399531193],[-73.8723976636851,6.884205426324131],[-73.8725805236831,6.8844551992669905],[-73.87281685965955,6.884767289084562],[-73.87295063969316,6.884932291156161],[-73.87313789569691,6.885128462845843],[-73.87373537304941,6.885574412161248],[-73.87443997945782,6.885998043730171],[-73.87678993523232,6.886220971972836],[-73.87698167372778,6.88617191405595],[-73.87722240082923,6.885984612508469],[-73.87891690309921,6.884557694679518],[-73.8794965978801,6.883706059326952],[-73.87953670361563,6.883563323613393],[-73.87959466401531,6.883554407472163],[-73.9494019212868,6.888914257585109]]]},"id":"00060000000000000664","properties":{"continent":"America","disp_en":"Simacota, Santander, Colombia","gaul0_code":185,"gaul0_name":"Colombia","gaul1_code":1940,"gaul1_name":"Santander","gaul2_code":114372,"gaul2_name":"Simacota","iso3_code":"COL","map_code":"COL"}},{"type":"Feature","geometry":{"type":"Polygon","coordinates":[[[-73.27221162523878,6.510791382156848],[-73.27465964166223,6.508557430365562],[-73.2759929241198,6.507317757112276],[-73.27643438038514,6.506706878933802],[-73.27846321421994,6.5027784347197475],[-73.28293572506188,6.495197912271826],[-73.28576279467502,6.4919249941149255],[-73.2923712063541,6.4849019144109175],[-73.29793167423948,6.478333622311382],[-73.30113328832807,6.473125356428286],[-73.30145880954257,6.472478804181632],[-73.30226145390542,6.470338459105983],[-73.30433944434897,6.463810294524503],[-73.30697919084882,6.449822142242],[-73.31042161014084,6.435891931771518],[-73.31716827861614,6.42394151199602],[-73.31639240880946,6.41658400205388],[-73.31594644436711,6.416967509251797],[-73.31382834828881,6.418149108898261],[-73.31309709072738,6.418532585175],[-73.31264230271474,6.418710983753989],[-73.29892165672864,6.422875763852297],[-73.29377582258843,6.423812220491053],[-73.2872253991452,6.423477775472524],[-73.26507258501465,6.4207309493582905],[-73.25889224997371,6.418501389404844],[-73.25259601242469,6.415522706943527],[-73.24291980589473,6.411629931805564],[-73.23246314444151,6.408468399873184],[-73.23082224637989,6.408093873649955],[-73.22920806684269,6.408116187046435],[-73.22692497514205,6.408169634679423],[-73.22660393459452,6.40846841331616],[-73.22639881761403,6.409043662429719],[-73.223879436517,6.414448103269522],[-73.22276464272055,6.415139228501706],[-73.21533131199405,6.413007782768082],[-73.21332467451712,6.4123121832979155],[-73.21188885649626,6.411554125539038],[-73.21005176648994,6.410582025191309],[-73.20973070173763,6.409387027273806],[-73.2095968571144,6.406947875391634],[-73.2090038713667,6.406635761653055],[-73.20851331579102,6.406515328391681],[-73.20789350403763,6.406510856572937],[-73.20743868029491,6.406644626373768],[-73.20696153292339,6.406845299724562],[-73.20662714211198,6.407037063277787],[-73.20639527352054,6.407358097848706],[-73.20580668986709,6.40895001301741],[-73.20362174295094,6.415522745689554],[-73.20347007224504,6.419147945659725],[-73.20309553067426,6.423071990095462],[-73.20162850266394,6.4268621901605245],[-73.20095520398903,6.42835599807514],[-73.19939895819317,6.430206579423991],[-73.19864536013844,6.430919974467241],[-73.19773567426633,6.431771693033147],[-73.19627311202254,6.432890948524009],[-73.19534559346933,6.444025290394375],[-73.19056544570859,6.450178884305337],[-73.18812190781165,6.4522523116956485],[-73.1855444844637,6.454321387269998],[-73.18228044408325,6.454887701994224],[-73.17688048208157,6.460046881598277],[-73.17554273709769,6.4649697152761],[-73.17567210080458,6.467101136252032],[-73.17744231460713,6.4722826114557135],[-73.18062612586819,6.478244458927749],[-73.1814153425848,6.479430574589346],[-73.18187462997453,6.479867523257046],[-73.18232950541118,6.480237618915108],[-73.18259254596342,6.480447206971342],[-73.183176689337,6.4806122460557685],[-73.18859009334625,6.481883046448814],[-73.19228666346537,6.482725868349567],[-73.19421301467645,6.483287664239014],[-73.19596543985193,6.484964288250508],[-73.19785161306228,6.4898381180104066],[-73.19857847953922,6.492054264139516],[-73.19959068782532,6.497757457703244],[-73.19957727575779,6.4983906504912605],[-73.19938554611419,6.4990104324708335],[-73.19893070513632,6.499630292301093],[-73.2029394489989,6.503835226676867],[-73.207670547808,6.508584126257181],[-73.21340496196332,6.512262944391823],[-73.21686521553636,6.514782327274518],[-73.22037455865285,6.518733098520064],[-73.22245250666185,6.521297067615452],[-73.223264077509,6.522389563761339],[-73.22448138325382,6.52410182457791],[-73.2258280171976,6.526063849297714],[-73.22952460355475,6.525243323627811],[-73.23918753236228,6.519388579952466],[-73.24766868723992,6.511857166709359],[-73.25135195231744,6.51140675269087],[-73.26077843172813,6.510595186407056],[-73.26743591311977,6.510390097105048],[-73.27221162523878,6.510791382156848]]]},"id":"00060000000000000665","properties":{"continent":"America","disp_en":"Socorro, Santander, Colombia","gaul0_code":185,"gaul0_name":"Colombia","gaul1_code":1940,"gaul1_name":"Santander","gaul2_code":114373,"gaul2_name":"Socorro","iso3_code":"COL","map_code":"COL"}},{"type":"Feature","geometry":{"type":"Polygon","coordinates":[[[-73.40353210582789,6.055664317842177],[-73.40236381650911,6.0511740629759325],[-73.3999514961917,6.049591090348244],[-73.39783340919634,6.04847184884798],[-73.3921212514651,6.046888831248475],[-73.39164414477305,6.0470315542426265],[-73.39116703702611,6.047365985429464],[-73.39064082328125,6.047745019927302],[-73.38905785739937,6.049871992233764],[-73.38776474706206,6.051784916326162],[-73.38125887622702,6.056752376614937],[-73.38034922409527,6.057349894789549],[-73.3789892357574,6.058112432319551],[-73.37783880180764,6.058446861680641],[-73.37729034009521,6.058589506757107],[-73.37062396382787,6.059204843804967],[-73.36780131884235,6.059008654468791],[-73.34654035769974,6.051874131977288],[-73.34508669462925,6.051133926166818],[-73.34133213310295,6.050861909606705],[-73.338366795202,6.051767097839777],[-73.3377246778333,6.052007861204488],[-73.33726985105042,6.052462748806786],[-73.33564232624639,6.054781467635009],[-73.33257444678604,6.060493524693735],[-73.33120552335195,6.064127754913984],[-73.33060350738717,6.067427441833194],[-73.3309156706841,6.068145335149362],[-73.33122333551454,6.069581222337784],[-73.33133929445664,6.0703972389390515],[-73.33131698428481,6.071017023510907],[-73.33066594008223,6.074486191350489],[-73.32943968311949,6.0802027912249965],[-73.32840962555325,6.080537249591085],[-73.32788343968892,6.0806308525611055],[-73.32135985333873,6.0808136751325845],[-73.31579035209963,6.080443557647558],[-73.31115737505264,6.079912933491683],[-73.30695246964747,6.0789275111195415],[-73.29880568064084,6.07656858034227],[-73.29381145299072,6.075293281010557],[-73.28757316556036,6.075404773072604],[-73.27632739075972,6.069032716344921],[-73.26714156707664,6.059949547932625],[-73.25744304676347,6.054072457678652],[-73.24747249910672,6.053243094533958],[-73.24741454257921,6.0533322451806715],[-73.24706671310229,6.053778111165604],[-73.2467010640903,6.054072480895468],[-73.24635323349774,6.054215155988137],[-73.24592521663287,6.054384615022494],[-73.24443138092585,6.0548884632537785],[-73.24332550946501,6.054919713414234],[-73.24221972250727,6.054678877835599],[-73.24123866609702,6.054286462661399],[-73.24036020250672,6.053738041509629],[-73.23637381882992,6.063302801767933],[-73.23571385458676,6.065037367069459],[-73.23552656586463,6.070834222810401],[-73.23542846647119,6.07779040115514],[-73.2310540896637,6.0938609966304105],[-73.22966284634536,6.0975888440024475],[-73.22927934839333,6.099073699051408],[-73.22812444046741,6.104429092568747],[-73.22783463252242,6.106056620296776],[-73.22710777094153,6.112656119201733],[-73.22709886066231,6.116343788806273],[-73.2276740679587,6.11729807678857],[-73.23172738783497,6.123335700291103],[-73.23239627394129,6.124151676516964],[-73.23683308367096,6.127076851336544],[-73.2369802318179,6.12712141669784],[-73.23999013259514,6.128178217555532],[-73.2471068507618,6.129685459926884],[-73.25139649886076,6.130256158693411],[-73.25628369538026,6.130336457072147],[-73.26105937784794,6.130920611866008],[-73.26526434821285,6.133422185471735],[-73.27043685263465,6.140449670435983],[-73.27344234064965,6.142656938795272],[-73.28025132961213,6.14429347278429],[-73.28356450576291,6.144663514030692],[-73.28782294518794,6.137448689884436],[-73.29471669721248,6.135749822324311],[-73.2982884211465,6.135388610919889],[-73.30071860347383,6.135651699788993],[-73.31692303064156,6.141555547780561],[-73.31857732457368,6.142322500198743],[-73.31887160189542,6.142576656267041],[-73.31905890996956,6.142812991299312],[-73.32066865522565,6.145274437006955],[-73.32124388910633,6.146857442667528],[-73.32216692311079,6.149907420846606],[-73.32221595356067,6.1501615869244155],[-73.32222486000818,6.150322143536492],[-73.32221595356067,6.15054952942898],[-73.32201083527522,6.151673242418345],[-73.32187265021669,6.151989851901746],[-73.32172546863916,6.152235114132162],[-73.32160509634635,6.152409002641693],[-73.3207489037714,6.15318041005891],[-73.31969208564537,6.154379893857692],[-73.31931756038503,6.1559851836480295],[-73.31904109681666,6.157657386883883],[-73.31944684049563,6.159485629586367],[-73.3217477797893,6.167066036464075],[-73.32186365379057,6.167253365671124],[-73.32379445828641,6.169353590103473],[-73.32691580855753,6.171551892170317],[-73.32716554344313,6.171574228490252],[-73.32788793777827,6.17154302457927],[-73.33203936490074,6.166914439851333],[-73.34012374748238,6.1543710008882035],[-73.34546126566987,6.146001311130637],[-73.34967514549153,6.1410293718289015],[-73.35436163605203,6.139861131602364],[-73.36592855969587,6.146380321148801],[-73.37025834064129,6.147089299719002],[-73.37177884334749,6.148605383332406],[-73.37185016864872,6.148765929981541],[-73.37183235981153,6.148966582518123],[-73.37178334052984,6.1491939867377265],[-73.37170302083884,6.149497237233536],[-73.37157377173268,6.149889646171413],[-73.36994614382331,6.153956329659712],[-73.36879125453855,6.156792312679921],[-73.36414492169415,6.167922204142765],[-73.36075596910905,6.177692125868085],[-73.36385952026397,6.1816740615193035],[-73.36517939754242,6.182771020923442],[-73.3686486018994,6.1835513346970865],[-73.37189037344248,6.184059725569915],[-73.37494924380138,6.185526722095793],[-73.38023778829817,6.190012593890978],[-73.38170038980866,6.191475222583815],[-73.38516510238696,6.195412594614869],[-73.38557090264062,6.197651053886668],[-73.3862084715795,6.198703430380479],[-73.38726082945419,6.20012138409149],[-73.38862535251553,6.201905017796337],[-73.38940123454209,6.202680937458851],[-73.38990514715479,6.203140174792846],[-73.39035995358412,6.2028682206908075],[-73.39081925584165,6.202457944786707],[-73.39269206933896,6.200723365446421],[-73.39794933254984,6.1958406782569035],[-73.39932269128818,6.194516297831839],[-73.3997775677879,6.193967833597286],[-73.40169940589999,6.19127449487431],[-73.40302822506797,6.188991487066099],[-73.40375953975209,6.186980447058451],[-73.40412960274104,6.185196735630195],[-73.40445065322693,6.183827811176873],[-73.40518196307795,6.183096531873373],[-73.40847282664599,6.180131243929266],[-73.40975259332359,6.17903432553908],[-73.41176363985272,6.1778972399559935],[-73.41400209065272,6.1774870244621685],[-73.42829796730621,6.175859456092686],[-73.4317671447372,6.175725679062928],[-73.43537455844441,6.1761893797684975],[-73.43765763080582,6.176555022551669],[-73.44596940503973,6.175422429412391],[-73.45474047042491,6.172327792363004],[-73.45935562511048,6.167899954797214],[-73.46150933571026,6.163284715138641],[-73.4634758418973,6.1598155345316155],[-73.46411794407992,6.158946066139025],[-73.46512119114351,6.1581701489270335],[-73.46813557888821,6.1566674500742575],[-73.46896052958813,6.156346410014516],[-73.47379859954128,6.155757776437594],[-73.47390567143923,6.154473549351002],[-73.47440057484978,6.151410199352809],[-73.47450764644391,6.150892895057794],[-73.47488666686687,6.149751389203878],[-73.47513191501497,6.149220764589588],[-73.4795821127499,6.140748464232106],[-73.48231105126942,6.135959364594011],[-73.48453168151434,6.133234902977404],[-73.49032407085085,6.125645450935581],[-73.49605850135949,6.112919243257227],[-73.49741405944113,6.108032062672692],[-73.49566603510773,6.106105707651506],[-73.49028838299054,6.10258301513302],[-73.48855827864125,6.101481606060009],[-73.48394753449898,6.099265433125831],[-73.47411523013601,6.095114012532401],[-73.46855030221576,6.092715033645285],[-73.45991295769635,6.086365235086523],[-73.45795100386103,6.08425164075848],[-73.4551194361871,6.080840454732945],[-73.45443280187725,6.079939657767418],[-73.45403144749893,6.079096939093863],[-73.45135600205373,6.077754752979501],[-73.43840672067827,6.0719579038271405],[-73.43663645100631,6.071235566541459],[-73.43018421193472,6.068796435328221],[-73.42803486107168,6.068756288915675],[-73.41851911836031,6.0704953536838175],[-73.40960987781891,6.059512526053582],[-73.40353210582789,6.055664317842177]]]},"id":"00060000000000000666","properties":{"continent":"America","disp_en":"Suaita, Santander, Colombia","gaul0_code":185,"gaul0_name":"Colombia","gaul1_code":1940,"gaul1_name":"Santander","gaul2_code":114374,"gaul2_name":"Suaita","iso3_code":"COL","map_code":"COL"}},{"type":"Feature","geometry":{"type":"Polygon","coordinates":[[[-74.12727097681802,6.03369434160884],[-74.12641927042282,6.032882767882243],[-74.12352980183368,6.030399110112313],[-74.12243282077831,6.02982830634774],[-74.11853114706999,6.029382437338124],[-74.11755457341205,6.0293422551055205],[-74.1130821451623,6.02242174718378],[-74.11116917252893,6.017458800888239],[-74.11173992093784,6.0151756802911445],[-74.11100867443,6.008687684094872],[-74.11046014806503,6.006904077441798],[-74.1095906216106,6.005026788320531],[-74.10538568790813,6.0001262815378995],[-74.10222865479894,5.99586777462811],[-74.09859004294148,5.990396489888415],[-74.09609743533788,5.982151613348705],[-74.0956426090811,5.980002293046665],[-74.09561581238655,5.978423784819854],[-74.09570946636926,5.977665770371673],[-74.09584766192174,5.977206479157903],[-74.09614197688461,5.976336922285064],[-74.09682873988116,5.974874348176098],[-74.10429765202932,5.960872786627291],[-74.1122348549165,5.9486102169106],[-74.10939893632313,5.944048616579531],[-74.09640062235805,5.9338060269731345],[-74.09133062232249,5.930011348855405],[-74.09082676058877,5.929757155030808],[-74.09026042986282,5.929547555746083],[-74.08986357610966,5.929516381875677],[-74.08925718052608,5.929534216167312],[-74.08807548325872,5.929654602047028],[-74.08755377746535,5.92972593212281],[-74.07360126433903,5.93064005182405],[-74.0701722000661,5.929966718894075],[-74.06885673939654,5.92984191842446],[-74.06126738528896,5.930283346870149],[-74.05935890648283,5.930849678457501],[-74.05869889874607,5.931179600989657],[-74.05834222648868,5.931411497026281],[-74.05805233454383,5.931603219676261],[-74.05779372617295,5.931933244909886],[-74.05737457369291,5.932459415941997],[-74.05721851176493,5.932749230244022],[-74.05669681041795,5.934002245204856],[-74.04945075018784,5.944525717185304],[-74.0397967653167,5.957889616625835],[-74.03579252742122,5.970455357575312],[-74.02963450025202,5.985478061385107],[-74.0295497788108,5.985571729829915],[-74.029326813314,5.985634170543721],[-74.02910384755619,5.985629735065067],[-74.02872488585645,5.985486995574995],[-74.024435223549,5.9830746714847125],[-74.02394023906004,5.982726871310666],[-74.01642216242179,5.977933273290296],[-74.00563558053679,5.971891209889931],[-74.00478834758513,5.971512180358457],[-74.00012415050445,5.971137660114618],[-73.99838067391069,5.971137668132577],[-73.99788571160738,5.971962589845832],[-73.99777864894097,5.972091868539498],[-73.99755573602813,5.972230097775307],[-73.99739523139692,5.972216763658832],[-73.9955981980209,5.970914703694459],[-73.9904568194888,5.965461205264147],[-73.985511687115,5.957787092535618],[-73.98524858639891,5.955865211695742],[-73.98521738015508,5.955642225153404],[-73.98521289649895,5.955410372822881],[-73.98552953203803,5.950251196053622],[-73.98606909357625,5.946389615749422],[-73.98660416997471,5.9459080398878035],[-73.98689847480911,5.945506723215597],[-73.98713924488199,5.945051882283493],[-73.98727303579385,5.9444097849924225],[-73.98754061733783,5.942893703420041],[-73.98760751266552,5.942501255620841],[-73.9877947477216,5.9387824254299995],[-73.98775466437006,5.936980896553284],[-73.98774121357908,5.936512688253829],[-73.9876252677218,5.933382394626773],[-73.9870367495024,5.931407039926975],[-73.98670227163629,5.9307381936681995],[-73.9754965679023,5.925494293548807],[-73.96730514678852,5.923674968080475],[-73.96694399916325,5.9241298003328176],[-73.96562854438045,5.925467533759016],[-73.96495969298489,5.925993702337992],[-73.96245367683724,5.926881084464152],[-73.96142365646286,5.927144140385996],[-73.94966946574688,5.929413857710983],[-73.93864656079552,5.930711383699282],[-73.93840573017496,5.930698030599285],[-73.93488750600957,5.930220918023315],[-73.93007612527101,5.9288519838257585],[-73.9293805102965,5.928356998749823],[-73.92888115497921,5.927973524858043],[-73.92309761727671,5.9211288225390994],[-73.92056935098333,5.915100138570662],[-73.9172963253066,5.900599109090947],[-73.91256973038554,5.895118897065161],[-73.9116110312461,5.895332943273024],[-73.91072813038056,5.895475637470042],[-73.90989429582302,5.895234828597442],[-73.90893558351314,5.894735372626099],[-73.90833803432226,5.894088827240538],[-73.90817305982708,5.893272800328586],[-73.90836476753344,5.892653028412012],[-73.91037136265878,5.886263118510812],[-73.91085300341418,5.885045802728676],[-73.91142372239476,5.884015747549784],[-73.91192760791326,5.883226450099215],[-73.91656505170224,5.876841005662425],[-73.92036419981527,5.871913750631261],[-73.9240742001011,5.869006406264399],[-73.9240786851767,5.868663029557502],[-73.92386465725419,5.8681457744264165],[-73.9233919291967,5.867557187898789],[-73.92102863046969,5.864725638524072],[-73.91961060155876,5.863619773976328],[-73.9097069853206,5.861104847449531],[-73.9094750896454,5.861046901780924],[-73.90914962786081,5.861046848821629],[-73.90660790333156,5.861599847322427],[-73.90456565438619,5.862500569820802],[-73.90424009469241,5.862669974753581],[-73.90232718502239,5.863856121566096],[-73.90207742795035,5.864065684840013],[-73.90064607333335,5.866134698704257],[-73.90022245135714,5.866901695445251],[-73.89980331409608,5.867512569419955],[-73.89961159797265,5.867780127259157],[-73.89815788662077,5.868640739269394],[-73.8974890716956,5.86883248395938],[-73.89249930812566,5.869920483642384],[-73.88168149614485,5.867427877702578],[-73.87229959394963,5.862986591677834],[-73.85943956241334,5.85790771448478],[-73.84449704869084,5.8479683508961875],[-73.84365431742665,5.847259339326414],[-73.8432530070126,5.846973992653663],[-73.84289180899417,5.846764412281118],[-73.84254846835164,5.846706394623023],[-73.84149609774094,5.846724288131944],[-73.83830341488259,5.846817931242284],[-73.83775043125807,5.846858017962813],[-73.83644837395663,5.847179103209452],[-73.83549414869209,5.847544741703965],[-73.83509282168902,5.847736429216165],[-73.83285436768521,5.849074186364649],[-73.83099936534435,5.850278154529775],[-73.82981770093271,5.851080810663897],[-73.82211243335301,5.85653425940922],[-73.82061856969165,5.8576624569398135],[-73.82017718444855,5.858028094225299],[-73.8192808588481,5.859249896184487],[-73.81824631438721,5.861836182206535],[-73.81803674824702,5.8624827380967774],[-73.81755963667064,5.864168218655934],[-73.8169085875316,5.86592958381293],[-73.8154906141353,5.8692783578188035],[-73.81178062578111,5.872092088417122],[-73.81086209317859,5.872645034601228],[-73.80696478944371,5.8735234738465545],[-73.80335292531873,5.874268082420101],[-73.8027376425998,5.875739593209347],[-73.80373196724774,5.878441849019856],[-73.80602397521719,5.8828652651830255],[-73.80757126311,5.8854470955458975],[-73.80408426107545,5.89198862202393],[-73.80103422851792,5.893375398352173],[-73.78997568451014,5.901094096321854],[-73.78528023356164,5.906774997355246],[-73.78443743019838,5.90871915444249],[-73.78405395304068,5.909445965083591],[-73.78272515230974,5.910025651528691],[-73.77844443820752,5.911653190417914],[-73.77011039575045,5.907992279540603],[-73.76521877105131,5.905254441681061],[-73.76026023350765,5.903296884272714],[-73.75894034212018,5.903689248927705],[-73.7574688082921,5.90449191881574],[-73.7570051081581,5.909588693455081],[-73.7660392121081,5.931603276647093],[-73.76772918979263,5.937569482882743],[-73.77329860884628,5.939415611195351],[-73.77511348418797,5.93979904422001],[-73.7759963638698,5.939968476377444],[-73.77943879432853,5.939995250457883],[-73.78187345128873,5.939923911548507],[-73.7852445071733,5.93973214772612],[-73.78744292484305,5.939781218852444],[-73.79092994919975,5.94081125187669],[-73.80481110634206,5.9467998877573],[-73.80949317193802,5.949078446124489],[-73.81584737464755,5.9537203572947215],[-73.82067214973658,5.960493729708099],[-73.82654917340129,5.96229079482697],[-73.83469598099303,5.9658848248605345],[-73.83770582994727,5.968827811961976],[-73.83882956453056,5.969808779312937],[-73.84066672487843,5.971342785322813],[-73.85163162820893,5.980341175869645],[-73.85593472097659,5.98230322512153],[-73.85638948618029,5.9825707604651726],[-73.85683985344703,5.982878430316934],[-73.8583693357016,5.984506045145698],[-73.8585610921861,5.985058937747689],[-73.85839167888606,5.987475805868903],[-73.85812858548468,5.988046537862762],[-73.85796356867306,5.988407737743207],[-73.85777181160606,5.988791191459891],[-73.85765139130278,5.988982921849484],[-73.85494918338584,5.991203566983562],[-73.85337067981874,5.995725088254717],[-73.85312992348656,5.996442995655513],[-73.852822225159,5.997450784199974],[-73.85075769962346,6.010752275506986],[-73.85073535557244,6.012567156367368],[-73.85078444069323,6.013334115113574],[-73.85140424024293,6.01479224555845],[-73.85200178366941,6.0151311595010295],[-73.85365163661235,6.015514608304761],[-73.85432051137683,6.015657286340503],[-73.8549180459528,6.015559208126245],[-73.8564474534137,6.015180194024159],[-73.85694690413204,6.014868056980686],[-73.85926566330703,6.01319585587716],[-73.8599345189867,6.012598331880734],[-73.86079512669735,6.011760046508182],[-73.86206597654963,6.010346532732811],[-73.86390309962798,6.008482581952405],[-73.86648494904735,6.00623520863681],[-73.87313340945072,6.001620073421943],[-73.87396731113176,6.001406033079879],[-73.87719566335736,6.0006658310337615],[-73.87802954776001,6.0004740620099914],[-73.87884557387518,6.000523126056941],[-73.885966704208,6.003680148386564],[-73.89843886894806,6.008638698435841],[-73.90085124527292,6.009236209518973],[-73.90586770830528,6.013030895633424],[-73.90647863180553,6.014038618152414],[-73.90697804464527,6.015184629568206],[-73.90733921433338,6.016370782502406],[-73.90744623741344,6.0187385351628535],[-73.90740604769705,6.020927972220941],[-73.90672380805508,6.02426332038019],[-73.9104471657622,6.039375242798975],[-73.9123824224565,6.043178851093731],[-73.91693965932876,6.045426280018605],[-73.9249035785179,6.048373728004438],[-73.9261699749397,6.049136204747901],[-73.92708411104086,6.049947803062763],[-73.92769496791466,6.050607760013181],[-73.92814983527217,6.051423767331769],[-73.92845301978534,6.0522352850491865],[-73.92868049755884,6.05348834614289],[-73.92953658660058,6.0628301143334555],[-73.92868049755883,6.068185502575295],[-73.92824787694317,6.071355901269113],[-73.93083865276036,6.081165927762893],[-73.93177949686408,6.083159182488797],[-73.93323322613011,6.084166958512169],[-73.9352665631105,6.085174716320486],[-73.94451026793885,6.085370857231299],[-73.94478669866645,6.085370892192401],[-73.94573204930585,6.085326283135549],[-73.94607099315874,6.0853040187306835],[-73.94637414963444,6.085263888169887],[-73.94739976572714,6.085049847722004],[-73.94782785905592,6.084942793530749],[-73.94834061908263,6.084813487141959],[-73.9489604676338,6.084554901838305],[-73.94945537639457,6.084278400391469],[-73.94919680062702,6.081214996325605],[-73.94866171002857,6.079221817120093],[-73.94599071939702,6.071833070501111],[-73.95059245990068,6.069625808910781],[-73.96064770713807,6.071922225902783],[-73.96852247924095,6.070678133129863],[-73.97569278251484,6.067726220585295],[-73.97847527788083,6.06427490403415],[-73.98245722163824,6.060529239734847],[-73.98803551667037,6.056507137488976],[-73.99000200929063,6.055650962110479],[-73.99238320490875,6.0557490837295385],[-73.99472868283382,6.056493736614459],[-74.00201484165112,6.055410209249218],[-74.0134256618429,6.047629010960432],[-74.01691716641517,6.045916762919893],[-74.0187320206475,6.046786293572386],[-74.03085627786143,6.0494974451631],[-74.03503005775724,6.0497382432592595],[-74.0359931626698,6.050629999098694],[-74.03959165170032,6.0533901732467],[-74.0483137155401,6.059780101577644],[-74.05515841055963,6.0643908406955145],[-74.05622414058645,6.064845668461949],[-74.05724970623295,6.0653405895068975],[-74.06174004253756,6.068426292545567],[-74.06451805651251,6.07037049953089],[-74.0656194087294,6.071284582621561],[-74.06630619320187,6.072158599246601],[-74.0668010672858,6.073148507111402],[-74.06779099083836,6.0753958784067175],[-74.06931154061132,6.080537238919083],[-74.07174624124079,6.089754152228293],[-74.07186222553408,6.090592504642123],[-74.0716303465088,6.09279971563769],[-74.07155451743454,6.093486440173498],[-74.06965492645611,6.097102804318087],[-74.06919564438671,6.097713650787143],[-74.06850447834249,6.0986054897689055],[-74.0670240784042,6.100308902538515],[-74.06568188452778,6.10165102863465],[-74.06451357472105,6.102904055247509],[-74.06265864175775,6.105218310290661],[-74.06231524321493,6.1058202786276015],[-74.0618024299793,6.106935119157346],[-74.06137441227543,6.108134560600612],[-74.06025958968527,6.111733118625701],[-74.0604870007601,6.114417451423866],[-74.0639472546974,6.117396148681689],[-74.06570859583842,6.120851917142109],[-74.06654695260816,6.122912069733781],[-74.0655258294462,6.128722285907248],[-74.06450021898185,6.129961864428978],[-74.06308217473301,6.131852571295975],[-74.06279237968003,6.132289547725911],[-74.06270767303111,6.132503610336259],[-74.06279237968003,6.132735472645115],[-74.06399637527306,6.135678495734967],[-74.06432184358275,6.136387471333775],[-74.06794713368554,6.141430728671009],[-74.06992248194831,6.143486355244647],[-74.07018107374762,6.143664691569769],[-74.07066715366643,6.143923337323442],[-74.07110411361829,6.143976864643468],[-74.07185326229911,6.143896590210712],[-74.07226350912794,6.1437672512863575],[-74.07465362511545,6.144311266821144],[-74.07714176593463,6.146545302403704],[-74.07776155527819,6.148525147679427],[-74.07837695075352,6.15207455990558],[-74.07715960227245,6.155200367481294],[-74.08460186879886,6.154861517753092],[-74.09120129614695,6.163498780816602],[-74.0930295101136,6.1675075333463525],[-74.0944029666953,6.16968357222179],[-74.09717207562917,6.170985637364538],[-74.0975599519616,6.170985637664482],[-74.10007933624625,6.169866390449275],[-74.10067243340082,6.169545315266386],[-74.10341922492292,6.167712644306805],[-74.10392314254605,6.167253315646361],[-74.10426646533847,6.166522097140671],[-74.09847407508964,6.14126571068794],[-74.0922313323082,6.133413223964826],[-74.09157143943413,6.132218181380136],[-74.09124592847537,6.131036572315747],[-74.09104078099894,6.129854880854842],[-74.09104078099894,6.128472546741455],[-74.09144659457621,6.12623409242199],[-74.09201731325108,6.125377933749502],[-74.09286899652403,6.124686811178266],[-74.09429595843154,6.124606472692746],[-74.09567827825387,6.125297696363047],[-74.09718094804036,6.126193971949606],[-74.09852318667704,6.127005543120527],[-74.0994996801025,6.127576293373245],[-74.10356189567291,6.128588457069573],[-74.1044314500437,6.128668751464163],[-74.10551500433066,6.128423491952752],[-74.10677697738491,6.127478158045581],[-74.11103537931584,6.123460497295315],[-74.11180677249847,6.122376965718374],[-74.11249347823602,6.121222037696949],[-74.11477653494771,6.114720653263011],[-74.11477653494771,6.114265854730212],[-74.11328278795037,6.111898071984582],[-74.11257825212247,6.1114387933292],[-74.10863640511381,6.110029738847518],[-74.10743242574446,6.109530275079053],[-74.1062685866184,6.108656282005325],[-74.10556411407832,6.107867012513458],[-74.10514936930932,6.106872640615124],[-74.1051895175033,6.105334303392363],[-74.10618838029916,6.102761412459345],[-74.10753942653095,6.101107075755826],[-74.11098187992661,6.097397084305325],[-74.1125024395366,6.095930007032652],[-74.11549898483266,6.092277997180385],[-74.11750555641329,6.0884298602686],[-74.11762151251031,6.087453294202519],[-74.11748324336939,6.083966278625845],[-74.11549002367526,6.079293089544244],[-74.11474983059448,6.078396846609993],[-74.11403633905053,6.0776565967323295],[-74.11293939203412,6.076813892003164],[-74.10887720006114,6.066771951795235],[-74.1100008758597,6.058879327704592],[-74.10989835718861,6.057653094478361],[-74.10967091609078,6.056631982350322],[-74.10849373821851,6.053706833672201],[-74.10750824037838,6.052614303670602],[-74.10594758190366,6.051365767747174],[-74.10515385013497,6.045979160432457],[-74.11855785088454,6.038617171713785],[-74.12422990572617,6.035112324737475],[-74.12727097681802,6.03369434160884]]]},"id":"00060000000000000667","properties":{"continent":"America","disp_en":"Sucre, Santander, Colombia","gaul0_code":185,"gaul0_name":"Colombia","gaul1_code":1940,"gaul1_name":"Santander","gaul2_code":114375,"gaul2_name":"Sucre","iso3_code":"COL","map_code":"COL"}},{"type":"Feature","geometry":{"type":"Polygon","coordinates":[[[-72.99155128688692,7.59441984438058],[-72.99050338510773,7.598303749845023],[-72.98624947401805,7.603043765666028],[-72.98247256003341,7.608131567772621],[-72.98055074349193,7.6143877432091305],[-72.98235669286956,7.620309378817672],[-72.98987911056265,7.619404191088432],[-72.99470838824061,7.618226999225824],[-72.99861456900925,7.617308414611031],[-73.00540124250377,7.620073059484835],[-73.01340533856603,7.621843333314973],[-73.0297969935653,7.622440828090958],[-73.0405657993443,7.615948439827621],[-73.04589880807106,7.608323369825822],[-73.04858319115404,7.606276572352119],[-73.04834692849644,7.606009076060154],[-73.04834692849644,7.605638970062032],[-73.04841826669364,7.603757236174583],[-73.04933683409836,7.599463085987706],[-73.06124257257436,7.575829836385388],[-73.07138703408118,7.567147974961097],[-73.08560715598264,7.55481860325882],[-73.09083763240581,7.540919537286327],[-73.0933748826284,7.530052754377953],[-73.08122385339662,7.5187355009841506],[-73.07440588757005,7.514164940009955],[-73.06987988920524,7.514289803858952],[-73.06926897665979,7.514499388647705],[-73.06863581629555,7.514575178630809],[-73.06842173024384,7.514575160110344],[-73.06821214728267,7.514552888349585],[-73.0677350683855,7.5144013022236775],[-73.06757898402441,7.514303191314154],[-73.0675031484226,7.5142095207702075],[-73.06733373412017,7.512907516341185],[-73.06737390360448,7.51240808251249],[-73.06743181609987,7.51177930692375],[-73.06760573363098,7.510726963640578],[-73.06783765349101,7.509884194613591],[-73.068341481698,7.508296814947676],[-73.06851539854496,7.507761727022717],[-73.0686491460053,7.50736034499107],[-73.068805229644,7.507052660819347],[-73.07265793126662,7.499944859326372],[-73.07309933471231,7.499177880618883],[-73.07365673932746,7.498834570814549],[-73.07405806261225,7.498589292376258],[-73.07586400876218,7.497483426597804],[-73.07615383064189,7.497309543490943],[-73.07688063530894,7.496948403464333],[-73.08080912350621,7.495200384135915],[-73.08808637645585,7.489274230979395],[-73.07744253390341,7.488435969887567],[-73.06743631940371,7.48783399806759],[-73.06179108900885,7.487450504182193],[-73.05423288656493,7.484627883256144],[-73.05377361300592,7.484346980584771],[-73.0526008805539,7.483160809553883],[-73.05189183391033,7.481814203168041],[-73.04651869957038,7.46490974536131],[-73.0452255006239,7.458889939439858],[-73.0421041209029,7.457677103575451],[-73.03530401058418,7.455287020385116],[-73.03321715154912,7.454381773126005],[-73.031874965318,7.453672786109584],[-73.02854405809046,7.451675132481651],[-73.02716617261382,7.450618305017561],[-73.02676485833538,7.45025265851734],[-73.02588637852067,7.449392074886322],[-73.02395113491883,7.447300736665883],[-73.02345621876744,7.445900580429606],[-73.02338036876584,7.445673178225219],[-73.0233046088228,7.445329794298118],[-73.02326893588034,7.445097932701512],[-73.01600946885387,7.434672531963553],[-73.00779131997024,7.423399980358579],[-73.00035803606343,7.41329559628264],[-73.00227545648325,7.394745751317099],[-73.00374249820383,7.388605569845805],[-73.00524971095116,7.383401831461092],[-73.00965525717241,7.37000669009625],[-73.01295499324252,7.365868626566769],[-73.01708410219393,7.3587875510427585],[-73.01128729363394,7.35446670483822],[-73.00501781883742,7.3497177902715105],[-73.00199455172249,7.3442999562867355],[-72.99729461745758,7.338864298996488],[-72.99292028230624,7.3400593872840565],[-72.98557608496357,7.336634762555234],[-72.98383710333401,7.33544421583163],[-72.9830522553927,7.334851124880166],[-72.9824592254016,7.334387349139396],[-72.98180817009532,7.333834425125812],[-72.98144696246628,7.333504448611353],[-72.98125523117766,7.333294904279129],[-72.98102340549683,7.33302735190833],[-72.98066219666539,7.332545777643324],[-72.9805462385121,7.332336160527676],[-72.97967227079815,7.329790046746707],[-72.97953847236224,7.329232634351212],[-72.97950279276651,7.329063245497466],[-72.97946269826485,7.3287956892102875],[-72.97863774111813,7.321732475520136],[-72.97833455332466,7.314606782337123],[-72.97408501780069,7.317826271723701],[-72.97350980551957,7.318183008730456],[-72.97291224641543,7.318468408726633],[-72.97169045319185,7.318753749736126],[-72.97101711267695,7.3187493332150595],[-72.97022789712457,7.318749309284702],[-72.96979539975693,7.318722582891205],[-72.96912646893635,7.318602124934125],[-72.96716453726461,7.3179021095882595],[-72.96651794502942,7.317567623650982],[-72.96599173153787,7.317233201987557],[-72.95075500114642,7.307962746245186],[-72.94350447379928,7.302023226869625],[-72.93898739186183,7.297091451381343],[-72.934590800862,7.292743834475383],[-72.9333243823201,7.292489690749784],[-72.92485651677572,7.292329133210265],[-72.92250660672266,7.292400490744421],[-72.92247091855283,7.292561037136828],[-72.92247091855283,7.2926858889974016],[-72.9224976846807,7.293038111148248],[-72.92253778880607,7.293229873009015],[-72.92272956754171,7.294108338686141],[-72.92278751569141,7.2942510424968034],[-72.92295252815266,7.294429340475627],[-72.92717080635406,7.2984291776237225],[-72.92874483487786,7.299784723115906],[-72.94112338773252,7.307886908129901],[-72.95966878847914,7.322187248505267],[-72.9690907877672,7.3299282832650965],[-72.97513290248686,7.3359882141507935],[-72.97526670342104,7.336139777253019],[-72.97558332027906,7.336523306217819],[-72.97690321335642,7.338302488093394],[-72.97790648573492,7.339863118215617],[-72.97923970063133,7.342123901609056],[-72.97935565942709,7.34262776525431],[-72.97953847236224,7.343666748981535],[-72.97955631215807,7.343831758557634],[-72.97950279276651,7.344201855219431],[-72.9796856055876,7.35314239776335],[-72.97507496710935,7.351777896191193],[-72.96235316749447,7.349097927336826],[-72.9601235608823,7.348723371336756],[-72.95388525447841,7.348643105534761],[-72.95359987671142,7.348643107573631],[-72.95124998004634,7.348652013132097],[-72.9495376892813,7.349878296884211],[-72.9461398341825,7.353044267066684],[-72.94580542573519,7.353512456725737],[-72.94007994853051,7.362337064638142],[-72.9313757626061,7.374590597750691],[-72.9249725021496,7.380079806306835],[-72.91501972482973,7.389029167224788],[-72.90932550384129,7.392864001716351],[-72.8986860931457,7.398112376624055],[-72.88951368785132,7.400729895631036],[-72.88557182383931,7.399463512805051],[-72.88336015867404,7.397711050392815],[-72.88261545110313,7.396939682263755],[-72.87715311031893,7.390019155756545],[-72.87622116494508,7.383526659226443],[-72.87617203918236,7.382960331832376],[-72.87610515601777,7.382759739307524],[-72.87598923717383,7.38259473745302],[-72.87398714951125,7.380454358625399],[-72.8732201484048,7.379749805070801],[-72.87110211660413,7.378358571374365],[-72.87055360851353,7.378077632289335],[-72.87040199110278,7.37802417714255],[-72.87025488065854,7.377975102144957],[-72.86983572357103,7.377854680577204],[-72.86576003654675,7.377060975728075],[-72.86320501253347,7.383161001555437],[-72.86948345077293,7.386001452038066],[-72.87216334326764,7.387423962948497],[-72.87374629574175,7.389559812772517],[-72.87409856232637,7.390094956734581],[-72.87421457221761,7.390344620614734],[-72.87452663584432,7.391281073711802],[-72.87547201851235,7.3946031050979],[-72.87586890145658,7.396003232659608],[-72.87657342791962,7.399187068111344],[-72.8843678808208,7.412033720937444],[-72.890146878613,7.418655457282455],[-72.89880650759245,7.432023839109174],[-72.90048752662186,7.4350917516572315],[-72.90145515949727,7.445717792072319],[-72.90127679303745,7.447273961659317],[-72.89913647531417,7.455599096969247],[-72.89713430965358,7.460129534965198],[-72.89552906799962,7.467366710463066],[-72.89433400774845,7.470398909007538],[-72.8935001029217,7.474844626304505],[-72.89591248828903,7.478608097831199],[-72.89890015321701,7.478661591178773],[-72.92162368344057,7.492368908259396],[-72.92650644171982,7.494843640916259],[-72.92900798302817,7.498000756691829],[-72.93694068197256,7.508644589062317],[-72.94605512823388,7.515101400541142],[-72.95578043528165,7.519230491671765],[-72.96542541999136,7.521370893381776],[-72.96680772237013,7.521504649912364],[-72.96776202079782,7.521633951152008],[-72.96827931002699,7.5218970354831844],[-72.97160575637724,7.5236762258900445],[-72.97458886800847,7.525669428447394],[-72.97787080589234,7.528442979546524],[-72.9782988735468,7.529049452675562],[-72.9782988735468,7.529954634146087],[-72.97808037984,7.531466296424523],[-72.98202224549549,7.546631636299004],[-72.98579015694025,7.562492696933959],[-72.9885592901572,7.580895421410302],[-72.98975432753174,7.5864692979343],[-72.99155128688692,7.59441984438058]]]},"id":"00060000000000000668","properties":{"continent":"America","disp_en":"Surata, Santander, Colombia","gaul0_code":185,"gaul0_name":"Colombia","gaul1_code":1940,"gaul1_name":"Santander","gaul2_code":114376,"gaul2_name":"Surata","iso3_code":"COL","map_code":"COL"}},{"type":"Feature","geometry":{"type":"Polygon","coordinates":[[[-72.87618546989646,7.263460927270594],[-72.88187083136867,7.256509146752587],[-72.88475140902811,7.254890533082864],[-72.89580991846428,7.248389190674057],[-72.90673480073842,7.247078198757056],[-72.90735902350045,7.247510684729377],[-72.90871904118636,7.248255363209766],[-72.90915155944127,7.2484694374436085],[-72.91003452874983,7.248857352120231],[-72.91089955972937,7.248977720222094],[-72.91123401710878,7.248977766259749],[-72.91176017142647,7.248933178145459],[-72.91674542169503,7.248228597455721],[-72.92621210921124,7.246195297744276],[-72.93016736345925,7.245249960646759],[-72.9383899259733,7.242828637840476],[-72.94359368633997,7.2398990026399455],[-72.94781646507414,7.237780943769374],[-72.95203475332457,7.236331734037264],[-72.95524527711717,7.235979445362989],[-72.9637220620244,7.2368623891593264],[-72.9658758562864,7.2377318780907505],[-72.97161467657511,7.246387028551779],[-72.97331356266326,7.250025672245542],[-72.97358116651779,7.250507256099169],[-72.97369262298325,7.250698967398733],[-72.97434361058454,7.251443673802499],[-72.97459337310204,7.2516353862766465],[-72.97489656570201,7.251751304635212],[-72.98028314754106,7.251880600859733],[-72.98081824903961,7.251880600888017],[-72.98141578812263,7.251844980993935],[-72.982561757889,7.251751344944155],[-72.9831013591461,7.251617519830599],[-72.98517478958067,7.250649887230785],[-72.98591944694977,7.2502842767218665],[-72.99130604711594,7.247055880243412],[-72.9924832317225,7.246021345530067],[-73.0086341024992,7.23770516274088],[-73.01602289166641,7.228336578705903],[-73.01901940267754,7.222267750719452],[-73.01968377737893,7.216167721171328],[-73.02270708631795,7.206772406593224],[-73.02292553848893,7.2062595712200945],[-73.02457099474933,7.203793696805099],[-73.02527553042498,7.202803786586206],[-73.02733561621305,7.200627722244718],[-73.02856189415925,7.199508521638108],[-73.02897653733375,7.1991384223906545],[-73.03940191784196,7.1912234996852105],[-73.04918965458803,7.190287094804173],[-73.05233778054684,7.189747536953447],[-73.05549036733112,7.1866528920814705],[-73.05690393294091,7.185194791921705],[-73.05871874975821,7.181908399028284],[-73.06303961204804,7.173413831852957],[-73.06502839032329,7.166970434916653],[-73.06646864745673,7.16074550162207],[-73.064470964904,7.149339160226655],[-73.0588926738357,7.1469357265985565],[-73.05553945586969,7.147323632874808],[-73.05216835515328,7.146119712588891],[-73.05203459817626,7.146048326438631],[-73.04989420584138,7.144416297993045],[-73.04661228664956,7.139417668593052],[-73.04199711069161,7.144848826193563],[-73.04113201959979,7.145687133618859],[-73.04070848049308,7.146048342356819],[-73.0401911708358,7.146356040153481],[-73.03940642168995,7.146810809508718],[-73.03880885037496,7.147078393018983],[-73.0382559559226,7.147328123623646],[-73.03773873089109,7.147537676850351],[-73.0341714502652,7.1481396822020535],[-73.03380572930111,7.148157460807442],[-73.03340442644966,7.148157449215679],[-73.03304320825274,7.1481574446245375],[-73.03275342257623,7.1481352192827385],[-73.0324100391447,7.148059412274179],[-73.02953837180382,7.1465432590983715],[-73.02817841837967,7.145736185561339],[-73.02774134350184,7.145446346065673],[-73.02485187241585,7.142819958369828],[-73.02420534881381,7.141076405168314],[-73.02203821602913,7.134753396867947],[-73.02013861396688,7.127730327546089],[-73.00919598586397,7.12021226133961],[-73.00908004178793,7.1201988932863225],[-73.00898193521724,7.120181057953656],[-73.00863860694072,7.1200829492241],[-73.00849590619181,7.1200071612907445],[-73.00831311577474,7.119886790023838],[-73.00596313361895,7.118330570501928],[-73.00250284674888,7.108212836145964],[-73.00199455172249,7.106357835955357],[-73.00192319933713,7.1032097277165125],[-73.00313159229896,7.100779561159102],[-73.00485727800897,7.0993214218748895],[-72.99928783063545,7.103428272692194],[-72.99222907350588,7.108565134415473],[-72.98282935125326,7.110290766804628],[-72.97345186974378,7.1099340406867535],[-72.96138992667022,7.108195037530296],[-72.96030638869367,7.10787844409498],[-72.95871445742188,7.1068439086273365],[-72.9557402466485,7.1047971813085],[-72.95466118831287,7.103713604172601],[-72.9535196789191,7.101876508731171],[-72.95109390816529,7.089622866985311],[-72.95107606622317,7.088311901978705],[-72.95107606622317,7.087741114664979],[-72.95120537521784,7.087049927287629],[-72.95141938820753,7.086448012468412],[-72.95178055158577,7.085814822388538],[-72.95254306587496,7.08543576379998],[-72.95322087432154,7.085333182225308],[-72.95442933655741,7.085252962629312],[-72.9554281086919,7.0850434018422535],[-72.95585171151784,7.0845350444836965],[-72.95678812248173,7.083371231379002],[-72.95751052244621,7.082149409453998],[-72.9578717666569,7.08123974637162],[-72.95819282209962,7.080223078325165],[-72.95846927364506,7.0789120829674355],[-72.95853613378137,7.077449531026639],[-72.95830428581564,7.072553456590778],[-72.95788068737251,7.071750806920476],[-72.95677929183364,7.071576901624047],[-72.95506253551075,7.0713628126779255],[-72.95092891520486,7.073512110408776],[-72.94990777653801,7.074247904021853],[-72.94916309587038,7.075028251598551],[-72.94863242836934,7.076214368311131],[-72.94720108902419,7.080526278171205],[-72.94711638345393,7.081587533504342],[-72.94741961123354,7.082024565449441],[-72.94810626528,7.083197324715037],[-72.94823116040894,7.083959840283683],[-72.94801263894618,7.086412347165438],[-72.94788332821271,7.08732196901038],[-72.94771391752853,7.0876608983364395],[-72.9434064300796,7.094857834764786],[-72.942412022973,7.096445262237132],[-72.94099407325129,7.098442999272072],[-72.94045897188414,7.098451852503536],[-72.94008436416507,7.098438545610399],[-72.93724842852939,7.095977083692389],[-72.93385949972148,7.09358254660458],[-72.9252623301569,7.088557161094932],[-72.91727607007739,7.085489246608735],[-72.91050273459071,7.081859593480063],[-72.9036133921681,7.078720363818952],[-72.89578765593943,7.078519731258092],[-72.88605341738925,7.078818424797309],[-72.88180394978377,7.082613163024845],[-72.8772244099861,7.089975140352417],[-72.87502159208681,7.09555795713395],[-72.87315768129007,7.09944179298966],[-72.86972863557922,7.106041234565117],[-72.86921591059772,7.106843941615976],[-72.86843555334875,7.108038977943392],[-72.86534096181373,7.110304190138301],[-72.86240237029676,7.112569380643368],[-72.85646287934046,7.117278177679032],[-72.85508057103608,7.119365064610293],[-72.85411734972189,7.120916812048963],[-72.85243627822653,7.124024790835183],[-72.85009521713152,7.12887184977381],[-72.84906517555436,7.1310969244661075],[-72.84831603527347,7.133188247060828],[-72.84812428744404,7.135368765697572],[-72.84808417093026,7.137183651102873],[-72.8496359990649,7.142855595991075],[-72.85449191120202,7.1482511548245355],[-72.85826435761332,7.153588673737596],[-72.85168273108481,7.159711022150549],[-72.84688022168802,7.163452180641815],[-72.8437320758387,7.166087511752343],[-72.84190389500831,7.1705778117826675],[-72.84182365992179,7.170796377438415],[-72.84140003625669,7.173774988719712],[-72.84152931412498,7.17502799853302],[-72.84242118530194,7.181667597898536],[-72.84216254029259,7.188133303884963],[-72.84053051910318,7.195348184068949],[-72.83776580354404,7.1973681001832155],[-72.83339143600746,7.198500738310453],[-72.83161672998393,7.200279893458439],[-72.83237475687487,7.207213810274303],[-72.83241487597746,7.207459088434748],[-72.83273600887088,7.207762307865517],[-72.83315513985221,7.20787822943441],[-72.83539809591954,7.207655250232213],[-72.836503924535,7.2075259912300975],[-72.83691863151036,7.207432321566769],[-72.83772126780974,7.20720939063617],[-72.83842581495948,7.206772399491913],[-72.83878696783303,7.206527118624168],[-72.84617128165829,7.210174637630343],[-72.85575829432584,7.216297026898976],[-72.85606154739007,7.216542277109702],[-72.85628898693945,7.216791970728405],[-72.85642276420458,7.216956983005579],[-72.85653869242184,7.217206663308904],[-72.857376961762,7.221237684480916],[-72.86364202955997,7.232033153777287],[-72.86545237861287,7.241954638281772],[-72.86826166954341,7.257864773152083],[-72.87052683659952,7.2599382547629565],[-72.87618546989646,7.263460927270594]]]},"id":"00060000000000000669","properties":{"continent":"America","disp_en":"Tona, Santander, Colombia","gaul0_code":185,"gaul0_name":"Colombia","gaul1_code":1940,"gaul1_name":"Santander","gaul2_code":114377,"gaul2_name":"Tona","iso3_code":"COL","map_code":"COL"}},{"type":"Feature","geometry":{"type":"Polygon","coordinates":[[[-73.08200864098922,6.3990418775836515],[-73.08111686126176,6.403987027326726],[-73.07632774160757,6.412691188385206],[-73.07321083375572,6.42390584900818],[-73.0661966466087,6.4410287436939715],[-73.0662144797867,6.449795397970724],[-73.07284517433304,6.476875516579096],[-73.07358540890402,6.4793413465253895],[-73.07373698602748,6.479805097383124],[-73.07391540199127,6.480322356828666],[-73.07408481146888,6.480621132542234],[-73.07479829329559,6.481495129494252],[-73.0751059490051,6.481829543747813],[-73.08115252531222,6.4828506767717196],[-73.08167865947637,6.483042452569307],[-73.08224054638225,6.4831538987440185],[-73.08266860259785,6.483198480360421],[-73.0833998897279,6.483225233568899],[-73.0841891728885,6.483238624773273],[-73.08996371820466,6.483095942872265],[-73.09658985742671,6.4824627453490615],[-73.10367092838581,6.48132567767739],[-73.11132719401114,6.4803981440050515],[-73.11557233004163,6.481562007146876],[-73.11693230934777,6.479096154188989],[-73.12544030324801,6.470160124603422],[-73.12682705659331,6.469473356736461],[-73.13228502556727,6.4671368169368835],[-73.13385911067054,6.466682001775258],[-73.1345146010897,6.4662360851810154],[-73.13723459606248,6.464064523010014],[-73.13820223978975,6.462989821021321],[-73.13908956556352,6.461999895056881],[-73.14160008001313,6.459150543573948],[-73.15150816165857,6.44545668072464],[-73.15462958558946,6.440917283940471],[-73.15639087083308,6.425814357512235],[-73.15937853319924,6.413123701388119],[-73.16152330568039,6.402707252659909],[-73.15890587566042,6.4017128868002375],[-73.15565963706159,6.400642726409064],[-73.1519050269387,6.399759826477578],[-73.14948826149073,6.400138840177042],[-73.14926083590272,6.400245821923842],[-73.14864095146345,6.400749691932058],[-73.14814603307235,6.401333826840761],[-73.1476064564542,6.4020384292592185],[-73.14722299883968,6.4026225587094885],[-73.14653180112502,6.403028343844702],[-73.14538142090156,6.403527775576003],[-73.1437538439789,6.403813139138698],[-73.13822006737358,6.4037418032505355],[-73.13758691717722,6.403599118024072],[-73.13704731551385,6.403335973112857],[-73.1360707530044,6.402649273849247],[-73.13577200291438,6.402386173941273],[-73.13308764645463,6.3993896666036125],[-73.13246780800121,6.398172342565713],[-73.1306796852755,6.395438910339623],[-73.12523518441593,6.388059091715443],[-73.1238573357563,6.386828441941091],[-73.12246606215267,6.385735941714124],[-73.1215875861514,6.385156218580888],[-73.12063337873938,6.384710336061472],[-73.11972373991934,6.384353636539102],[-73.11884525337881,6.3841172394735235],[-73.1182076371616,6.384072647243264],[-73.11706161636805,6.384139557423488],[-73.11478747702002,6.384866405082156],[-73.10843327417307,6.388995516980705],[-73.10108471302503,6.393838149973229],[-73.09709380290057,6.39606766397038],[-73.09608600090253,6.396477920040015],[-73.09281752570212,6.396446719463378],[-73.09126125985952,6.396344091414949],[-73.09018660986867,6.395666359501028],[-73.08985664007191,6.395171410821406],[-73.08956683542242,6.394560513445902],[-73.08918337053659,6.393704362178028],[-73.08752900671928,6.391563935013331],[-73.08678881690301,6.390788051194258],[-73.08571414603283,6.389807055964556],[-73.08496944742208,6.389445913732335],[-73.0839751012624,6.389294318140906],[-73.08262402282709,6.389303182731397],[-73.07915929269812,6.389548420708025],[-73.07172594668515,6.390168265167965],[-73.07468679501864,6.3929507156561804],[-73.08200864098922,6.3990418775836515]]]},"id":"0006000000000000066a","properties":{"continent":"America","disp_en":"Valle De San Jose, Santander, Colombia","gaul0_code":185,"gaul0_name":"Colombia","gaul1_code":1940,"gaul1_name":"Santander","gaul2_code":114378,"gaul2_name":"Valle De San Jose","iso3_code":"COL","map_code":"COL"}},{"type":"Feature","geometry":{"type":"Polygon","coordinates":[[[-73.66340851916316,5.9295253165218655],[-73.66336396893254,5.931246550906472],[-73.66331932887317,5.9317771414017315],[-73.66323013854425,5.932294421134188],[-73.66212877399221,5.934604239440779],[-73.65663964695489,5.944289359877877],[-73.6476055123036,5.965086637120088],[-73.64703026616439,5.9665983030058225],[-73.64471147967465,5.971842137406462],[-73.64431022113395,5.972528846782512],[-73.64178192394147,5.975703724748769],[-73.63374660791855,5.983355530318813],[-73.62332124910186,5.99115456440793],[-73.62167579604305,5.992055296747909],[-73.62043621751457,5.992608218198791],[-73.61990105291804,5.992701833822799],[-73.61660136459116,6.004968808995882],[-73.60860621348586,6.008924043685936],[-73.60049512039188,6.012553736672012],[-73.59992432478596,6.012705364871608],[-73.59818084128366,6.014025250666435],[-73.59785532351444,6.014444437849717],[-73.59747625594437,6.014943864980686],[-73.59711057502797,6.015438801493774],[-73.59645962545892,6.01658923270696],[-73.59615189496381,6.017164492555664],[-73.59598244083747,6.017641567033653],[-73.59620984716501,6.019336075319269],[-73.59658891705455,6.019719552382974],[-73.5980782354067,6.02129805001564],[-73.5992019556664,6.02271155708073],[-73.60057535330137,6.024615666319881],[-73.60267559361941,6.027607667337816],[-73.60434330005043,6.030564071289145],[-73.6060020984576,6.0327534587694664],[-73.60783032810203,6.0330522868438985],[-73.61220915484479,6.030844981157357],[-73.61620005118532,6.0281784233751],[-73.62086429428824,6.02454873763016],[-73.62470355965304,6.021810886239632],[-73.63048702761155,6.019781952665759],[-73.63257833931665,6.019113116472058],[-73.63386698277574,6.018720661027666],[-73.63641316397565,6.018136572687069],[-73.64869348122298,6.0227383626515225],[-73.6526130677014,6.025480689844596],[-73.66386336209067,6.029328907568313],[-73.67411484323999,6.032579609930722],[-73.68474983504848,6.0358302336589595],[-73.68646204786751,6.036035385902685],[-73.6879425412709,6.036552653453319],[-73.69273159638261,6.039370782146648],[-73.69336032772854,6.041261442066837],[-73.69064027158747,6.050259948143987],[-73.68427267608342,6.062495663112432],[-73.68313559089141,6.064667243123615],[-73.67823503218295,6.073527514441034],[-73.67650936798327,6.076024565880071],[-73.67506462715355,6.078066881730719],[-73.67361987608179,6.079618642066861],[-73.66723890446495,6.085509085022779],[-73.6610630620601,6.091448603497668],[-73.65692501117995,6.097767182210258],[-73.65403551159373,6.103720058934905],[-73.6532373417812,6.1054011800933194],[-73.64259792435259,6.116999256447108],[-73.64213863257866,6.117538822239957],[-73.64150094022163,6.11841278208141],[-73.63977083377435,6.12082967259686],[-73.63934719800987,6.121489611596342],[-73.63891026656832,6.122278839106981],[-73.63874974074133,6.122582060362883],[-73.6381699782592,6.124330054279839],[-73.63640867243345,6.130719966068859],[-73.63169097176831,6.13676651893319],[-73.63491936145263,6.142286857164676],[-73.64510393438047,6.140266887210114],[-73.66041204541204,6.147677892190505],[-73.6687103762914,6.155253925251938],[-73.68462940033906,6.170945502699394],[-73.68521801195509,6.171534069154806],[-73.6853741006209,6.171792685382461],[-73.68561927992894,6.17225200402141],[-73.68615436253515,6.175747926462203],[-73.68653784651774,6.178445701747625],[-73.68661373494848,6.194944370487092],[-73.68631494092782,6.198226246819962],[-73.68612319881673,6.200286342324403],[-73.68606518219855,6.200772393492654],[-73.68409431372102,6.207880233809578],[-73.68313559089141,6.209967112325996],[-73.68133856840956,6.211291413159531],[-73.6803977050911,6.21336494354837],[-73.67916252349774,6.219554111454701],[-73.67912686810453,6.236623619795284],[-73.6799116445599,6.240583284685854],[-73.68035315857186,6.24246055001975],[-73.6822839179135,6.250357602323084],[-73.68606967264947,6.253447804992714],[-73.69258889448201,6.265964501307152],[-73.69817610637709,6.276505785235377],[-73.70276457270982,6.278677407172096],[-73.70871743547896,6.282614775956992],[-73.70992145680502,6.283693853293779],[-73.71960661738912,6.29891724119],[-73.71643174037658,6.309271263896291],[-73.7108444930657,6.324151322602693],[-73.70482470149024,6.337568686721149],[-73.70143128348732,6.344257341030907],[-73.69312395873784,6.356725054013454],[-73.6889948211098,6.362744838265486],[-73.6850753047789,6.366378974222262],[-73.67947911078329,6.370713192462625],[-73.67050742033115,6.380179909211011],[-73.66878618154766,6.384625623065509],[-73.67089093377771,6.385579861938606],[-73.67132788674374,6.38594100781895],[-73.67176492858891,6.386404794845238],[-73.67220187968235,6.386917551545398],[-73.67240701734444,6.387532965124258],[-73.67230444853918,6.388050197015533],[-73.67153302528503,6.389486053492439],[-73.67068579459061,6.39018163062263],[-73.6697850299301,6.390618634557731],[-73.66865244453037,6.391028847494538],[-73.6673682413628,6.391051155289922],[-73.66507627161178,6.396268290095999],[-73.66365821584039,6.401949219259382],[-73.66361806679095,6.405721611747551],[-73.66502273991578,6.408557616732197],[-73.66544192146188,6.409480624222884],[-73.66559793545802,6.4102342633285785],[-73.66577631400875,6.4118038475389305],[-73.66574954825428,6.414407936292137],[-73.66564257501932,6.415794726929286],[-73.66552212901767,6.416347645381924],[-73.66429592899037,6.420570387561287],[-73.65986800300512,6.427624738022132],[-73.65947117538656,6.427923501056433],[-73.65911440711896,6.4280394160050065],[-73.65871757803755,6.428066140750152],[-73.65833853279061,6.428066163088224],[-73.65795508559242,6.4279680457850015],[-73.6521849672823,6.4333948029045755],[-73.65004463140947,6.435726904888643],[-73.64414969953229,6.445492367684928],[-73.64433249832447,6.456020283301915],[-73.65281373385065,6.47003522399318],[-73.65712567310041,6.476594581500531],[-73.65737537745343,6.476951304324017],[-73.6580933206807,6.477312513440778],[-73.6610585710583,6.4776156879604025],[-73.66285110166666,6.477374942915597],[-73.66870148444077,6.477847564734353],[-73.67535445631364,6.4789935381484325],[-73.67576023440797,6.479149597544978],[-73.67598764222971,6.4796044964248445],[-73.67625070570055,6.480540888224966],[-73.67913135870855,6.480086033990592],[-73.68212333633889,6.480781681180501],[-73.68327380891577,6.492228147801923],[-73.68400513248118,6.500736147286628],[-73.69558983416076,6.505239860423163],[-73.71066606426172,6.5114959426694465],[-73.7127797215867,6.5158168581928395],[-73.7147060417578,6.52019566781759],[-73.71710502643508,6.522014959328483],[-73.72475238568896,6.520980487834844],[-73.72584928019812,6.520824354108716],[-73.73262266918843,6.5195981641099605],[-73.73638620320085,6.522255781030678],[-73.7383927461255,6.526710370879955],[-73.7442252365581,6.531258679323061],[-73.74658418627752,6.532146054280027],[-73.74706128798913,6.532239708062107],[-73.7486754707206,6.532542878889586],[-73.75078020043289,6.5327926031295105],[-73.75293392758799,6.532855066973121],[-73.7551723823647,6.5326766805460545],[-73.75726366712595,6.532404654219814],[-73.75859254722815,6.532177279401894],[-73.76020672699275,6.531673389449892],[-73.76173614583753,6.531196241475087],[-73.76476388670147,6.532828271994632],[-73.76355103626643,6.541617162667845],[-73.76135271491422,6.552863061918409],[-73.76391219893662,6.553906431347867],[-73.76583856839171,6.553068151841419],[-73.76990966634382,6.54847975715753],[-73.77727610607974,6.550851951071389],[-73.78099499615439,6.552345807144378],[-73.77965728809481,6.545946979979625],[-73.77985791794494,6.535936269792265],[-73.78192255345938,6.527107272858426],[-73.78334498513735,6.520133252112592],[-73.78490115650698,6.50318866631578],[-73.78429919179484,6.49845305289294],[-73.78385772591415,6.495893550292035],[-73.78143198004184,6.489842557998306],[-73.77928268873447,6.48903097682983],[-73.77559060775407,6.4900744448312695],[-73.7721303364067,6.492905938503399],[-73.7686343655975,6.495461061184735],[-73.76623096806253,6.496156636520932],[-73.7655888183037,6.496272560924057],[-73.76487089728288,6.496388516361601],[-73.76408169290085,6.4964955407265],[-73.76160686927948,6.4967720248973615],[-73.76171388154735,6.495875758648255],[-73.76210180053936,6.490185945613048],[-73.7611342011542,6.486895085670879],[-73.75698724243935,6.483113812768263],[-73.754704187997,6.480086039330487],[-73.75071771336077,6.47277310640488],[-73.74823401606089,6.463382283044527],[-73.72363761653811,6.44175113338746],[-73.69542935290352,6.422755421817261],[-73.69406485297014,6.422492310555318],[-73.69304816254427,6.422287158426914],[-73.6923703960346,6.422024113625222],[-73.69186649263607,6.421738735338879],[-73.68829476868706,6.417489216108954],[-73.68751891559712,6.416468019150702],[-73.68627479634152,6.414795886541487],[-73.68411209607837,6.41180382233598],[-73.68393373357519,6.411179576541912],[-73.68362613422822,6.409957784738478],[-73.68310882741646,6.405208858700408],[-73.6831177186384,6.404785213892205],[-73.68319360834518,6.403460875619685],[-73.68483901596186,6.400763072086388],[-73.68622576066164,6.399813282407034],[-73.6891331249594,6.3987341727884735],[-73.6933469466646,6.397298381520128],[-73.69394002330948,6.397169083035436],[-73.69941575237425,6.388353431839995],[-73.70862826505866,6.373116710100845],[-73.71405941730933,6.359828568042163],[-73.72980006233833,6.340226367579063],[-73.7335011566502,6.334625718647651],[-73.73651100665974,6.329252497530599],[-73.74119305577292,6.319745689025579],[-73.74351181805694,6.314604333309334],[-73.74894301852709,6.297641932710598],[-73.74987054475741,6.291573056664262],[-73.74319524115313,6.28763569169743],[-73.73797811490165,6.287301285407017],[-73.72841774634324,6.290378066005206],[-73.72813688227941,6.290016892606407],[-73.72741891724901,6.287448383215525],[-73.72734313389758,6.2867795470091545],[-73.72901529949995,6.282538977729414],[-73.73356355928313,6.2787888375171645],[-73.73541408037396,6.278222559460103],[-73.7368811068218,6.277143449606242],[-73.73903938237538,6.275114518675585],[-73.7408140748532,6.273188211560076],[-73.74163901511167,6.270361174232174],[-73.74246395198718,6.264706994045529],[-73.74208048425439,6.262802988726891],[-73.74161674859273,6.262080598404877],[-73.74089883160511,6.2615410120747645],[-73.74048851521782,6.261411741719246],[-73.74028344649533,6.261643637613335],[-73.74010064425303,6.262031561459921],[-73.73958779149622,6.2622857125592075],[-73.73917756222103,6.26228572139841],[-73.73696586522993,6.261924521146418],[-73.73560586557588,6.261460748680283],[-73.73365271869488,6.259712787106988],[-73.73142318283224,6.254981703728343],[-73.7318601849386,6.250687629353399],[-73.73183791733825,6.249403346925476],[-73.73114672261717,6.244926441454633],[-73.72981344099182,6.241894243166752],[-73.72819479705603,6.240146258311659],[-73.72604107449988,6.237956834226223],[-73.72894840595886,6.230813386778923],[-73.72933189869678,6.229912662853264],[-73.73969481549877,6.214778452830712],[-73.74629876866018,6.208945967818155],[-73.74753389948238,6.208843402539273],[-73.74915256746627,6.208022927340318],[-73.75614449941477,6.203991861804341],[-73.76475051037478,6.197802690028429],[-73.76838910761658,6.194917649269723],[-73.76959313110113,6.187756329083714],[-73.76986953839267,6.181402077867553],[-73.76899112026446,6.176929584016883],[-73.76775145341405,6.175199433097581],[-73.76310961434078,6.173210742133658],[-73.7590741092257,6.170896468824972],[-73.75762932998606,6.169647888401943],[-73.75487359996816,6.166472972174521],[-73.75476658404965,6.1662545071627815],[-73.75463730299815,6.165982484501221],[-73.7545614401201,6.165813093282428],[-73.7544187819203,6.1654875572720576],[-73.75430287766945,6.165188780746651],[-73.7538390804388,6.16376630252844],[-73.75345563441604,6.1624152321656975],[-73.751243914951,6.157104456786808],[-73.75037888226046,6.155209341350132],[-73.74604908402648,6.154370984901481],[-73.74144283622095,6.1543754484357285],[-73.74022544540892,6.154589529960952],[-73.73919982900988,6.154540468764414],[-73.73664038915666,6.1541747733087275],[-73.73483441387826,6.153117975779665],[-73.73458920439231,6.152953051965808],[-73.7295459575431,6.147165079729553],[-73.72885475496403,6.145965613426385],[-73.72923824788006,6.141283518851337],[-73.73034858640342,6.134113324058645],[-73.73053579717259,6.133163561513565],[-73.73098617977845,6.131018672716551],[-73.73125375110527,6.129805820930947],[-73.73269854034373,6.1239109244538845],[-73.7344019076011,6.120900971081666],[-73.73514211499689,6.120151843085707],[-73.74111727760301,6.11454232357757],[-73.74710142050523,6.108633991258745],[-73.7480645984873,6.102609774972927],[-73.74928194183072,6.093785178747702],[-73.74663320731854,6.088492288312437],[-73.74307035205598,6.077331152426991],[-73.74120203422719,6.069585699797191],[-73.74087647521957,6.06430610870003],[-73.74072042937499,6.061862502691371],[-73.73896800288578,6.0542597637266375],[-73.73562813275977,6.0397943807772565],[-73.7350930013687,6.038247117477014],[-73.73437515090242,6.037457853364363],[-73.7300408779653,6.034224993877555],[-73.72957711457939,6.034010939127692],[-73.72799860507105,6.034367647985884],[-73.72491293348958,6.035121236816724],[-73.72218836254237,6.036088919349792],[-73.72097103502354,6.035620700633951],[-73.71871477983603,6.030952015824676],[-73.72007920349388,6.027259890905337],[-73.72524731787232,6.017677283340293],[-73.73231056458518,6.013664091626753],[-73.74095674271273,6.007965373995501],[-73.74364559544165,6.005200711774614],[-73.74801997708883,6.002404814627785],[-73.75124840395368,6.001401517574217],[-73.7497411707721,5.998458568392614],[-73.74737785880451,5.997883348648486],[-73.73812967357709,5.996188869380178],[-73.72286171920886,5.990619411116568],[-73.71799238134888,5.983007742776148],[-73.7169177134143,5.980925352377663],[-73.71430474153458,5.979342376611832],[-73.71369385492673,5.9790570182225835],[-73.7024390415306,5.976787302346874],[-73.69939348120035,5.977144016484219],[-73.69691867157015,5.977358076246327],[-73.6932621699706,5.977607751795784],[-73.69272710607889,5.977607802795767],[-73.69204484817902,5.977500752169561],[-73.69118423184551,5.977068238111955],[-73.69072055902774,5.976778408907109],[-73.68813868226331,5.975021500061273],[-73.68781761804017,5.974553304957461],[-73.68685002170352,5.971538917566596],[-73.68642199311914,5.969670598070944],[-73.6864576472341,5.969242508888312],[-73.68209217200297,5.9611983029545765],[-73.67625519636799,5.954197531685034],[-73.67207703660833,5.949564471682968],[-73.66912065843215,5.937551676012006],[-73.67017743652153,5.932811682095587],[-73.66812629764384,5.929654637139132],[-73.66750197922165,5.929320196795056],[-73.6631008888444,5.927349242754527],[-73.66340851916316,5.9295253165218655]]]},"id":"0006000000000000066b","properties":{"continent":"America","disp_en":"Velez, Santander, Colombia","gaul0_code":185,"gaul0_name":"Colombia","gaul1_code":1940,"gaul1_name":"Santander","gaul2_code":114379,"gaul2_name":"Velez","iso3_code":"COL","map_code":"COL"}},{"type":"Feature","geometry":{"type":"Polygon","coordinates":[[[-72.86320501253347,7.383161001555437],[-72.86576003654675,7.377060975728075],[-72.8658983157251,7.3761780605069305],[-72.86599639113096,7.375959548463056],[-72.86614801130337,7.375763360338102],[-72.86648244071753,7.375660785633638],[-72.86670094637084,7.37561178869082],[-72.86975991465245,7.375103443336989],[-72.87075876961472,7.375558258507439],[-72.87184676955657,7.376262814532376],[-72.87408071464586,7.376949536261214],[-72.87717095777236,7.377359769587592],[-72.88031461286621,7.377618386841833],[-72.8822677037879,7.377355309651234],[-72.88703444832393,7.376436720268441],[-72.88666877050164,7.3745504678952045],[-72.88635221582311,7.367875250092676],[-72.89519017226519,7.36246190426027],[-72.9063513076061,7.356254827088241],[-72.91023073369578,7.35514451130858],[-72.91966613617186,7.349780174952205],[-72.92169506002801,7.348420167103603],[-72.9221097107158,7.3481347932611145],[-72.9224798405958,7.347889548318615],[-72.9230640083801,7.347390121390063],[-72.92350100676506,7.346854990496251],[-72.92358572073356,7.346654364725509],[-72.9236525906747,7.346453678534578],[-72.92372396665591,7.345423678755603],[-72.92379083655835,7.344353480531178],[-72.92423224954163,7.34240484575184],[-72.92468708971028,7.340937775489777],[-72.9247852312538,7.340688057578236],[-72.92483867286704,7.340572169092124],[-72.92505721559607,7.340121804296298],[-72.92512408512515,7.340005884158632],[-72.92622995301727,7.339122941760843],[-72.92679626786472,7.338908886228907],[-72.93074259069434,7.3386324080347],[-72.93263768561219,7.328581596261938],[-72.93278034205962,7.325076757219586],[-72.93234336066946,7.318771620253876],[-72.93168342623288,7.31594897990907],[-72.93098338726995,7.314950127958805],[-72.92478072521503,7.311213458279039],[-72.9205936772567,7.308582583913075],[-72.91770415682409,7.305831337108656],[-72.91956808264821,7.297541804212798],[-72.92069173035961,7.294687989051799],[-72.92250660672266,7.292400490744421],[-72.9222256974236,7.292418302940038],[-72.92165486563923,7.29236928768941],[-72.9211599153469,7.292266723436864],[-72.92051337822426,7.292070520249886],[-72.91652245529454,7.290545512542863],[-72.91578226663914,7.290148605292764],[-72.91560832692964,7.290023766787384],[-72.91530956490554,7.28980086429418],[-72.91513571497683,7.289626917320941],[-72.91501530873133,7.28947975316667],[-72.91471654596683,7.289056125961723],[-72.9144935776757,7.288735084122054],[-72.91412352555867,7.2879413990755175],[-72.91392732380224,7.287419648223029],[-72.9091070368647,7.280695357791895],[-72.90052321806769,7.271233116567718],[-72.89026288078267,7.263367240882384],[-72.88187083136867,7.256509146752587],[-72.87618546989646,7.263460927270594],[-72.87555674942507,7.267857603859591],[-72.87116007720557,7.276726761170879],[-72.87087910787734,7.277096829677849],[-72.87009875599603,7.277819245987626],[-72.86491287203312,7.282135667640584],[-72.86446693310533,7.2824700500661095],[-72.86336555869035,7.283228092331328],[-72.86279035043427,7.283522381040061],[-72.86146595099213,7.283910355447181],[-72.86027540959367,7.284053044060034],[-72.85902680870755,7.28410652804547],[-72.85025135468236,7.290358180843239],[-72.83958518049668,7.2982374784890185],[-72.83793078402725,7.299766955615085],[-72.83473365873576,7.303267308909811],[-72.83424763576278,7.303833601667591],[-72.83405587684966,7.304234974935335],[-72.83591530987917,7.30564405411912],[-72.8387691175538,7.30934953946915],[-72.84229632533697,7.314780697460925],[-72.84063752983184,7.318472872905138],[-72.84026736446594,7.324461454864593],[-72.83983490314411,7.334115386844318],[-72.83990170616269,7.339756169744915],[-72.83802896088471,7.352428913743217],[-72.83798433504532,7.359229049398603],[-72.83871114921376,7.3601208323439105],[-72.83979027763566,7.361092966531598],[-72.84046362610486,7.361556663734108],[-72.84138218616906,7.361748401333732],[-72.84600179924936,7.361703853847076],[-72.8473261929489,7.361360445931691],[-72.84827591879134,7.360820953121637],[-72.8492747721508,7.360339353086953],[-72.85022007309101,7.3602055759897045],[-72.85135720592923,7.3605890683711825],[-72.8551072545108,7.362270144889967],[-72.85602584936771,7.362782957477071],[-72.85520542443138,7.365181924214701],[-72.85458106666529,7.366287800569752],[-72.85384979257533,7.367580891573125],[-72.85268157043308,7.369221892717554],[-72.85151325252048,7.371433562658842],[-72.85108072105251,7.372267452277642],[-72.85042966869094,7.3736408373849285],[-72.85039847727118,7.374180392493699],[-72.85067045549884,7.3747199668022425],[-72.85096479022802,7.374938408241641],[-72.8579968050412,7.379803302726814],[-72.86320501253347,7.383161001555437]]]},"id":"0006000000000000066c","properties":{"continent":"America","disp_en":"Vetas, Santander, Colombia","gaul0_code":185,"gaul0_name":"Colombia","gaul1_code":1940,"gaul1_name":"Santander","gaul2_code":114380,"gaul2_name":"Vetas","iso3_code":"COL","map_code":"COL"}},{"type":"Feature","geometry":{"type":"Polygon","coordinates":[[[-73.15443331618314,6.599509716341461],[-73.1537199024707,6.600067071098079],[-73.15240002717107,6.601288864171731],[-73.15116927705452,6.602581989783653],[-73.14938121123242,6.605681069554072],[-73.14926083590271,6.608624068471733],[-73.14421311770847,6.613631658585964],[-73.13400173402111,6.621823020418535],[-73.12307251117313,6.620953480798107],[-73.11950078691028,6.625292194080667],[-73.11926441686319,6.636457800911891],[-73.11950078691028,6.63710881431161],[-73.11981288504386,6.638014066394514],[-73.12001359651515,6.638740842209359],[-73.12009823925419,6.6392447096526235],[-73.12018747427807,6.6398957309089015],[-73.12033460843921,6.641692776119278],[-73.12024096124847,6.642696109275448],[-73.1189255743466,6.649242073192562],[-73.11868479145059,6.649643385643598],[-73.11835927490354,6.649955481036891],[-73.11746745624183,6.650432652365325],[-73.1154072734055,6.6506511373110175],[-73.11494352935537,6.650677878618014],[-73.1142657409728,6.6506867843909365],[-73.1134765611642,6.650548556073108],[-73.11281209558966,6.65041036591078],[-73.11212097370584,6.650205236257441],[-73.11154574259177,6.65003131141233],[-73.11114439466733,6.649768254288459],[-73.1106494849729,6.649299985141085],[-73.11065839984037,6.649509620675554],[-73.11080103767304,6.64985743377348],[-73.1114833387538,6.650432639579538],[-73.1125936382659,6.6512709071589],[-73.11391797631255,6.651979935819565],[-73.11530470951108,6.652363450565461],[-73.11612972173,6.652644304234474],[-73.11697688245842,6.652992181827961],[-73.11751644152514,6.653232928349142],[-73.1182076371616,6.653580779974045],[-73.11844842056,6.653817060609274],[-73.12074035245898,6.657397738703495],[-73.12096330425909,6.657915000077773],[-73.12104803669153,6.658570467577627],[-73.12107036786934,6.659493498727042],[-73.120753769193,6.661156773568023],[-73.12066012217397,6.661549167937773],[-73.12023654902411,6.663034071214284],[-73.11976381020688,6.6641666627552025],[-73.11849749567929,6.683483445761836],[-73.11811398909974,6.6864042057168955],[-73.11715085257688,6.687808810061804],[-73.11704378713144,6.688232456599476],[-73.11710618945352,6.6887139698148435],[-73.11729348636413,6.689146543769089],[-73.11745845159302,6.689382850639343],[-73.11852423936371,6.690181019713864],[-73.12383500485086,6.693989147325247],[-73.12693411745515,6.69475607469179],[-73.12765643929983,6.694158537716568],[-73.13016248758943,6.692486386111919],[-73.13098744615539,6.692120791208069],[-73.13601285782467,6.6906626028747125],[-73.13635617692579,6.6907607348395235],[-73.13712312813912,6.691117464874145],[-73.13751551659666,6.691376068154789],[-73.14514948942588,6.700173896435711],[-73.14649614725857,6.703424557222243],[-73.14877924391196,6.710755379081309],[-73.14836895806232,6.718768334606196],[-73.14555978108743,6.72680363171569],[-73.14532343805483,6.730179179967789],[-73.14646940685508,6.730370895625354],[-73.15093744151996,6.73111559016593],[-73.15408111120814,6.73198959707878],[-73.159686165205,6.73357705675092],[-73.1696522438349,6.736555680564631],[-73.17028989587875,6.736823284966168],[-73.17085624605929,6.7373762064409615],[-73.17130664243228,6.738111931025906],[-73.17435658458186,6.744158449653916],[-73.17612239755583,6.749950811595465],[-73.1796406588471,6.756349614698176],[-73.18619550448777,6.759872354595706],[-73.19415504434798,6.762579042297699],[-73.1950780670268,6.762650342004272],[-73.19709800981973,6.764023775977807],[-73.19753503159694,6.764527634758424],[-73.1977981444014,6.765196531304746],[-73.19798096396205,6.7657003909300695],[-73.19843580686197,6.768184101731365],[-73.20364847658996,6.768959964542835],[-73.20671184249655,6.769205231457503],[-73.20858019343085,6.769347932986783],[-73.21006067744791,6.769401481208547],[-73.21116653358386,6.768349084002522],[-73.212950149402,6.764077241002449],[-73.21593328172995,6.755025309505023],[-73.21701687718053,6.747734692018126],[-73.21715062736425,6.746619905715824],[-73.21791757421666,6.742918811795392],[-73.2184526623256,6.741648031442068],[-73.21896992794916,6.740466373526688],[-73.21968781540822,6.739463060689814],[-73.22093637246293,6.737724016987521],[-73.22382588405982,6.733759820543694],[-73.21918846264018,6.731632867348703],[-73.2059671801034,6.7249843185991915],[-73.19658078377218,6.720284420149501],[-73.19165348442448,6.7175064475274],[-73.18713197260945,6.714509943214447],[-73.18220464656117,6.711134365807708],[-73.18067068648406,6.709792153376321],[-73.17944450115449,6.708004112806685],[-73.17935528940771,6.707602790034367],[-73.1792705787255,6.705417775017282],[-73.17929281415738,6.7050834002001265],[-73.18121468537403,6.692548824063653],[-73.18211543590576,6.688268080613655],[-73.1844208583671,6.682605060286871],[-73.18607514874284,6.681896058546917],[-73.18712306074238,6.681182607872113],[-73.18985196598943,6.6786007592934675],[-73.19384286847142,6.672692435903113],[-73.19646484432087,6.666628060045908],[-73.19646484432087,6.665892305944932],[-73.1962686112624,6.66533492094247],[-73.19555514962602,6.664327191811254],[-73.19479712791336,6.6635245587106775],[-73.19430663132441,6.6630786077976225],[-73.19122095208245,6.655935193689005],[-73.191952250816,6.6459199864994565],[-73.18448774317295,6.6411309510953025],[-73.18190145621811,6.6396995776885275],[-73.17619378598273,6.63705978133964],[-73.17311695132243,6.63644888109886],[-73.1696121823377,6.637224747068974],[-73.16641939323546,6.628712342348703],[-73.16340508530674,6.623624531665543],[-73.1632267391474,6.623348009742993],[-73.16295467320627,6.6231250538577795],[-73.16035949701418,6.62161342669688],[-73.15771522444474,6.620191018911287],[-73.15563289773716,6.619584555807845],[-73.155030856962,6.6196202564410385],[-73.15456269195309,6.619620266948076],[-73.15418806921846,6.6195310892273005],[-73.15386260339905,6.619419605975816],[-73.15351030750602,6.61915199157606],[-73.15330071234779,6.618853233366677],[-73.15257388021594,6.617560165463531],[-73.15223499720263,6.616128759449604],[-73.15267201574436,6.6118480087734355],[-73.15384477704191,6.608476973392305],[-73.15515573081176,6.6062206535813],[-73.15825036554548,6.601734788539],[-73.15840197662368,6.601395901000819],[-73.15843762862022,6.601057006973383],[-73.15840197662368,6.600753772755167],[-73.1582147135195,6.600102747219787],[-73.1580273602302,6.599951156268704],[-73.15773755202602,6.5998619931772105],[-73.15443331618314,6.599509716341461]]]},"id":"0006000000000000066d","properties":{"continent":"America","disp_en":"Villanueva, Santander, Colombia","gaul0_code":185,"gaul0_name":"Colombia","gaul1_code":1940,"gaul1_name":"Santander","gaul2_code":114381,"gaul2_name":"Villanueva","iso3_code":"COL","map_code":"COL"}},{"type":"Feature","geometry":{"type":"Polygon","coordinates":[[[-73.22382588405982,6.733759820543694],[-73.22093637246293,6.737724016987521],[-73.21968781540822,6.739463060689814],[-73.21896992794916,6.740466373526688],[-73.2184526623256,6.741648031442068],[-73.21791757421666,6.742918811795392],[-73.21715062736425,6.746619905715824],[-73.21701687718053,6.747734692018126],[-73.21593328172995,6.755025309505023],[-73.212950149402,6.764077241002449],[-73.21116653358386,6.768349084002522],[-73.21006067744791,6.769401481208547],[-73.20858019343085,6.769347932986783],[-73.20671184249655,6.769205231457503],[-73.20364847658996,6.768959964542835],[-73.19843580686197,6.768184101731365],[-73.19943019303172,6.772634328696769],[-73.20061630355823,6.778903747733321],[-73.20099084926358,6.7830195414600505],[-73.2011335203185,6.785124203597169],[-73.20083926679428,6.787135316621373],[-73.19948366130436,6.795455943331344],[-73.19905114402037,6.797275289857484],[-73.1981370490823,6.798996518679146],[-73.19665216571829,6.799995347799963],[-73.19018197089453,6.805007390829582],[-73.18591464430982,6.809783032987042],[-73.18307865705958,6.816141735278104],[-73.17673329451203,6.830196861663846],[-73.17178818655256,6.837219903275103],[-73.17107023621286,6.838464032890212],[-73.16962550616228,6.841857345089181],[-73.16774377824675,6.849032052696593],[-73.16821641733986,6.853673953670466],[-73.1712263399666,6.875345237418982],[-73.17428528559834,6.882247893242052],[-73.17615813678373,6.884330340041342],[-73.1761981971206,6.885953422279781],[-73.17626508436388,6.886702553667726],[-73.17637662307406,6.887326809668556],[-73.17664858284596,6.888339008738013],[-73.17682250729499,6.888655635346043],[-73.1841220819867,6.897475707805563],[-73.18975393661596,6.902501149644176],[-73.19058326916998,6.902068595482746],[-73.19108718644898,6.901908116916455],[-73.19176492550511,6.9018233548705235],[-73.19227325096222,6.901850108376068],[-73.19301354792746,6.901903667861467],[-73.19352187056421,6.902037400190256],[-73.19743250483403,6.903285974615526],[-73.19840898258823,6.903611443960825],[-73.20047804283726,6.904784245351003],[-73.20108896375272,6.905158761265013],[-73.20184696424684,6.9058454386931185],[-73.20237317944934,6.906438543259192],[-73.20279677909119,6.906937916128035],[-73.21459999939485,6.922959471290713],[-73.21711939499338,6.926223597580298],[-73.21813160961375,6.925224758515878],[-73.22134661626015,6.921532594202848],[-73.22431190589005,6.917800359987438],[-73.224762285176,6.9155841518307675],[-73.23382323026627,6.905207785191141],[-73.24225977104425,6.89729291581847],[-73.25428597556787,6.879416349869051],[-73.25788894952919,6.873137988803521],[-73.25827248818432,6.8717913093678735],[-73.2591910164732,6.86834000496557],[-73.2598643195009,6.865481688598369],[-73.26011853990681,6.863341311755505],[-73.26095679026058,6.858498739495469],[-73.26579491319343,6.852403142573067],[-73.26846148690663,6.849794603855602],[-73.26997756727788,6.849259481582315],[-73.27221162523878,6.850583849561775],[-73.27280462269783,6.851310689053009],[-73.27299196997133,6.851596075962315],[-73.27296965387792,6.851961706914799],[-73.27268872286419,6.852581489015907],[-73.27300087841121,6.854922510858671],[-73.27380794558292,6.856799818824046],[-73.2739640676137,6.857116435266614],[-73.27453033524203,6.858106352030014],[-73.27802176200692,6.86181633689136],[-73.2784944379774,6.86224436460399],[-73.27893148013665,6.86256543310477],[-73.27939524597912,6.8628329936776185],[-73.2871540462269,6.867269808471729],[-73.29003909714248,6.867037937598346],[-73.29295533200755,6.866137204019101],[-73.29351714209587,6.866097073791233],[-73.29404332039218,6.86609705730606],[-73.29439566480029,6.8661416123433705],[-73.2946096264768,6.866266528644407],[-73.29651817702626,6.867898554398268],[-73.29796739394324,6.869985379337923],[-73.30254243722206,6.877690721752279],[-73.30214107093362,6.882675951737237],[-73.30604277724754,6.882867698449057],[-73.31275818153033,6.881119762897778],[-73.31759183903527,6.880593605746699],[-73.31801998689374,6.882029426302065],[-73.31842123417994,6.886715925777941],[-73.3185193867114,6.888976713154234],[-73.318572826293,6.892200616583736],[-73.32415566131796,6.905537833483621],[-73.32871288580019,6.913956600806357],[-73.33349752292942,6.925024097036331],[-73.33426892408194,6.927552362555199],[-73.33458108214126,6.9283282725297735],[-73.33490205572657,6.929086279474216],[-73.33553527549402,6.9299870543712325],[-73.33628885769956,6.93099926047204],[-73.33814388047642,6.933103931849843],[-73.33871016259646,6.933509718520186],[-73.33920069935928,6.933786192604815],[-73.34331637898114,6.935021354817929],[-73.34509560014418,6.935534197728207],[-73.35072741083516,6.936403667820331],[-73.35272515380387,6.936519646911736],[-73.35439725659174,6.939208458669636],[-73.35078983776955,6.95143974625692],[-73.34699966283881,6.956853116952748],[-73.34227748125862,6.9673721374112985],[-73.33854518079296,6.9798442711465745],[-73.33849615400615,6.980655812688526],[-73.33877259297375,6.981614499641892],[-73.3413633479186,6.98625641614347],[-73.3505357222547,6.9920131420028415],[-73.36549151127646,6.998242533133513],[-73.3659329670535,6.998376298053293],[-73.37160498220588,6.9995579666756935],[-73.37196610594201,6.999571327521579],[-73.37907395983586,6.999807637951606],[-73.38643142689781,6.9975201648509975],[-73.39217035607136,6.993043163603736],[-73.39772189249024,6.986510629919877],[-73.4119865687279,6.987656617116903],[-73.43266345141659,6.984575354321743],[-73.436386752606,6.9780740022207635],[-73.43617275086413,6.977427397179543],[-73.43617275086413,6.977021649398592],[-73.43642244951437,6.976388444294694],[-73.43775572926884,6.973423137320189],[-73.4384290197964,6.972263754316351],[-73.4413096326782,6.967804665880869],[-73.44431509634371,6.965477062915519],[-73.45061576886953,6.9631270734354],[-73.45242620224464,6.959961164609312],[-73.44995582359867,6.958846362433207],[-73.44032416658717,6.956175315377641],[-73.43487515840509,6.955042748056642],[-73.42938599717449,6.955796350890608],[-73.42796796046017,6.956068365417176],[-73.42591678116682,6.956598990437282],[-73.4232012381187,6.958092765792887],[-73.41726170523049,6.959970027512066],[-73.41462635635709,6.9606879322627835],[-73.41139350007201,6.959796134675568],[-73.40713954465298,6.957116257014249],[-73.39944311044711,6.95414642311035],[-73.39790472589831,6.953820974179376],[-73.39740973533915,6.9537184204508025],[-73.39232639352807,6.955943487385266],[-73.39074344000866,6.96052295402326],[-73.38239598098039,6.955002635859877],[-73.38120985907995,6.95182770291025],[-73.38067480696687,6.951167798886679],[-73.3768087035817,6.94697622146894],[-73.376402976828,6.946597212528905],[-73.37590802693433,6.946289543388341],[-73.375404081695,6.946053166886076],[-73.37500275948211,6.945883713308008],[-73.37298732283365,6.945611713437823],[-73.36600429427793,6.945366473359041],[-73.35989534284813,6.943377737818781],[-73.3574249811382,6.936260969243864],[-73.35952079665877,6.925024090963008],[-73.35533373287991,6.918946330001635],[-73.35164159483016,6.91914251459416],[-73.34959040993479,6.919138047453516],[-73.34455605121944,6.919062281095221],[-73.34277691560726,6.91849147055634],[-73.34100217333749,6.916877269753024],[-73.34032884876669,6.916239605596246],[-73.33969114506216,6.915432553631685],[-73.33531676585426,6.9006639737982125],[-73.33454986635542,6.897774493559855],[-73.33348411896695,6.89186621266427],[-73.33335475719285,6.8898551025713894],[-73.33348852698154,6.888410406497655],[-73.3338274940416,6.887170774778741],[-73.3379119697575,6.873285145538122],[-73.3415283275905,6.857424115931802],[-73.34453374239887,6.843065817131247],[-73.34851574072886,6.8359758224467235],[-73.35264041943476,6.824132465350331],[-73.35343415070275,6.8217780643325145],[-73.35406731662178,6.819784838789816],[-73.35433042309954,6.8183489670378625],[-73.35486545026465,6.815000189355739],[-73.35521328917643,6.812480843935968],[-73.35512414819982,6.811432921228884],[-73.35484323245127,6.809836589549408],[-73.35489225555874,6.807642667057147],[-73.35498139663041,6.804628330182967],[-73.35546748917741,6.801939539125477],[-73.3558108296128,6.801034286357758],[-73.35956541122434,6.792138417811617],[-73.36179046110743,6.788459645120062],[-73.35966795273143,6.782881289157613],[-73.35839706426697,6.783086439194716],[-73.35106185348211,6.782444345950718],[-73.35013435406545,6.782337328745337],[-73.34882338073545,6.782016230443244],[-73.34762834979516,6.781565894332392],[-73.34402990427421,6.779693056508396],[-73.33658320114687,6.7747033305118345],[-73.3364895546347,6.774627539828468],[-73.33607934465554,6.77390068715471],[-73.33599460381379,6.773673270365808],[-73.3359544823422,6.773432461102899],[-73.33594998441892,6.77337451942339],[-73.33592767471806,6.7731470891878685],[-73.3359321726418,6.772892888671588],[-73.335936580607,6.772794795548619],[-73.3359544823422,6.772571847271981],[-73.33632457115242,6.771492771821075],[-73.33679721161317,6.770449344186162],[-73.3379119697575,6.768794964461482],[-73.33807695203977,6.768652278503101],[-73.33860311334885,6.768375825483602],[-73.3393032504595,6.768050361461502],[-73.33974466942558,6.767916569251801],[-73.3406588095509,6.762284731565803],[-73.3406365003315,6.7619591844661215],[-73.34040018438746,6.760287047599725],[-73.33966442785399,6.758191284396964],[-73.33769346249696,6.7566394681522235],[-73.33066594008223,6.751917301273086],[-73.32995695910593,6.751480309294232],[-73.32927469431259,6.751078960079805],[-73.32861923591419,6.750753468129553],[-73.32783890859938,6.750530557190736],[-73.32293836423742,6.74924629572241],[-73.31524191406415,6.748077994326445],[-73.30609630983905,6.743886471803269],[-73.30511526679697,6.743418261010629],[-73.30440188452674,6.74287869601605],[-73.30380879209334,6.741986873560379],[-73.3032380110921,6.741019299935081],[-73.30171298207402,6.7383438276583965],[-73.3005045577636,6.733206955926294],[-73.3002147544755,6.731454511744984],[-73.3002147544755,6.730870314295323],[-73.30045552246227,6.729844766866097],[-73.30059821965739,6.7293140967170935],[-73.29267442642606,6.714121979466953],[-73.2860437090636,6.704717723383843],[-73.28276629229131,6.702381165334075],[-73.2727466727886,6.696508511050174],[-73.26352524520651,6.695251015941816],[-73.25871838928342,6.694586644436899],[-73.25792467570597,6.696798350458431],[-73.25546324566419,6.708240428712642],[-73.24321409405061,6.7150494715883955],[-73.24136799191645,6.715450803919996],[-73.23881737050473,6.716355948025061],[-73.23615980091083,6.717774006863034],[-73.23523676753193,6.718647944769648],[-73.23404166042894,6.719936596759755],[-73.22683578225796,6.727793589623875],[-73.22636758653466,6.7285248486229685],[-73.22594844162631,6.729216002187146],[-73.22548024404361,6.730054365588713],[-73.22382588405982,6.733759820543694]]]},"id":"0006000000000000066e","properties":{"continent":"America","disp_en":"Zapatoca, Santander, Colombia","gaul0_code":185,"gaul0_name":"Colombia","gaul1_code":1940,"gaul1_name":"Santander","gaul2_code":114382,"gaul2_name":"Zapatoca","iso3_code":"COL","map_code":"COL"}}]}